item_code,item,unit,item_group,item_category,unit_kg,unit_kg_note,shelf_life,shelf_life_rule,is_food,footprint_product,footprint_rule,price_median_rm,price_p25_rm,price_p75_rm,price_n_premises,price_n_prices,small_shop_median_rm,small_shop_n_premises,latest_month_median_rm,kg_co2e_per_kg,land_m2_per_kg,water_l_per_kg,price_per_kg_rm,kg_co2e_per_unit,price_months
1,AYAM BERSIH - STANDARD,1kg,BARANGAN SEGAR,AYAM,1.0,,days,group BARANGAN SEGAR,True,Poultry Meat,category AYAM,9.4,8.99,10.2,1227.0,75230.0,9.7,333.0,9.4,9.87,12.22,660.0,9.4,9.87,2026-06 to 2026-08
2,AYAM BERSIH - SUPER,1kg,BARANGAN SEGAR,AYAM,1.0,,days,group BARANGAN SEGAR,True,Poultry Meat,category AYAM,11.9,11.2,12.5,399.0,19325.0,12.0,109.0,11.9,9.87,12.22,660.0,11.9,9.87,2026-06 to 2026-08
3,AYAM HIDUP,1kg,BARANGAN SEGAR,AYAM,1.0,,days,group BARANGAN SEGAR,True,Poultry Meat,category AYAM,,,,,,,,,9.87,12.22,660.0,,9.87,2026-06 to 2026-08
9,DAGING KAMBING BEBIRI IMPORT BERTULANG (MUTTON) (AUSTRALIA - KOTAK),1kg,BARANGAN SEGAR,DAGING,1.0,,days,group BARANGAN SEGAR,True,Lamb & Mutton,category DAGING,33.59,32.0,36.0,281.0,2550.0,33.0,33.0,33.9,39.72,369.81,1802.8,33.59,39.72,2026-06 to 2026-08
10,DAGING KAMBING BEBIRI IMPORT BERTULANG (MUTTON) (NEW ZEALAND - KOTAK),1kg,BARANGAN SEGAR,DAGING,1.0,,days,group BARANGAN SEGAR,True,Lamb & Mutton,category DAGING,35.0,32.5,38.2,25.0,183.0,43.9,1.0,34.25,39.72,369.81,1802.8,35.0,39.72,2026-06 to 2026-08
11,DAGING KAMBING BEBIRI IMPORT TANPA TULANG (MUTTON) (TIDAK TERMASUK PAHA - AUSTRALIA),1kg,BARANGAN SEGAR,DAGING,1.0,,days,group BARANGAN SEGAR,True,Lamb & Mutton,category DAGING,47.59,44.1,50.0,47.0,366.0,44.5,5.0,47.59,39.72,369.81,1802.8,47.59,39.72,2026-06 to 2026-08
12,DAGING KAMBING BEBIRI IMPORT TANPA TULANG (MUTTON) (TIDAK TERMASUK PAHA - NEW ZEALAND),1kg,BARANGAN SEGAR,DAGING,1.0,,days,group BARANGAN SEGAR,True,Lamb & Mutton,category DAGING,45.5,39.5,48.5,8.0,80.0,34.9,1.0,47.0,39.72,369.81,1802.8,45.5,39.72,2026-06 to 2026-08
14,DAGING KERBAU IMPORT (INDIA) * (TOP SIDE),1kg,BARANGAN SEGAR,DAGING,1.0,,days,group BARANGAN SEGAR,True,Beef (beef herd),beef or buffalo,25.35,23.46,27.9,348.0,3475.0,26.0,79.0,25.9,99.48,326.21,1451.2,25.35,99.48,2026-06 to 2026-08
16,BETIK BIASA,1kg,BARANGAN SEGAR,BUAH-BUAHAN,1.0,,days,group BARANGAN SEGAR,True,Other Fruit,category BUAH-BUAHAN,6.49,5.0,7.5,302.0,2629.0,6.9,9.0,6.99,1.05,0.89,153.5,6.49,1.05,2026-06 to 2026-08
18,PISANG BERANGAN,1kg,BARANGAN SEGAR,BUAH-BUAHAN,1.0,,days,group BARANGAN SEGAR,True,Bananas,category BUAH-BUAHAN,7.3,6.5,7.99,265.0,2170.0,6.5,9.0,7.5,0.86,1.93,114.5,7.3,0.86,2026-06 to 2026-08
19,PISANG EMAS,1kg,BARANGAN SEGAR,BUAH-BUAHAN,1.0,,days,group BARANGAN SEGAR,True,Bananas,category BUAH-BUAHAN,7.8,6.49,8.5,136.0,922.0,6.7,5.0,7.9,0.86,1.93,114.5,7.8,0.86,2026-06 to 2026-08
20,TEMBIKAI MERAH BERBIJI,1kg,BARANGAN SEGAR,BUAH-BUAHAN,1.0,,days,group BARANGAN SEGAR,True,Other Fruit,category BUAH-BUAHAN,4.19,3.67,5.7,239.0,2192.0,3.8,5.0,4.29,1.05,0.89,153.5,4.19,1.05,2026-06 to 2026-08
21,TEMBIKAI MERAH TANPA BIJI,1kg,BARANGAN SEGAR,BUAH-BUAHAN,1.0,,days,group BARANGAN SEGAR,True,Other Fruit,category BUAH-BUAHAN,3.99,3.49,4.89,326.0,3281.0,4.05,10.0,3.99,1.05,0.89,153.5,3.99,1.05,2026-06 to 2026-08
22,DRAGON FRUIT MERAH,1kg,BARANGAN SEGAR,BUAH-BUAHAN,1.0,,days,group BARANGAN SEGAR,True,Other Fruit,category BUAH-BUAHAN,7.5,6.2,10.6,316.0,2519.0,7.5,12.0,7.9,1.05,0.89,153.5,7.5,1.05,2026-06 to 2026-08
24,TEMBIKAI SUSU,1kg,BARANGAN SEGAR,BUAH-BUAHAN,1.0,,days,group BARANGAN SEGAR,True,Other Fruit,category BUAH-BUAHAN,6.0,5.29,7.49,312.0,2741.0,6.7,7.0,6.7,1.05,0.89,153.5,6.0,1.05,2026-06 to 2026-08
25,NENAS BIASA (JOSAPINE/MORRIS/SARAWAK),1 biji,BARANGAN SEGAR,BUAH-BUAHAN,,unit is not a weight or volume,days,group BARANGAN SEGAR,True,Other Fruit,category BUAH-BUAHAN,4.49,3.99,5.5,284.0,2919.0,4.5,7.0,4.49,1.05,0.89,153.5,,,2026-06 to 2026-08
26,ANGGUR HIJAU BERBIJI,1kg,BARANGAN SEGAR,BUAH-BUAHAN,1.0,,days,group BARANGAN SEGAR,True,Berries & Grapes,category BUAH-BUAHAN,19.99,13.95,27.95,30.0,61.0,19.0,1.0,13.99,1.53,2.41,419.6,19.99,1.53,2026-06 to 2026-08
27,ANGGUR MERAH BERBIJI,1kg,BARANGAN SEGAR,BUAH-BUAHAN,1.0,,days,group BARANGAN SEGAR,True,Berries & Grapes,category BUAH-BUAHAN,13.98,10.99,16.9,459.0,3277.0,17.15,14.0,12.5,1.53,2.41,419.6,13.98,1.53,2026-06 to 2026-08
31,LAI KUNING (SAIZ M),1 biji,BARANGAN SEGAR,BUAH-BUAHAN,,unit is not a weight or volume,days,group BARANGAN SEGAR,True,Other Fruit,category BUAH-BUAHAN,2.2,1.82,2.94,127.0,916.0,2.7,1.0,2.0,1.05,0.89,153.5,,,2026-06 to 2026-08
38,JAMBU BATU BERBIJI,1kg,BARANGAN SEGAR,BUAH-BUAHAN,1.0,,days,group BARANGAN SEGAR,True,Other Fruit,category BUAH-BUAHAN,7.8,6.9,8.7,245.0,1877.0,7.49,8.0,7.54,1.05,0.89,153.5,7.8,1.05,2026-06 to 2026-08
39,JAMBU BATU TANPA BIJI,1kg,BARANGAN SEGAR,BUAH-BUAHAN,1.0,,days,group BARANGAN SEGAR,True,Other Fruit,category BUAH-BUAHAN,9.99,7.99,11.2,204.0,1479.0,8.49,4.0,10.99,1.05,0.89,153.5,9.99,1.05,2026-06 to 2026-08
43,IKAN BAWAL HITAM (ANTARA 2 HINGGA 5 EKOR SEKILOGRAM),1kg,BARANGAN SEGAR,BAHAN LAUT,1.0,,days,group BARANGAN SEGAR,True,Fish (farmed),approximate: the source has no wild-caught seafood,26.9,24.0,29.9,956.0,8440.0,26.0,228.0,26.99,13.63,8.41,3691.3,26.9,13.63,2026-06 to 2026-08
47,IKAN CENCARU (ANTARA 4 HINGGA 6 EKOR SEKILOGRAM),1kg,BARANGAN SEGAR,BAHAN LAUT,1.0,,days,group BARANGAN SEGAR,True,Fish (farmed),approximate: the source has no wild-caught seafood,10.0,8.99,12.0,1184.0,61760.0,11.5,248.0,10.5,13.63,8.41,3691.3,10.0,13.63,2026-06 to 2026-08
49,IKAN GELAMA (ANTARA 5 HINGGA 10 EKOR SEKILOGRAM),1kg,BARANGAN SEGAR,BAHAN LAUT,1.0,,days,group BARANGAN SEGAR,True,Fish (farmed),approximate: the source has no wild-caught seafood,0.01,0.01,0.01,1.0,1.0,,,,13.63,8.41,3691.3,0.01,13.63,2026-06 to 2026-08
51,IKAN JENAHAK (b	% 1 KILOGRAM SEEKOR),1kg,BARANGAN SEGAR,BAHAN LAUT,1.0,,days,group BARANGAN SEGAR,True,Fish (farmed),approximate: the source has no wild-caught seafood,,,,,,,,,13.63,8.41,3691.3,,13.63,2026-06 to 2026-08
52,KEPALA IKAN JENAHAK,1kg,BARANGAN SEGAR,BAHAN LAUT,1.0,,days,group BARANGAN SEGAR,True,Fish (farmed),approximate: the source has no wild-caught seafood,22.99,20.9,28.0,333.0,2773.0,24.9,4.0,22.99,13.63,8.41,3691.3,22.99,13.63,2026-06 to 2026-08
55,IKAN KEMBUNG KECIL/PELALING (ANTARA 10 HINGGA 18 EKOR SEKILOGRAM),1kg,BARANGAN SEGAR,BAHAN LAUT,1.0,,days,group BARANGAN SEGAR,True,Fish (farmed),approximate: the source has no wild-caught seafood,13.9,11.8,15.9,977.0,35355.0,14.99,219.0,13.99,13.63,8.41,3691.3,13.9,13.63,2026-06 to 2026-08
60,IKAN MERAH (b	% 1 KILOGRAM SEEKOR),1kg,BARANGAN SEGAR,BAHAN LAUT,1.0,,days,group BARANGAN SEGAR,True,Fish (farmed),approximate: the source has no wild-caught seafood,7.0,7.0,7.0,1.0,1.0,,,,13.63,8.41,3691.3,7.0,13.63,2026-06 to 2026-08
64,KEPALA IKAN MERAH,1kg,BARANGAN SEGAR,BAHAN LAUT,1.0,,days,group BARANGAN SEGAR,True,Fish (farmed),approximate: the source has no wild-caught seafood,25.9,23.9,32.8,338.0,2369.0,29.94,2.0,25.9,13.63,8.41,3691.3,25.9,13.63,2026-06 to 2026-08
65,IKAN KERAPU (ANTARA 2 HINGGA 5 EKOR SEKILOGRAM),1kg,BARANGAN SEGAR,BAHAN LAUT,1.0,,days,group BARANGAN SEGAR,True,Fish (farmed),approximate: the source has no wild-caught seafood,,,,,,,,,13.63,8.41,3691.3,,13.63,2026-06 to 2026-08
66,IKAN PARANG (ANTARA 1 HINGGA 3 EKOR SEKILOGRAM),1kg,BARANGAN SEGAR,BAHAN LAUT,1.0,,days,group BARANGAN SEGAR,True,Fish (farmed),approximate: the source has no wild-caught seafood,,,,,,,,,13.63,8.41,3691.3,,13.63,2026-06 to 2026-08
68,IKAN PARI (KEPINGAN),1kg,BARANGAN SEGAR,BAHAN LAUT,1.0,,days,group BARANGAN SEGAR,True,Fish (farmed),approximate: the source has no wild-caught seafood,,,,,,,,,13.63,8.41,3691.3,,13.63,2026-06 to 2026-08
69,IKAN SELAR KUNING (≥ 11 EKOR SEKILOGRAM),1kg,BARANGAN SEGAR,BAHAN LAUT,1.0,,days,group BARANGAN SEGAR,True,Fish (farmed),approximate: the source has no wild-caught seafood,12.9,10.5,14.59,829.0,23364.0,12.99,141.0,12.9,13.63,8.41,3691.3,12.9,13.63,2026-06 to 2026-08
70,IKAN SELAR/PELATA (≤ 7 EKOR SEKILOGRAM),1kg,BARANGAN SEGAR,BAHAN LAUT,1.0,,days,group BARANGAN SEGAR,True,Fish (farmed),approximate: the source has no wild-caught seafood,17.9,15.9,19.97,1191.0,56942.0,18.0,258.0,18.0,13.63,8.41,3691.3,17.9,13.63,2026-06 to 2026-08
71,IKAN SELAYANG/SARDIN  (≥ 13 EKOR SEKILOGRAM),1kg,BARANGAN SEGAR,BAHAN LAUT,1.0,,days,group BARANGAN SEGAR,True,Fish (farmed),approximate: the source has no wild-caught seafood,,,,,,,,,13.63,8.41,3691.3,,13.63,2026-06 to 2026-08
73,IKAN SENANGIN (ANTARA 2 HINGGA 8 EKOR SEKILOGRAM),1kg,BARANGAN SEGAR,BAHAN LAUT,1.0,,days,group BARANGAN SEGAR,True,Fish (farmed),approximate: the source has no wild-caught seafood,,,,,,,,,13.63,8.41,3691.3,,13.63,2026-06 to 2026-08
78,IKAN TAMBAN BELURU (ANTARA 10 HINGGA 19 EKOR SEKILOGRAM),1kg,BARANGAN SEGAR,BAHAN LAUT,1.0,,days,group BARANGAN SEGAR,True,Fish (farmed),approximate: the source has no wild-caught seafood,,,,,,,,,13.63,8.41,3691.3,,13.63,2026-06 to 2026-08
79,IKAN TENGGIRI PAPAN (ANTARA 1 HINGGA 2 EKOR SEKILOGRAM),1kg,BARANGAN SEGAR,BAHAN LAUT,1.0,,days,group BARANGAN SEGAR,True,Fish (farmed),approximate: the source has no wild-caught seafood,,,,,,,,,13.63,8.41,3691.3,,13.63,2026-06 to 2026-08
82,IKAN TENGGIRI BATANG (ANTARA 1 HINGGA 2 EKOR SEKILOGRAM),1kg,BARANGAN SEGAR,BAHAN LAUT,1.0,,days,group BARANGAN SEGAR,True,Fish (farmed),approximate: the source has no wild-caught seafood,,,,,,,,,13.63,8.41,3691.3,,13.63,2026-06 to 2026-08
83,IKAN TONGKOL/AYA/KAYU HITAM (ANTARA 1 HINGGA 2 EKOR SEKILOGRAM),1kg,BARANGAN SEGAR,BAHAN LAUT,1.0,,days,group BARANGAN SEGAR,True,Fish (farmed),approximate: the source has no wild-caught seafood,,,,,,,,,13.63,8.41,3691.3,,13.63,2026-06 to 2026-08
87,IKAN HARUAN (ANTARA 2 HINGGA 5 EKOR SEKILOGRAM),1kg,BARANGAN SEGAR,IKAN DARAT,1.0,,days,group BARANGAN SEGAR,True,Fish (farmed),category IKAN DARAT,,,,,,,,,13.63,8.41,3691.3,,13.63,2026-06 to 2026-08
88,IKAN KELI (ANTARA 2 HINGGA 5 EKOR SEKILOGRAM),1kg,BARANGAN SEGAR,IKAN DARAT,1.0,,days,group BARANGAN SEGAR,True,Fish (farmed),category IKAN DARAT,10.0,8.99,11.99,889.0,50615.0,10.94,148.0,10.0,13.63,8.41,3691.3,10.0,13.63,2026-06 to 2026-08
89,IKAN TILAPIA HITAM (ANTARA 2 HINGGA 5 EKOR SEKILOGRAM),1kg,BARANGAN SEGAR,IKAN DARAT,1.0,,days,group BARANGAN SEGAR,True,Fish (farmed),category IKAN DARAT,,,,,,,,,13.63,8.41,3691.3,,13.63,2026-06 to 2026-08
92,CILI HIJAU,1kg,BARANGAN SEGAR,SAYUR-SAYURAN,1.0,,days,group BARANGAN SEGAR,True,Other Vegetables,category SAYUR-SAYURAN,12.0,9.99,15.0,1364.0,74447.0,13.0,386.0,12.99,0.53,0.38,102.5,12.0,0.53,2026-06 to 2026-08
93,CILI MERAH - KULAI,1kg,BARANGAN SEGAR,SAYUR-SAYURAN,1.0,,days,group BARANGAN SEGAR,True,Other Vegetables,category SAYUR-SAYURAN,16.0,12.99,18.0,846.0,35167.0,16.0,248.0,16.0,0.53,0.38,102.5,16.0,0.53,2026-06 to 2026-08
94,CILI MERAH - MINYAK,1kg,BARANGAN SEGAR,SAYUR-SAYURAN,1.0,,days,group BARANGAN SEGAR,True,Other Vegetables,category SAYUR-SAYURAN,13.99,11.0,17.9,1243.0,61925.0,15.49,360.0,13.99,0.53,0.38,102.5,13.99,0.53,2026-06 to 2026-08
95,HALIA BASAH (TUA),1kg,BARANGAN SEGAR,SAYUR-SAYURAN,1.0,,days,group BARANGAN SEGAR,True,Other Vegetables,category SAYUR-SAYURAN,8.99,6.99,10.0,1913.0,99927.0,9.75,786.0,8.9,0.53,0.38,102.5,8.99,0.53,2026-06 to 2026-08
96,KACANG BENDI,1kg,BARANGAN SEGAR,SAYUR-SAYURAN,1.0,,days,group BARANGAN SEGAR,True,Other Vegetables,category SAYUR-SAYURAN,8.0,6.9,10.0,1634.0,84595.0,9.5,580.0,9.5,0.53,0.38,102.5,8.0,0.53,2026-06 to 2026-08
97,KACANG BUNCIS,1kg,BARANGAN SEGAR,SAYUR-SAYURAN,1.0,,days,group BARANGAN SEGAR,True,Other Vegetables,category SAYUR-SAYURAN,11.9,9.75,14.0,1559.0,79714.0,12.99,512.0,12.0,0.53,0.38,102.5,11.9,0.53,2026-06 to 2026-08
98,KACANG PANJANG,1kg,BARANGAN SEGAR,SAYUR-SAYURAN,1.0,,days,group BARANGAN SEGAR,True,Other Vegetables,category SAYUR-SAYURAN,8.5,7.59,10.0,1585.0,82551.0,9.9,536.0,8.0,0.53,0.38,102.5,8.5,0.53,2026-06 to 2026-08
101,KELAPA BIJI,1 biji,BARANGAN SEGAR,KELAPA,,unit is not a weight or volume,days,group BARANGAN SEGAR,True,,"no per-kg factor in the source (processed, dried or concentrated)",3.49,3.0,3.59,404.0,4368.0,3.0,139.0,3.44,,,,,,2026-06 to 2026-08
102,KELAPA PARUT (BIASA),1kg,BARANGAN SEGAR,KELAPA,1.0,,days,group BARANGAN SEGAR,True,,"no per-kg factor in the source (processed, dried or concentrated)",12.0,10.0,13.2,281.0,2944.0,12.0,28.0,12.0,,,,12.0,,2026-06 to 2026-08
103,SANTAN KELAPA SEGAR (BIASA),1kg,BARANGAN SEGAR,KELAPA,1.0,,days,group BARANGAN SEGAR,True,,"no per-kg factor in the source (processed, dried or concentrated)",10.36,8.27,13.27,404.0,4253.0,10.0,55.0,10.36,,,,10.36,,2026-06 to 2026-08
104,KUBIS BULAT IMPORT (CHINA),1kg,BARANGAN SEGAR,SAYUR-SAYURAN,1.0,,days,group BARANGAN SEGAR,True,Brassicas,category SAYUR-SAYURAN,2.99,2.2,4.0,1333.0,73083.0,3.5,397.0,2.99,0.51,0.55,119.4,2.99,0.51,2026-06 to 2026-08
105,KUBIS BULAT (TEMPATAN),1kg,BARANGAN SEGAR,SAYUR-SAYURAN,1.0,,days,group BARANGAN SEGAR,True,Brassicas,category SAYUR-SAYURAN,4.99,3.99,6.0,813.0,41804.0,5.0,173.0,4.9,0.51,0.55,119.4,4.99,0.51,2026-06 to 2026-08
108,KUNYIT HIDUP,1kg,BARANGAN SEGAR,SAYUR-SAYURAN,1.0,,days,group BARANGAN SEGAR,True,Other Vegetables,category SAYUR-SAYURAN,10.0,8.0,12.0,1527.0,87453.0,10.99,475.0,10.0,0.53,0.38,102.5,10.0,0.53,2026-06 to 2026-08
109,LOBAK MERAH,1kg,BARANGAN SEGAR,SAYUR-SAYURAN,1.0,,days,group BARANGAN SEGAR,True,Root Vegetables,category SAYUR-SAYURAN,3.99,2.6,5.0,1679.0,96855.0,4.5,554.0,3.99,0.43,0.33,28.4,3.99,0.43,2026-06 to 2026-08
112,TERUNG PANJANG,1kg,BARANGAN SEGAR,SAYUR-SAYURAN,1.0,,days,group BARANGAN SEGAR,True,Other Vegetables,category SAYUR-SAYURAN,8.39,8.39,8.39,1.0,1.0,,,,0.53,0.38,102.5,8.39,0.53,2026-06 to 2026-08
113,TIMUN,1kg,BARANGAN SEGAR,SAYUR-SAYURAN,1.0,,days,group BARANGAN SEGAR,True,Other Vegetables,category SAYUR-SAYURAN,4.0,3.39,5.0,1662.0,95996.0,4.7,549.0,4.0,0.53,0.38,102.5,4.0,0.53,2026-06 to 2026-08
114,TOMATO,1kg,BARANGAN SEGAR,SAYUR-SAYURAN,1.0,,days,group BARANGAN SEGAR,True,Tomatoes,category SAYUR-SAYURAN,8.9,7.94,9.99,1679.0,93074.0,9.0,564.0,9.49,2.09,0.8,369.8,8.9,2.09,2026-06 to 2026-08
118,TELUR AYAM GRED A (BERAT 65.0 GM HINGGA 69.9 GM SEBIJI),10 biji,BARANGAN SEGAR,TELUR,0.6745,eggs: count x middle of the grade weight,weeks,category TELUR,True,Eggs,category TELUR,4.95,4.75,9.25,7.0,11.0,,,4.95,4.67,6.27,577.7,7.34,3.15,2026-06 to 2026-08
119,TELUR AYAM GRED B (BERAT 60.0 GM HINGGA 64.9 GM),10 biji,BARANGAN SEGAR,TELUR,0.6245,eggs: count x middle of the grade weight,weeks,category TELUR,True,Eggs,category TELUR,4.5,4.45,11.8,8.0,18.0,9.14,2.0,9.25,4.67,6.27,577.7,7.21,2.916,2026-06 to 2026-08
120,TELUR AYAM GRED C (BERAT 55.0 GM HINGGA 59.9 GM SEBIJI),10 biji,BARANGAN SEGAR,TELUR,0.5745,eggs: count x middle of the grade weight,weeks,category TELUR,True,Eggs,category TELUR,4.4,4.21,9.34,6.0,18.0,,,4.4,4.67,6.27,577.7,7.66,2.683,2026-06 to 2026-08
124,TELUR PUYUH,15 Biji,BARANGAN SEGAR,TELUR,,unit is not a weight or volume,weeks,category TELUR,True,Eggs,category TELUR,,,,,,,,,4.67,6.27,577.7,,,2026-06 to 2026-08
125,TELUR ITIK,10 biji,BARANGAN SEGAR,TELUR,,unit is not a weight or volume,weeks,category TELUR,True,Eggs,category TELUR,,,,,,,,,4.67,6.27,577.7,,,2026-06 to 2026-08
129,BAWANG BESAR KUNING/HOLLAND,1kg,BARANGAN KERING,BAWANG,1.0,,weeks,category BAWANG,True,Onions & Leeks,category BAWANG,3.99,2.99,4.5,1923.0,100037.0,4.0,805.0,3.99,0.5,0.39,14.3,3.99,0.5,2026-06 to 2026-08
131,BAWANG KECIL MERAH ROSE IMPORT (INDIA),1kg,BARANGAN KERING,BAWANG,1.0,,weeks,category BAWANG,True,Onions & Leeks,category BAWANG,5.9,3.9,7.96,1306.0,63063.0,6.0,461.0,5.9,0.5,0.39,14.3,5.9,0.5,2026-06 to 2026-08
132,BAWANG KECIL MERAH IMPORT (THAILAND),1kg,BARANGAN KERING,BAWANG,1.0,,weeks,category BAWANG,True,Onions & Leeks,category BAWANG,11.98,9.9,13.39,518.0,20074.0,12.0,156.0,12.0,0.5,0.39,14.3,11.98,0.5,2026-06 to 2026-08
148,IKAN BILIS GRED B (KOPEK),1kg,BARANGAN KERING,HASIL LAUT KERING,1.0,,months,"packaged, dry or long-life food",True,,"no per-kg factor in the source (processed, dried or concentrated)",,,,,,,,,,,,,,2026-06 to 2026-08
152,KACANG HIJAU (IMPORT),1kg,BARANGAN KERING,KACANG,1.0,,months,"packaged, dry or long-life food",True,Other Pulses,soybeans counted as pulses,7.99,7.99,7.99,1.0,1.0,,,,1.79,15.57,435.7,7.99,1.79,2026-06 to 2026-08
154,SERBUK KUNYIT (TIDAK BERBUNGKUS),100 g,BARANGAN BERBUNGKUS,REMPAH RATUS (TIDAK BERBUNGKUS),0.1,,months,"packaged, dry or long-life food",True,,"no per-kg factor in the source (processed, dried or concentrated)",,,,,,,,,,,,,,2026-06 to 2026-08
155,SERBUK CILI  (TIDAK BERBUNGKUS),100 g,BARANGAN BERBUNGKUS,REMPAH RATUS (TIDAK BERBUNGKUS),0.1,,months,"packaged, dry or long-life food",True,,"no per-kg factor in the source (processed, dried or concentrated)",,,,,,,,,,,,,,2026-06 to 2026-08
160,UBI KENTANG RUSSET,1kg,BARANGAN KERING,UBI KENTANG,1.0,,weeks,category UBI KENTANG,True,Potatoes,category UBI KENTANG,,,,,,,,,0.46,0.88,59.1,,0.46,2026-06 to 2026-08
171,KORDIAL SUNQUICK (OREN),840 ml,MINUMAN,BAHAN-BAHAN MINUMAN,0.84,volume read as 1 kg per litre,months,"packaged, dry or long-life food",True,,"no per-kg factor in the source (processed, dried or concentrated)",,,,,,,,,,,,,,2026-06 to 2026-08
180,TEH BOH (UNCANG),100 beg,MINUMAN,BAHAN-BAHAN MINUMAN,,unit is not a weight or volume,months,"packaged, dry or long-life food",True,,"no per-kg factor in the source (processed, dried or concentrated)",14.3,13.5,14.8,1132.0,3045.0,14.15,440.0,14.3,,,,,,2026-06 to 2026-08
190,SARDIN CAP AYAM (SOS TOMATO),155 g,BARANGAN BERBUNGKUS,IKAN DALAM TIN,0.155,,months,"packaged, dry or long-life food",True,Fish (farmed),approximate: canned fish,,,,,,,,,13.63,8.41,3691.3,,2.113,2026-06 to 2026-08
191,SARDIN CAP AYAM (SOS TOMATO),425 g,BARANGAN BERBUNGKUS,IKAN DALAM TIN,0.425,,months,"packaged, dry or long-life food",True,Fish (farmed),approximate: canned fish,10.45,9.9,10.8,1828.0,19675.0,10.5,886.0,10.5,13.63,8.41,3691.3,24.59,5.793,2026-06 to 2026-08
192,SARDIN CAP KING CUP (SOS TOMATO),155 g,BARANGAN BERBUNGKUS,IKAN DALAM TIN,0.155,,months,"packaged, dry or long-life food",True,Fish (farmed),approximate: canned fish,,,,,,,,,13.63,8.41,3691.3,,2.113,2026-06 to 2026-08
193,SARDIN CAP KING CUP (SOS TOMATO),425 g,BARANGAN BERBUNGKUS,IKAN DALAM TIN,0.425,,months,"packaged, dry or long-life food",True,Fish (farmed),approximate: canned fish,9.35,8.9,9.8,1099.0,13160.0,9.5,403.0,9.3,13.63,8.41,3691.3,22.0,5.793,2026-06 to 2026-08
195,MACKAREL CAP AYAM (SOS TOMATO),425 g,BARANGAN BERBUNGKUS,IKAN DALAM TIN,0.425,,months,"packaged, dry or long-life food",True,Fish (farmed),approximate: canned fish,,,,,,,,,13.63,8.41,3691.3,,5.793,2026-06 to 2026-08
197,MACKAREL CAP KING CUP (SOS TOMATO),425 g,BARANGAN BERBUNGKUS,IKAN DALAM TIN,0.425,,months,"packaged, dry or long-life food",True,Fish (farmed),approximate: canned fish,,,,,,,,,13.63,8.41,3691.3,,5.793,2026-06 to 2026-08
199,TUNA CAP TC BOY (SANDWICH DELITE),150 g,BARANGAN BERBUNGKUS,IKAN DALAM TIN,0.15,,months,"packaged, dry or long-life food",True,Fish (farmed),approximate: canned fish,,,,,,,,,13.63,8.41,3691.3,,2.045,2026-06 to 2026-08
201,JEM STRAWBERI LADY'S CHOICE,400 g,BARANGAN BERBUNGKUS,SAPUAN (SPREADS),0.4,,months,"packaged, dry or long-life food",True,,"no per-kg factor in the source (processed, dried or concentrated)",9.35,9.29,9.6,529.0,5948.0,9.35,19.0,9.35,,,,23.37,,2026-06 to 2026-08
202,SERI KAYA YEO'S,480 g,BARANGAN BERBUNGKUS,SAPUAN (SPREADS),0.48,,months,"packaged, dry or long-life food",True,,"no per-kg factor in the source (processed, dried or concentrated)",,,,,,,,,,,,,,2026-06 to 2026-08
203,MAINLAND CHESDALE CHEDDAR CHEESE SPREAD 12 CHEDDAR,250 g,BARANGAN BERBUNGKUS,SAPUAN (SPREADS),0.25,,months,"packaged, dry or long-life food",True,Cheese,category SAPUAN (SPREADS),12.6,11.75,13.5,753.0,8821.0,12.6,19.0,12.6,23.88,87.79,5605.2,50.4,5.97,2026-06 to 2026-08
204,KRAFT HI - CALCIUM SINGLES PROCESSED CHEESE 12 SLICES,250 g,BARANGAN BERBUNGKUS,SAPUAN (SPREADS),0.25,,months,"packaged, dry or long-life food",True,Cheese,category SAPUAN (SPREADS),,,,,,,,,23.88,87.79,5605.2,,5.97,2026-06 to 2026-08
205,MARJERIN DAISY,480 g,BARANGAN BERBUNGKUS,SAPUAN (SPREADS),0.48,,months,"packaged, dry or long-life food",True,,"no per-kg factor in the source (processed, dried or concentrated)",9.5,9.2,9.89,1191.0,13613.0,9.6,462.0,9.5,,,,19.79,,2026-06 to 2026-08
206,MARJERIN PLANTA,480 g,BARANGAN BERBUNGKUS,SAPUAN (SPREADS),0.48,,months,"packaged, dry or long-life food",True,,"no per-kg factor in the source (processed, dried or concentrated)",11.4,10.35,12.25,1248.0,15078.0,11.5,635.0,11.5,,,,23.75,,2026-06 to 2026-08
212,KICAP TAMIN (DARK SOY SAUCE),330 ml,BARANGAN BERBUNGKUS,KICAP DAN SOS,0.33,volume read as 1 kg per litre,months,"packaged, dry or long-life food",True,,"no per-kg factor in the source (processed, dried or concentrated)",,,,,,,,,,,,,,2026-06 to 2026-08
214,KICAP LEMAK MANIS CAP KIPAS UDANG,345ml,BARANGAN BERBUNGKUS,KICAP DAN SOS,0.345,volume read as 1 kg per litre,months,"packaged, dry or long-life food",True,,"no per-kg factor in the source (processed, dried or concentrated)",6.9,6.3,7.3,1823.0,22205.0,6.9,877.0,6.9,,,,20.0,,2026-06 to 2026-08
215,KICAP LEMAK MANIS CAP JALEN,650 ml,BARANGAN BERBUNGKUS,KICAP DAN SOS,0.65,volume read as 1 kg per litre,months,"packaged, dry or long-life food",True,,"no per-kg factor in the source (processed, dried or concentrated)",,,,,,,,,,,,,,2026-06 to 2026-08
217,SOS TOMATO MAGGI,325 g,BARANGAN BERBUNGKUS,KICAP DAN SOS,0.325,,months,"packaged, dry or long-life food",True,,"no per-kg factor in the source (processed, dried or concentrated)",4.2,4.05,4.4,1703.0,20715.0,4.2,754.0,4.2,,,,12.92,,2026-06 to 2026-08
218,SOS CILI LIFE,340 g,BARANGAN BERBUNGKUS,KICAP DAN SOS,0.34,,months,"packaged, dry or long-life food",True,,"no per-kg factor in the source (processed, dried or concentrated)",4.5,4.35,4.9,1492.0,16249.0,4.5,668.0,4.5,,,,13.24,,2026-06 to 2026-08
221,DRINHO SOYA (KOTAK),250 ml,MINUMAN,TERSEDIA MINUM,0.25,volume read as 1 kg per litre,months,"packaged, dry or long-life food",True,Soy milk,category TERSEDIA MINUM,1.05,1.0,1.2,44.0,389.0,1.2,1.0,1.05,0.98,0.66,27.8,4.2,0.245,2026-06 to 2026-08
224,SUSU SEGAR DUTCH LADY,1 liter,MINUMAN,TERSEDIA MINUM,1.0,volume read as 1 kg per litre,days,chilled or fresh product in its name,True,Milk,liquid milk drinks,8.49,7.99,9.22,713.0,1752.0,7.99,194.0,8.49,3.15,8.95,628.2,8.49,3.15,2026-06 to 2026-08
225,SUSU MARIGOLD HL,1 liter,MINUMAN,TERSEDIA MINUM,1.0,volume read as 1 kg per litre,months,"packaged, dry or long-life food",True,Milk,liquid milk drinks,,,,,,,,,3.15,8.95,628.2,,3.15,2026-06 to 2026-08
226,YEO'S LAICI (KOTAK),250 ml,MINUMAN,TERSEDIA MINUM,0.25,volume read as 1 kg per litre,months,"packaged, dry or long-life food",True,,"no per-kg factor in the source (processed, dried or concentrated)",1.2,1.0,1.39,57.0,509.0,1.2,6.0,1.2,,,,4.8,,2026-06 to 2026-08
228,COCA COLA (BOTOL),1.5 liter,MINUMAN,TERSEDIA MINUM,1.5,volume read as 1 kg per litre,months,"packaged, dry or long-life food",True,,"no per-kg factor in the source (processed, dried or concentrated)",3.89,3.49,4.2,641.0,7031.0,3.8,15.0,3.9,,,,2.59,,2026-06 to 2026-08
229,F&N OREN (TIN),325 ml,MINUMAN,TERSEDIA MINUM,0.325,volume read as 1 kg per litre,months,"packaged, dry or long-life food",True,,"no per-kg factor in the source (processed, dried or concentrated)",1.7,1.6,1.8,566.0,6221.0,1.7,17.0,1.7,,,,5.23,,2026-06 to 2026-08
230,F&N OREN (BOTOL),1.5 liter,MINUMAN,TERSEDIA MINUM,1.5,volume read as 1 kg per litre,months,"packaged, dry or long-life food",True,,"no per-kg factor in the source (processed, dried or concentrated)",3.39,3.1,3.79,638.0,7297.0,3.8,15.0,3.49,,,,2.26,,2026-06 to 2026-08
232,MIRINDA OREN (BOTOL),1.5 liter,MINUMAN,TERSEDIA MINUM,1.5,volume read as 1 kg per litre,months,"packaged, dry or long-life food",True,,"no per-kg factor in the source (processed, dried or concentrated)",2.7,2.45,3.49,699.0,7801.0,3.35,20.0,2.74,,,,1.8,,2026-06 to 2026-08
235,JUS OREN PEEL FRESH (MARIGOLD),1 liter,MINUMAN,TERSEDIA MINUM,1.0,volume read as 1 kg per litre,months,"packaged, dry or long-life food",True,,"no per-kg factor in the source (processed, dried or concentrated)",6.89,6.55,6.99,734.0,8514.0,6.85,16.0,6.88,,,,6.89,,2026-06 to 2026-08
236,JUS OREN SUNKIST,1 liter,MINUMAN,TERSEDIA MINUM,1.0,volume read as 1 kg per litre,months,"packaged, dry or long-life food",True,,"no per-kg factor in the source (processed, dried or concentrated)",,,,,,,,,,,,,,2026-06 to 2026-08
239,RED BULL (BOTOL),150 ml,MINUMAN,TERSEDIA MINUM,0.15,volume read as 1 kg per litre,months,"packaged, dry or long-life food",True,,"no per-kg factor in the source (processed, dried or concentrated)",2.5,2.3,2.6,544.0,5617.0,2.5,13.0,2.5,,,,16.67,,2026-06 to 2026-08
240,LIVITA WITH HONEY (BOTOL),150 ml,MINUMAN,TERSEDIA MINUM,0.15,volume read as 1 kg per litre,months,"packaged, dry or long-life food",True,,"no per-kg factor in the source (processed, dried or concentrated)",2.2,2.1,2.25,243.0,2275.0,2.2,7.0,2.2,,,,14.67,,2026-06 to 2026-08
246,MINYAK JAGUNG CAP MAZOLA,1kg,BARANGAN BERBUNGKUS,MINYAK DAN LEMAK,1.0,,months,"packaged, dry or long-life food",True,,"no per-kg factor in the source (processed, dried or concentrated)",18.9,18.44,19.2,427.0,5023.0,18.84,8.0,18.9,,,,18.9,,2026-06 to 2026-08
254,MINYAK MASAK SEBATIAN CAP RED EAGLE,5 kg,BARANGAN BERBUNGKUS,MINYAK DAN LEMAK,5.0,,months,"packaged, dry or long-life food",True,Palm Oil,Malaysian cooking oil is palm olein,36.85,32.99,38.5,1054.0,12018.0,35.99,402.0,36.85,7.32,,,7.37,36.6,2026-06 to 2026-08
257,MINYAK MASAK SEBATIAN CAP NEPTUNE,5 kg,BARANGAN BERBUNGKUS,MINYAK DAN LEMAK,5.0,,months,"packaged, dry or long-life food",True,Palm Oil,Malaysian cooking oil is palm olein,,,,,,,,,7.32,,,,36.6,2026-06 to 2026-08
260,MINYAK MASAK SEBATIAN CAP KNIFE,5 kg,BARANGAN BERBUNGKUS,MINYAK DAN LEMAK,5.0,,months,"packaged, dry or long-life food",True,Palm Oil,Malaysian cooking oil is palm olein,35.61,32.99,36.9,1247.0,14246.0,35.9,487.0,35.49,7.32,,,7.12,36.6,2026-06 to 2026-08
263,MINYAK MASAK TULEN CAP BURUH,5 kg,BARANGAN BERBUNGKUS,MINYAK DAN LEMAK,5.0,,months,"packaged, dry or long-life food",True,Palm Oil,Malaysian cooking oil is palm olein,30.9,30.45,30.9,1542.0,16096.0,30.9,705.0,30.9,7.32,,,6.18,36.6,2026-06 to 2026-08
266,MINYAK MASAK TULEN CAP SERI MURNI,5 kg,BARANGAN BERBUNGKUS,MINYAK DAN LEMAK,5.0,,months,"packaged, dry or long-life food",True,Palm Oil,Malaysian cooking oil is palm olein,30.9,30.5,30.9,1468.0,14917.0,30.9,671.0,30.9,7.32,,,6.18,36.6,2026-06 to 2026-08
267,MINYAK MASAK TULEN CAP VESAWIT,1kg,BARANGAN BERBUNGKUS,MINYAK DAN LEMAK,1.0,,months,"packaged, dry or long-life food",True,Palm Oil,Malaysian cooking oil is palm olein,6.9,6.9,6.9,889.0,7709.0,6.9,338.0,6.9,7.32,,,6.9,7.32,2026-06 to 2026-08
271,MINYAK SAPI CAP QBB,400 g,BARANGAN BERBUNGKUS,MINYAK DAN LEMAK,0.4,,months,"packaged, dry or long-life food",True,,"no per-kg factor in the source (processed, dried or concentrated)",35.4,33.9,35.9,239.0,2399.0,35.8,3.0,35.4,,,,88.5,,2026-06 to 2026-08
272,ROTI SANDWICH GARDENIA ORIGINAL CLASSIC,400 g,BARANGAN BERBUNGKUS,ROTI,0.4,,days,chilled or fresh product in its name,True,,"no per-kg factor in the source (processed, dried or concentrated)",,,,,,,,,,,,,,2026-06 to 2026-08
292,UBAT GIGI COLGATE (PUDINA SEGAR),250 g,PRODUK KEBERSIHAN,PENJAGAAN DIRI,0.25,,non-food,PRODUK KEBERSIHAN / PENJAGAAN DIRI,False,,not food,14.3,12.8,14.99,737.0,8375.0,14.24,24.0,13.99,,,,57.2,,2026-06 to 2026-08
293,UBAT GIGI DARLIE DOUBLE ACTION (PUDINA ASLI),250 g,PRODUK KEBERSIHAN,PENJAGAAN DIRI,0.25,,non-food,PRODUK KEBERSIHAN / PENJAGAAN DIRI,False,,not food,14.6,13.5,15.29,726.0,8503.0,14.3,19.0,14.6,,,,58.4,,2026-06 to 2026-08
295,UBAT GIGI FRESH & WHITE (PUDINA SEGAR),160 g,PRODUK KEBERSIHAN,PENJAGAAN DIRI,0.16,,non-food,PRODUK KEBERSIHAN / PENJAGAAN DIRI,False,,not food,6.5,6.39,6.9,559.0,5753.0,6.5,23.0,6.5,,,,40.62,,2026-06 to 2026-08
299,LACTOGEN 1 RUMUSAN BAYI (KOTAK),650g,SUSU DAN BARANGAN BAYI,SUSU BAYI,0.65,,months,"packaged, dry or long-life food",True,,"no per-kg factor in the source (processed, dried or concentrated)",28.5,27.95,29.9,1381.0,16340.0,28.9,659.0,28.5,,,,43.85,,2026-06 to 2026-08
300,LACTOGEN 2 RUMUSAN SUSULAN (KOTAK),650g,SUSU DAN BARANGAN BAYI,SUSU BAYI,0.65,,months,"packaged, dry or long-life food",True,,"no per-kg factor in the source (processed, dried or concentrated)",28.5,27.95,29.9,1393.0,16383.0,28.9,661.0,28.5,,,,43.85,,2026-06 to 2026-08
303,ENFAGROW A+ MIND PRO LANGKAH 3 VANILLA (KOTAK),600 g,SUSU DAN BARANGAN BAYI,SUSU BAYI,0.6,,months,"packaged, dry or long-life food",True,,"no per-kg factor in the source (processed, dried or concentrated)",,,,,,,,,,,,,,2026-06 to 2026-08
320,SUSU SEJAT PENUH KRIM CAP IDEAL,390g,BARANGAN BERBUNGKUS,KRIMER DAN SUSU TEPUNG,0.39,,months,"packaged, dry or long-life food",True,,"no per-kg factor in the source (processed, dried or concentrated)",,,,,,,,,,,,,,2026-06 to 2026-08
327,SUSU TEPUNG ISIAN KURANG LEMAK 'OMEGA PLUS',1kg,BARANGAN BERBUNGKUS,KRIMER DAN SUSU TEPUNG,1.0,,months,"packaged, dry or long-life food",True,,"no per-kg factor in the source (processed, dried or concentrated)",,,,,,,,,,,,,,2026-06 to 2026-08
332,SUSU TEPUNG SEGERA FERNLEAF (INSTANT),550 g,BARANGAN BERBUNGKUS,KRIMER DAN SUSU TEPUNG,0.55,,months,"packaged, dry or long-life food",True,,"no per-kg factor in the source (processed, dried or concentrated)",,,,,,,,,,,,,,2026-06 to 2026-08
334,SUSU ANLENE ACTIFIT 3X PERISA ASLI,600 g,BARANGAN BERBUNGKUS,KRIMER DAN SUSU TEPUNG,0.6,,months,"packaged, dry or long-life food",True,,"no per-kg factor in the source (processed, dried or concentrated)",,,,,,,,,,,,,,2026-06 to 2026-08
335,SUSU ANLENE GOLD 5X,600 g,BARANGAN BERBUNGKUS,KRIMER DAN SUSU TEPUNG,0.6,,months,"packaged, dry or long-life food",True,,"no per-kg factor in the source (processed, dried or concentrated)",,,,,,,,,,,,,,2026-06 to 2026-08
336,ANMUM MATERNA (BIASA/COKLAT),650g,BARANGAN BERBUNGKUS,KRIMER DAN SUSU TEPUNG,0.65,,months,"packaged, dry or long-life food",True,,"no per-kg factor in the source (processed, dried or concentrated)",,,,,,,,,,,,,,2026-06 to 2026-08
343,KULIT KAYU MANIS,100 g,BARANGAN BERBUNGKUS,REMPAH RATUS (TIDAK BERBUNGKUS),0.1,,months,"packaged, dry or long-life food",True,,"no per-kg factor in the source (processed, dried or concentrated)",,,,,,,,,,,,,,2026-06 to 2026-08
344,SUSU TEPUNG SEGERA EVERYDAY,550 g,BARANGAN BERBUNGKUS,KRIMER DAN SUSU TEPUNG,0.55,,months,"packaged, dry or long-life food",True,,"no per-kg factor in the source (processed, dried or concentrated)",,,,,,,,,,,,,,2026-06 to 2026-08
345,SUSU TEPUNG ISIAN KURANG LEMAK 'OMEGA PLUS',600 g,BARANGAN BERBUNGKUS,KRIMER DAN SUSU TEPUNG,0.6,,months,"packaged, dry or long-life food",True,,"no per-kg factor in the source (processed, dried or concentrated)",,,,,,,,,,,,,,2026-06 to 2026-08
346,REMPAH KURMA (TIDAK BERBUNGKUS),100 g,BARANGAN BERBUNGKUS,REMPAH RATUS (TIDAK BERBUNGKUS),0.1,,months,"packaged, dry or long-life food",True,,"no per-kg factor in the source (processed, dried or concentrated)",,,,,,,,,,,,,,2026-06 to 2026-08
347,REMPAH SUP (TIDAK BERBUNGKUS),100 g,BARANGAN BERBUNGKUS,REMPAH RATUS (TIDAK BERBUNGKUS),0.1,,months,"packaged, dry or long-life food",True,,"no per-kg factor in the source (processed, dried or concentrated)",,,,,,,,,,,,,,2026-06 to 2026-08
350,SERBUK KARI IKAN BABAS,250 g,BARANGAN BERBUNGKUS,REMPAH RATUS (BERBUNGKUS),0.25,,months,"packaged, dry or long-life food",True,,"no per-kg factor in the source (processed, dried or concentrated)",6.3,6.0,6.5,2007.0,25392.0,6.3,955.0,6.3,,,,25.2,,2026-06 to 2026-08
360,SUP BUNJUT ADABI,8 g,BARANGAN BERBUNGKUS,REMPAH RATUS (BERBUNGKUS),0.008,,months,"packaged, dry or long-life food",True,,"no per-kg factor in the source (processed, dried or concentrated)",,,,,,,,,,,,,,2026-06 to 2026-08
361,SUP PUNJUT MAK SITI,10 g,BARANGAN BERBUNGKUS,REMPAH RATUS (BERBUNGKUS),0.01,,months,"packaged, dry or long-life food",True,,"no per-kg factor in the source (processed, dried or concentrated)",,,,,,,,,,,,,,2026-06 to 2026-08
364,SERBUK CILI BABAS,250 g,BARANGAN BERBUNGKUS,REMPAH RATUS (BERBUNGKUS),0.25,,months,"packaged, dry or long-life food",True,,"no per-kg factor in the source (processed, dried or concentrated)",7.69,7.4,7.9,1894.0,23512.0,7.6,911.0,7.65,,,,30.76,,2026-06 to 2026-08
365,SERBUK KUNYIT CAMPURAN (SEBATIAN) ADABI,250 g,BARANGAN BERBUNGKUS,REMPAH RATUS (BERBUNGKUS),0.25,,months,"packaged, dry or long-life food",True,,"no per-kg factor in the source (processed, dried or concentrated)",7.3,6.9,7.5,1600.0,18110.0,7.39,699.0,7.2,,,,29.2,,2026-06 to 2026-08
367,SERBUK KUNYIT BABAS,250 g,BARANGAN BERBUNGKUS,REMPAH RATUS (BERBUNGKUS),0.25,,months,"packaged, dry or long-life food",True,,"no per-kg factor in the source (processed, dried or concentrated)",,,,,,,,,,,,,,2026-06 to 2026-08
368,KACANG TANAH (IMPORT),1kg,BARANGAN KERING,KACANG,1.0,,months,"packaged, dry or long-life food",True,Groundnuts,category KACANG,9.0,8.0,10.9,1668.0,19817.0,9.5,729.0,9.0,3.23,9.11,1852.3,9.0,3.23,2026-06 to 2026-08
388,KRIMER MANIS CAP JUNJUNG,500 g,BARANGAN BERBUNGKUS,KRIMER DAN SUSU TEPUNG,0.5,,months,"packaged, dry or long-life food",True,,"no per-kg factor in the source (processed, dried or concentrated)",,,,,,,,,,,,,,2026-06 to 2026-08
716,CILI API/PADI HIJAU,1kg,BARANGAN SEGAR,SAYUR-SAYURAN,1.0,,days,group BARANGAN SEGAR,True,Other Vegetables,category SAYUR-SAYURAN,25.0,20.5,31.95,535.0,4489.0,27.99,146.0,26.5,0.53,0.38,102.5,25.0,0.53,2026-06 to 2026-08
843,ANMUM LACTA (BIASA),650g,BARANGAN BERBUNGKUS,KRIMER DAN SUSU TEPUNG,0.65,,months,"packaged, dry or long-life food",True,,"no per-kg factor in the source (processed, dried or concentrated)",,,,,,,,,,,,,,2026-06 to 2026-08
845,SOTONG (ANTARA 11 HINGGA17 EKOR SEKILOGRAM),1kg,BARANGAN SEGAR,BAHAN LAUT,1.0,,days,group BARANGAN SEGAR,True,Fish (farmed),approximate: the source has no wild-caught seafood,36.0,30.0,39.99,1189.0,49291.0,38.0,260.0,36.5,13.63,8.41,3691.3,36.0,13.63,2026-06 to 2026-08
847,KETAM RENJONG/BUNGA (≤ 4 EKOR SEKILOGRAM),1kg,BARANGAN SEGAR,BAHAN LAUT,1.0,,days,group BARANGAN SEGAR,True,Fish (farmed),approximate: the source has no wild-caught seafood,35.99,32.0,40.0,881.0,30906.0,35.5,120.0,36.0,13.63,8.41,3691.3,35.99,13.63,2026-06 to 2026-08
849,UDANG PUTIH KECIL (b	% 61 EKOR SEKILOGRAM),1kg,BARANGAN SEGAR,BAHAN LAUT,1.0,,days,group BARANGAN SEGAR,True,Prawns (farmed),category BAHAN LAUT,18.99,17.34,21.52,283.0,2064.0,19.65,6.0,18.99,26.87,2.97,3515.4,18.99,26.87,2026-06 to 2026-08
850,UDANG HARIMAU (ANTARA 20 HINGGA 30 EKOR SEKILOGRAM),1kg,BARANGAN SEGAR,BAHAN LAUT,1.0,,days,group BARANGAN SEGAR,True,Prawns (farmed),category BAHAN LAUT,39.64,35.9,45.0,412.0,2537.0,35.99,57.0,39.8,26.87,2.97,3515.4,39.64,26.87,2026-06 to 2026-08
861,UBI KENTANG HOLLAND,1kg,BARANGAN KERING,UBI KENTANG,1.0,,weeks,category UBI KENTANG,True,Potatoes,category UBI KENTANG,4.0,3.5,4.9,227.0,8884.0,4.5,55.0,4.0,0.46,0.88,59.1,4.0,0.46,2026-06 to 2026-08
863,JINTAN MANIS (KASAR),100 g,BARANGAN BERBUNGKUS,REMPAH RATUS (TIDAK BERBUNGKUS),0.1,,months,"packaged, dry or long-life food",True,,"no per-kg factor in the source (processed, dried or concentrated)",,,,,,,,,,,,,,2026-06 to 2026-08
864,BUNGA CENGKIH,100 g,BARANGAN BERBUNGKUS,REMPAH RATUS (TIDAK BERBUNGKUS),0.1,,months,"packaged, dry or long-life food",True,,"no per-kg factor in the source (processed, dried or concentrated)",,,,,,,,,,,,,,2026-06 to 2026-08
865,BUNGA LAWANG,100 g,BARANGAN BERBUNGKUS,REMPAH RATUS (TIDAK BERBUNGKUS),0.1,,months,"packaged, dry or long-life food",True,,"no per-kg factor in the source (processed, dried or concentrated)",,,,,,,,,,,,,,2026-06 to 2026-08
866,BUAH PELAGA,100 g,BARANGAN BERBUNGKUS,REMPAH RATUS (TIDAK BERBUNGKUS),0.1,,months,"packaged, dry or long-life food",True,,"no per-kg factor in the source (processed, dried or concentrated)",,,,,,,,,,,,,,2026-06 to 2026-08
867,BUAH KERAS,100 g,BARANGAN BERBUNGKUS,REMPAH RATUS (TIDAK BERBUNGKUS),0.1,,months,"packaged, dry or long-life food",True,,"no per-kg factor in the source (processed, dried or concentrated)",,,,,,,,,,,,,,2026-06 to 2026-08
868,BUAH PALA,100 g,BARANGAN BERBUNGKUS,REMPAH RATUS (TIDAK BERBUNGKUS),0.1,,months,"packaged, dry or long-life food",True,,"no per-kg factor in the source (processed, dried or concentrated)",,,,,,,,,,,,,,2026-06 to 2026-08
869,BIJI SAWI,100 g,BARANGAN BERBUNGKUS,REMPAH RATUS (TIDAK BERBUNGKUS),0.1,,months,"packaged, dry or long-life food",True,,"no per-kg factor in the source (processed, dried or concentrated)",1.2,0.89,1.99,428.0,4776.0,1.44,8.0,1.19,,,,12.0,,2026-06 to 2026-08
870,BIJI KETUMBAR,100 g,BARANGAN BERBUNGKUS,REMPAH RATUS (TIDAK BERBUNGKUS),0.1,,months,"packaged, dry or long-life food",True,,"no per-kg factor in the source (processed, dried or concentrated)",,,,,,,,,,,,,,2026-06 to 2026-08
871,LADA HITAM,100 g,BARANGAN BERBUNGKUS,REMPAH RATUS (TIDAK BERBUNGKUS),0.1,,months,"packaged, dry or long-life food",True,,"no per-kg factor in the source (processed, dried or concentrated)",,,,,,,,,,,,,,2026-06 to 2026-08
873,LADA PUTIH,100 g,BARANGAN BERBUNGKUS,REMPAH RATUS (TIDAK BERBUNGKUS),0.1,,months,"packaged, dry or long-life food",True,,"no per-kg factor in the source (processed, dried or concentrated)",,,,,,,,,,,,,,2026-06 to 2026-08
883,KRIMER MANIS BERVITAMIN CAP F&N,500 g,BARANGAN BERBUNGKUS,KRIMER DAN SUSU TEPUNG,0.5,,months,"packaged, dry or long-life food",True,,"no per-kg factor in the source (processed, dried or concentrated)",4.22,3.99,4.5,1471.0,17436.0,4.3,703.0,4.2,,,,8.44,,2026-06 to 2026-08
884,KRIMER MANIS CAP GOLD COIN,500 g,BARANGAN BERBUNGKUS,KRIMER DAN SUSU TEPUNG,0.5,,months,"packaged, dry or long-life food",True,,"no per-kg factor in the source (processed, dried or concentrated)",3.46,3.3,3.55,905.0,10517.0,3.45,340.0,3.45,,,,6.92,,2026-06 to 2026-08
896,HALBA,100 g,BARANGAN BERBUNGKUS,REMPAH RATUS (TIDAK BERBUNGKUS),0.1,,months,"packaged, dry or long-life food",True,,"no per-kg factor in the source (processed, dried or concentrated)",,,,,,,,,,,,,,2026-06 to 2026-08
904,BERAS SUPER CAP RAMBUTAN 5% (IMPORT),10 kg,BARANGAN BERBUNGKUS,BERAS,10.0,,months,"packaged, dry or long-life food",True,Rice,category BERAS,36.4,34.9,37.5,485.0,5507.0,36.5,157.0,35.99,4.45,2.8,2248.4,3.64,44.5,2026-06 to 2026-08
910,KORDIAL F&N (PELBAGAI PERISA),2 liter,MINUMAN,BAHAN-BAHAN MINUMAN,2.0,volume read as 1 kg per litre,months,"packaged, dry or long-life food",True,,"no per-kg factor in the source (processed, dried or concentrated)",11.99,11.45,12.5,1178.0,3280.0,12.0,550.0,12.0,,,,6.0,,2026-06 to 2026-08
917,"TEPUNG GANDUM NGP (BERBUNGKUS, CAP SAUH)",1kg,BARANGAN BERBUNGKUS,TEPUNG,1.0,,months,"packaged, dry or long-life food",True,Wheat & Rye,category TEPUNG,3.2,2.99,3.5,1810.0,21133.0,3.2,848.0,3.2,1.57,3.85,647.5,3.2,1.57,2026-06 to 2026-08
918,MINYAK MASAK PAKET (PELBAGAI JENAMA),1kg,BARANGAN BERBUNGKUS,MINYAK DAN LEMAK,1.0,,months,"packaged, dry or long-life food",True,Palm Oil,Malaysian cooking oil is palm olein,2.5,2.5,2.5,1283.0,10648.0,2.5,581.0,2.5,7.32,,,2.5,7.32,2026-06 to 2026-08
919,SUSU TEPUNG PENUH KRIM DUTCHLADY,600 g,BARANGAN BERBUNGKUS,KRIMER DAN SUSU TEPUNG,0.6,,months,"packaged, dry or long-life food",True,,"no per-kg factor in the source (processed, dried or concentrated)",,,,,,,,,,,,,,2026-06 to 2026-08
929,NESCAFE CLASSIC (PAKET),200 g,MINUMAN,BAHAN-BAHAN MINUMAN,0.2,,months,"packaged, dry or long-life food",True,Coffee,per kg of coffee powder,23.9,21.9,25.99,1446.0,3524.0,23.5,690.0,23.9,28.53,21.62,25.9,119.5,5.706,2026-06 to 2026-08
957,SOS CILI KIMBALL,340 g,BARANGAN BERBUNGKUS,KICAP DAN SOS,0.34,,months,"packaged, dry or long-life food",True,,"no per-kg factor in the source (processed, dried or concentrated)",,,,,,,,,,,,,,2026-06 to 2026-08
992,BERAS CAP JATI (SST5%),10 kg,BARANGAN BERBUNGKUS,BERAS,10.0,,months,"packaged, dry or long-life food",True,Rice,category BERAS,26.0,26.0,26.0,90.0,238.0,26.0,30.0,26.0,4.45,2.8,2248.4,2.6,44.5,2026-06 to 2026-08
1017,FISHERMAN'S FRIEND ORIGINAL,25 g,BARANGAN KEDAI SERBANEKA,UBAT-UBATAN,0.025,,non-food,BARANGAN KEDAI SERBANEKA / UBAT-UBATAN,False,,not food,,,,,,,,,,,,,,2026-06 to 2026-08
1019,MINYAK ANGIN CAP KAPAK,3 ml,BARANGAN KEDAI SERBANEKA,UBAT-UBATAN,0.003,volume read as 1 kg per litre,non-food,BARANGAN KEDAI SERBANEKA / UBAT-UBATAN,False,,not food,,,,,,,,,,,,,,2026-06 to 2026-08
1020,VICKS VAPORUB,10 g,BARANGAN KEDAI SERBANEKA,UBAT-UBATAN,0.01,,non-food,BARANGAN KEDAI SERBANEKA / UBAT-UBATAN,False,,not food,,,,,,,,,,,,,,2026-06 to 2026-08
1025,LISTERINE COOL MINT,250 ml,BARANGAN KEDAI SERBANEKA,MOUTH WASH,0.25,volume read as 1 kg per litre,non-food,BARANGAN KEDAI SERBANEKA / MOUTH WASH,False,,not food,,,,,,,,,,,,,,2026-06 to 2026-08
1050,MAGGI MEE CURRY,79 g,BARANGAN KEDAI SERBANEKA,MAKANAN SEGERA,0.079,,months,"packaged, dry or long-life food",True,,"no per-kg factor in the source (processed, dried or concentrated)",,,,,,,,,,,,,,2026-06 to 2026-08
1063,KINDER BUENO - MILK & HAZELNUT,43 g,BARANGAN KEDAI SERBANEKA,COKLAT,0.043,,months,"packaged, dry or long-life food",True,,"no per-kg factor in the source (processed, dried or concentrated)",,,,,,,,,,,,,,2026-06 to 2026-08
1070,SOS CILI MAGGI,340 g,BARANGAN BERBUNGKUS,KICAP DAN SOS,0.34,,months,"packaged, dry or long-life food",True,,"no per-kg factor in the source (processed, dried or concentrated)",4.3,4.15,4.5,1894.0,22940.0,4.3,914.0,4.3,,,,12.65,,2026-06 to 2026-08
1080,SERBUK PENAIK ROYAL (TIN),226g,BARANGAN BERBUNGKUS,ESEN DAN RAGI,0.226,,months,"packaged, dry or long-life food",True,,"no per-kg factor in the source (processed, dried or concentrated)",,,,,,,,,,,,,,2026-06 to 2026-08
1081,MACKAREL CAP KING CUP (SOS TOMATO),155 g,BARANGAN BERBUNGKUS,IKAN DALAM TIN,0.155,,months,"packaged, dry or long-life food",True,Fish (farmed),approximate: canned fish,,,,,,,,,13.63,8.41,3691.3,,2.113,2026-06 to 2026-08
1082,MACKAREL CAP AYAM (SOS TOMATO),155 g,BARANGAN BERBUNGKUS,IKAN DALAM TIN,0.155,,months,"packaged, dry or long-life food",True,Fish (farmed),approximate: canned fish,,,,,,,,,13.63,8.41,3691.3,,2.113,2026-06 to 2026-08
1084,TEH BOH (SERBUK),500 g,MINUMAN,BAHAN-BAHAN MINUMAN,0.5,,months,"packaged, dry or long-life food",True,,"no per-kg factor in the source (processed, dried or concentrated)",,,,,,,,,,,,,,2026-06 to 2026-08
1086,MINYAK JAGUNG CAP DAISY,1kg,BARANGAN BERBUNGKUS,MINYAK DAN LEMAK,1.0,,months,"packaged, dry or long-life food",True,,"no per-kg factor in the source (processed, dried or concentrated)",16.49,15.49,16.8,723.0,8444.0,15.49,19.0,16.32,,,,16.49,,2026-06 to 2026-08
1087,MINYAK JAGUNG CAP DAISY,3 kg,BARANGAN BERBUNGKUS,MINYAK DAN LEMAK,3.0,,months,"packaged, dry or long-life food",True,,"no per-kg factor in the source (processed, dried or concentrated)",42.42,38.37,43.22,632.0,7411.0,42.5,15.0,41.99,,,,14.14,,2026-06 to 2026-08
1088,MINYAK JAGUNG CAP MAZOLA,3 kg,BARANGAN BERBUNGKUS,MINYAK DAN LEMAK,3.0,,months,"packaged, dry or long-life food",True,,"no per-kg factor in the source (processed, dried or concentrated)",48.5,46.97,48.5,263.0,3317.0,44.9,1.0,48.5,,,,16.17,,2026-06 to 2026-08
1089,MINYAK JAGUNG CAP VECORN,3 kg,BARANGAN BERBUNGKUS,MINYAK DAN LEMAK,3.0,,months,"packaged, dry or long-life food",True,,"no per-kg factor in the source (processed, dried or concentrated)",42.67,39.99,44.25,258.0,2743.0,42.9,7.0,42.67,,,,14.22,,2026-06 to 2026-08
1090,MINYAK JAGUNG CAP VECORN,1kg,BARANGAN BERBUNGKUS,MINYAK DAN LEMAK,1.0,,months,"packaged, dry or long-life food",True,,"no per-kg factor in the source (processed, dried or concentrated)",15.5,14.49,16.6,386.0,4252.0,15.2,12.0,15.44,,,,15.5,,2026-06 to 2026-08
1091,MINYAK MASAK SEBATIAN CAP RED EAGLE,1kg,BARANGAN BERBUNGKUS,MINYAK DAN LEMAK,1.0,,months,"packaged, dry or long-life food",True,Palm Oil,Malaysian cooking oil is palm olein,8.6,8.2,8.9,776.0,8471.0,8.9,236.0,8.6,7.32,,,8.6,7.32,2026-06 to 2026-08
1092,MINYAK MASAK SEBATIAN CAP NEPTUNE,1kg,BARANGAN BERBUNGKUS,MINYAK DAN LEMAK,1.0,,months,"packaged, dry or long-life food",True,Palm Oil,Malaysian cooking oil is palm olein,,,,,,,,,7.32,,,,7.32,2026-06 to 2026-08
1093,MINYAK MASAK SEBATIAN CAP KNIFE,1kg,BARANGAN BERBUNGKUS,MINYAK DAN LEMAK,1.0,,months,"packaged, dry or long-life food",True,Palm Oil,Malaysian cooking oil is palm olein,8.5,8.3,8.9,1077.0,11327.0,8.59,420.0,8.5,7.32,,,8.5,7.32,2026-06 to 2026-08
1094,MINYAK MASAK TULEN CAP BURUH,1kg,BARANGAN BERBUNGKUS,MINYAK DAN LEMAK,1.0,,months,"packaged, dry or long-life food",True,Palm Oil,Malaysian cooking oil is palm olein,6.9,6.9,6.9,1214.0,11272.0,6.9,440.0,6.9,7.32,,,6.9,7.32,2026-06 to 2026-08
1095,MINYAK MASAK TULEN CAP VESAWIT,5 kg,BARANGAN BERBUNGKUS,MINYAK DAN LEMAK,5.0,,months,"packaged, dry or long-life food",True,Palm Oil,Malaysian cooking oil is palm olein,30.9,30.9,30.9,1071.0,10225.0,30.9,399.0,30.9,7.32,,,6.18,36.6,2026-06 to 2026-08
1097,SOS CILI MAGGI,500 g,BARANGAN BERBUNGKUS,KICAP DAN SOS,0.5,,months,"packaged, dry or long-life food",True,,"no per-kg factor in the source (processed, dried or concentrated)",,,,,,,,,,,,,,2026-06 to 2026-08
1100,MINYAK MASAK TULEN CAP SERI MURNI,1kg,BARANGAN BERBUNGKUS,MINYAK DAN LEMAK,1.0,,months,"packaged, dry or long-life food",True,Palm Oil,Malaysian cooking oil is palm olein,6.9,6.9,6.9,708.0,5597.0,6.9,264.0,6.9,7.32,,,6.9,7.32,2026-06 to 2026-08
1101,MINYAK MASAK TULEN CAP SERI MURNI,2 kg,BARANGAN BERBUNGKUS,MINYAK DAN LEMAK,2.0,,months,"packaged, dry or long-life food",True,Palm Oil,Malaysian cooking oil is palm olein,13.3,13.25,13.3,1484.0,13565.0,13.3,675.0,13.3,7.32,,,6.65,14.64,2026-06 to 2026-08
1105,SUSU ANLENE ACTIFIT 3X COKLAT,600 g,BARANGAN BERBUNGKUS,KRIMER DAN SUSU TEPUNG,0.6,,months,"packaged, dry or long-life food",True,,"no per-kg factor in the source (processed, dried or concentrated)",,,,,,,,,,,,,,2026-06 to 2026-08
1109,TELUR AYAM GRED A,30 biji,BARANGAN SEGAR,TELUR,2.0235,eggs: count x grade weight named by other items,weeks,category TELUR,True,Eggs,category TELUR,13.99,13.5,14.8,1318.0,57361.0,14.3,458.0,14.85,4.67,6.27,577.7,6.91,9.45,2026-06 to 2026-08
1110,TELUR AYAM GRED B,30 biji,BARANGAN SEGAR,TELUR,1.8735,eggs: count x grade weight named by other items,weeks,category TELUR,True,Eggs,category TELUR,12.9,12.3,13.9,1567.0,64723.0,13.0,626.0,14.39,4.67,6.27,577.7,6.89,8.749,2026-06 to 2026-08
1111,TELUR AYAM GRED C,30 biji,BARANGAN SEGAR,TELUR,1.7235,eggs: count x grade weight named by other items,weeks,category TELUR,True,Eggs,category TELUR,11.4,10.69,12.5,1459.0,56445.0,11.5,615.0,13.59,4.67,6.27,577.7,6.61,8.049,2026-06 to 2026-08
1114,SOS TIRAM KIMBALL,510 g,BARANGAN BERBUNGKUS,KICAP DAN SOS,0.51,,months,"packaged, dry or long-life food",True,,"no per-kg factor in the source (processed, dried or concentrated)",,,,,,,,,,,,,,2026-06 to 2026-08
1115,KICAP LEMAK MASIN CAP KIPAS UDANG,345ml,BARANGAN BERBUNGKUS,KICAP DAN SOS,0.345,volume read as 1 kg per litre,months,"packaged, dry or long-life food",True,,"no per-kg factor in the source (processed, dried or concentrated)",,,,,,,,,,,,,,2026-06 to 2026-08
1116,SOS TIRAM NONA,510 g,BARANGAN BERBUNGKUS,KICAP DAN SOS,0.51,,months,"packaged, dry or long-life food",True,,"no per-kg factor in the source (processed, dried or concentrated)",,,,,,,,,,,,,,2026-06 to 2026-08
1117,SOS TIRAM ADABI,510 g,BARANGAN BERBUNGKUS,KICAP DAN SOS,0.51,,months,"packaged, dry or long-life food",True,,"no per-kg factor in the source (processed, dried or concentrated)",,,,,,,,,,,,,,2026-06 to 2026-08
1125,SERBUK CILI KIJANG,250 g,BARANGAN BERBUNGKUS,REMPAH RATUS (BERBUNGKUS),0.25,,months,"packaged, dry or long-life food",True,,"no per-kg factor in the source (processed, dried or concentrated)",,,,,,,,,,,,,,2026-06 to 2026-08
1127,AYAM BELANDA IMPORT,1kg,BARANGAN SEGAR,AYAM,1.0,,days,group BARANGAN SEGAR,True,Poultry Meat,category AYAM,,,,,,,,,9.87,12.22,660.0,,9.87,2026-06 to 2026-08
1128,LADA BENGGALA HIJAU (CAPSICUM),1kg,BARANGAN SEGAR,SAYUR-SAYURAN,1.0,,days,group BARANGAN SEGAR,True,Other Vegetables,category SAYUR-SAYURAN,10.0,8.0,14.0,1319.0,14084.0,12.0,324.0,12.0,0.53,0.38,102.5,10.0,0.53,2026-06 to 2026-08
1129,LADA BENGGALA MERAH (CAPSICUM),1kg,BARANGAN SEGAR,SAYUR-SAYURAN,1.0,,days,group BARANGAN SEGAR,True,Other Vegetables,category SAYUR-SAYURAN,,,,,,,,,0.53,0.38,102.5,,0.53,2026-06 to 2026-08
1130,LADA BENGGALA KUNING (CAPSICUM),1kg,BARANGAN SEGAR,SAYUR-SAYURAN,1.0,,days,group BARANGAN SEGAR,True,Other Vegetables,category SAYUR-SAYURAN,,,,,,,,,0.53,0.38,102.5,,0.53,2026-06 to 2026-08
1131,UBI KENTANG IMPORT (CHINA),1kg,BARANGAN KERING,UBI KENTANG,1.0,,weeks,category UBI KENTANG,True,Potatoes,category UBI KENTANG,3.2,2.6,4.0,1778.0,84135.0,3.5,746.0,3.2,0.46,0.88,59.1,3.2,0.46,2026-06 to 2026-08
1132,LIMAU NIPIS,1kg,BARANGAN SEGAR,BUAH-BUAHAN,1.0,,days,group BARANGAN SEGAR,True,Citrus Fruit,category BUAH-BUAHAN,8.0,6.49,10.0,1501.0,82532.0,9.0,469.0,7.9,0.39,0.86,82.7,8.0,0.39,2026-06 to 2026-08
1135,KICAP MANIS ADABI,340ml,BARANGAN BERBUNGKUS,KICAP DAN SOS,0.34,volume read as 1 kg per litre,months,"packaged, dry or long-life food",True,,"no per-kg factor in the source (processed, dried or concentrated)",5.2,4.95,5.5,1233.0,14449.0,5.37,516.0,5.2,,,,15.29,,2026-06 to 2026-08
1136,KICAP MASIN ADABI,340ml,BARANGAN BERBUNGKUS,KICAP DAN SOS,0.34,volume read as 1 kg per litre,months,"packaged, dry or long-life food",True,,"no per-kg factor in the source (processed, dried or concentrated)",,,,,,,,,,,,,,2026-06 to 2026-08
1137,SOS CILI THAI LIFE,360g,BARANGAN BERBUNGKUS,KICAP DAN SOS,0.36,,months,"packaged, dry or long-life food",True,,"no per-kg factor in the source (processed, dried or concentrated)",,,,,,,,,,,,,,2026-06 to 2026-08
1138,SOS TIRAM MAGGI,340 g,BARANGAN BERBUNGKUS,KICAP DAN SOS,0.34,,months,"packaged, dry or long-life food",True,,"no per-kg factor in the source (processed, dried or concentrated)",5.9,5.65,6.0,1829.0,21453.0,5.9,878.0,5.9,,,,17.35,,2026-06 to 2026-08
1139,SOS TOMATO LIFE,330 g,BARANGAN BERBUNGKUS,KICAP DAN SOS,0.33,,months,"packaged, dry or long-life food",True,,"no per-kg factor in the source (processed, dried or concentrated)",,,,,,,,,,,,,,2026-06 to 2026-08
1140,MARJERIN PLANTA,240 g,BARANGAN BERBUNGKUS,SAPUAN (SPREADS),0.24,,months,"packaged, dry or long-life food",True,,"no per-kg factor in the source (processed, dried or concentrated)",,,,,,,,,,,,,,2026-06 to 2026-08
1141,MARJERIN DAISY,240 g,BARANGAN BERBUNGKUS,SAPUAN (SPREADS),0.24,,months,"packaged, dry or long-life food",True,,"no per-kg factor in the source (processed, dried or concentrated)",,,,,,,,,,,,,,2026-06 to 2026-08
1142,SARDIN CAP ADABI (SOS TOMATO DENGAN CILI),425 g,BARANGAN BERBUNGKUS,IKAN DALAM TIN,0.425,,months,"packaged, dry or long-life food",True,Fish (farmed),approximate: canned fish,9.7,9.19,9.9,990.0,9520.0,9.8,390.0,9.7,13.63,8.41,3691.3,22.82,5.793,2026-06 to 2026-08
1144,MENTEGA KACANG HALUS LADY'S CHOICE,340 g,BARANGAN BERBUNGKUS,SAPUAN (SPREADS),0.34,,months,"packaged, dry or long-life food",True,Groundnuts,peanut butter,14.92,14.79,15.5,650.0,7492.0,14.9,20.0,14.9,3.23,9.11,1852.3,43.88,1.098,2026-06 to 2026-08
1145,NESTLE CERELAC BERAS - TIN,500 g,SUSU DAN BARANGAN BAYI,MAKANAN BAYI,0.5,,months,"packaged, dry or long-life food",True,,"no per-kg factor in the source (processed, dried or concentrated)",17.4,15.95,17.9,1295.0,15756.0,17.3,564.0,17.4,,,,34.8,,2026-06 to 2026-08
1151,SANTAN KELAPA JENAMA AYAM BRAND,1 liter,BARANGAN BERBUNGKUS,SANTAN (KOTAK),1.0,volume read as 1 kg per litre,months,"packaged, dry or long-life food",True,,"no per-kg factor in the source (processed, dried or concentrated)",15.99,14.95,16.9,1688.0,20667.0,16.0,789.0,15.8,,,,15.99,,2026-06 to 2026-08
1153,PERENCAH TOM YAM ADABI,40 g,BARANGAN BERBUNGKUS,REMPAH RATUS (BERBUNGKUS),0.04,,months,"packaged, dry or long-life food",True,,"no per-kg factor in the source (processed, dried or concentrated)",2.4,2.2,2.5,759.0,7709.0,2.4,26.0,2.4,,,,60.0,,2026-06 to 2026-08
1157,NASI PUTIH KOSONG,sepinggan,MAKANAN SIAP MASAK,NASI,,unit is not a weight or volume,days,group MAKANAN SIAP MASAK,True,,"no per-kg factor in the source (processed, dried or concentrated)",,,,,,,,,,,,,,2026-06 to 2026-08
1158,NASI AYAM,sepinggan,MAKANAN SIAP MASAK,NASI,,unit is not a weight or volume,days,group MAKANAN SIAP MASAK,True,,"no per-kg factor in the source (processed, dried or concentrated)",,,,,,,,,,,,,,2026-06 to 2026-08
1159,NASI LEMAK (BERBUNGKUS),sebungkus,MAKANAN SIAP MASAK,NASI,,unit is not a weight or volume,days,group MAKANAN SIAP MASAK,True,,"no per-kg factor in the source (processed, dried or concentrated)",,,,,,,,,,,,,,2026-06 to 2026-08
1160,NASI LEMAK (TIDAK BERBUNGKUS),sepinggan,MAKANAN SIAP MASAK,NASI,,unit is not a weight or volume,days,group MAKANAN SIAP MASAK,True,,"no per-kg factor in the source (processed, dried or concentrated)",,,,,,,,,,,,,,2026-06 to 2026-08
1161,NASI + SAYUR + IKAN,sepinggan,MAKANAN SIAP MASAK,NASI,,unit is not a weight or volume,days,group MAKANAN SIAP MASAK,True,,"no per-kg factor in the source (processed, dried or concentrated)",,,,,,,,,,,,,,2026-06 to 2026-08
1162,NASI + SAYUR + AYAM,sepinggan,MAKANAN SIAP MASAK,NASI,,unit is not a weight or volume,days,group MAKANAN SIAP MASAK,True,,"no per-kg factor in the source (processed, dried or concentrated)",,,,,,,,,,,,,,2026-06 to 2026-08
1163,NASI + SAYUR + DAGING,sepinggan,MAKANAN SIAP MASAK,NASI,,unit is not a weight or volume,days,group MAKANAN SIAP MASAK,True,,"no per-kg factor in the source (processed, dried or concentrated)",,,,,,,,,,,,,,2026-06 to 2026-08
1164,NASI + SAYUR + SOTONG,sepinggan,MAKANAN SIAP MASAK,NASI,,unit is not a weight or volume,days,group MAKANAN SIAP MASAK,True,,"no per-kg factor in the source (processed, dried or concentrated)",,,,,,,,,,,,,,2026-06 to 2026-08
1165,NASI + SAYUR + UDANG,sepinggan,MAKANAN SIAP MASAK,NASI,,unit is not a weight or volume,days,group MAKANAN SIAP MASAK,True,,"no per-kg factor in the source (processed, dried or concentrated)",,,,,,,,,,,,,,2026-06 to 2026-08
1167,NASI GORENG KAMPUNG,sepinggan,MAKANAN SIAP MASAK,NASI,,unit is not a weight or volume,days,group MAKANAN SIAP MASAK,True,,"no per-kg factor in the source (processed, dried or concentrated)",,,,,,,,,,,,,,2026-06 to 2026-08
1168,NASI GORENG PAPRIK,sepinggan,MAKANAN SIAP MASAK,NASI,,unit is not a weight or volume,days,group MAKANAN SIAP MASAK,True,,"no per-kg factor in the source (processed, dried or concentrated)",,,,,,,,,,,,,,2026-06 to 2026-08
1169,NASI GORENG CINA,sepinggan,MAKANAN SIAP MASAK,NASI,,unit is not a weight or volume,days,group MAKANAN SIAP MASAK,True,,"no per-kg factor in the source (processed, dried or concentrated)",,,,,,,,,,,,,,2026-06 to 2026-08
1170,NASI GORENG PATAYA,sepinggan,MAKANAN SIAP MASAK,NASI,,unit is not a weight or volume,days,group MAKANAN SIAP MASAK,True,,"no per-kg factor in the source (processed, dried or concentrated)",,,,,,,,,,,,,,2026-06 to 2026-08
1172,NASI GORENG CILI PADI,sepinggan,MAKANAN SIAP MASAK,NASI,,unit is not a weight or volume,days,group MAKANAN SIAP MASAK,True,,"no per-kg factor in the source (processed, dried or concentrated)",,,,,,,,,,,,,,2026-06 to 2026-08
1173,NASI GORENG DAGING MERAH,sepinggan,MAKANAN SIAP MASAK,NASI,,unit is not a weight or volume,days,group MAKANAN SIAP MASAK,True,,"no per-kg factor in the source (processed, dried or concentrated)",,,,,,,,,,,,,,2026-06 to 2026-08
1174,NASI GORENG USA,sepinggan,MAKANAN SIAP MASAK,NASI,,unit is not a weight or volume,days,group MAKANAN SIAP MASAK,True,,"no per-kg factor in the source (processed, dried or concentrated)",,,,,,,,,,,,,,2026-06 to 2026-08
1175,NASI GORENG AYAM,sepinggan,MAKANAN SIAP MASAK,NASI,,unit is not a weight or volume,days,group MAKANAN SIAP MASAK,True,,"no per-kg factor in the source (processed, dried or concentrated)",,,,,,,,,,,,,,2026-06 to 2026-08
1183,BIHUN GORENG,sepinggan,MAKANAN SIAP MASAK,MEE / BIHUN / KUEY TEOW,,unit is not a weight or volume,days,group MAKANAN SIAP MASAK,True,,"no per-kg factor in the source (processed, dried or concentrated)",,,,,,,,,,,,,,2026-06 to 2026-08
1184,BIHUN HAILAM,sepinggan,MAKANAN SIAP MASAK,MEE / BIHUN / KUEY TEOW,,unit is not a weight or volume,days,group MAKANAN SIAP MASAK,True,,"no per-kg factor in the source (processed, dried or concentrated)",,,,,,,,,,,,,,2026-06 to 2026-08
1186,BIHUN TOMYAM,semangkuk,MAKANAN SIAP MASAK,MEE / BIHUN / KUEY TEOW,,unit is not a weight or volume,days,group MAKANAN SIAP MASAK,True,,"no per-kg factor in the source (processed, dried or concentrated)",,,,,,,,,,,,,,2026-06 to 2026-08
1187,BIHUN BANDUNG,semangkuk,MAKANAN SIAP MASAK,MEE / BIHUN / KUEY TEOW,,unit is not a weight or volume,days,group MAKANAN SIAP MASAK,True,,"no per-kg factor in the source (processed, dried or concentrated)",,,,,,,,,,,,,,2026-06 to 2026-08
1188,BIHUN LADNA,sepinggan,MAKANAN SIAP MASAK,MEE / BIHUN / KUEY TEOW,,unit is not a weight or volume,days,group MAKANAN SIAP MASAK,True,,"no per-kg factor in the source (processed, dried or concentrated)",,,,,,,,,,,,,,2026-06 to 2026-08
1189,BIHUN KUNGFU,sepinggan,MAKANAN SIAP MASAK,MEE / BIHUN / KUEY TEOW,,unit is not a weight or volume,days,group MAKANAN SIAP MASAK,True,,"no per-kg factor in the source (processed, dried or concentrated)",,,,,,,,,,,,,,2026-06 to 2026-08
1198,AYAM GORENG,seketul,MAKANAN SIAP MASAK,LAUK,,unit is not a weight or volume,days,group MAKANAN SIAP MASAK,True,,"no per-kg factor in the source (processed, dried or concentrated)",,,,,,,,,,,,,,2026-06 to 2026-08
1199,AYAM MASAK MERAH,seketul,MAKANAN SIAP MASAK,LAUK,,unit is not a weight or volume,days,group MAKANAN SIAP MASAK,True,,"no per-kg factor in the source (processed, dried or concentrated)",,,,,,,,,,,,,,2026-06 to 2026-08
1200,AYAM MASAK KICAP,seketul,MAKANAN SIAP MASAK,LAUK,,unit is not a weight or volume,days,group MAKANAN SIAP MASAK,True,,"no per-kg factor in the source (processed, dried or concentrated)",,,,,,,,,,,,,,2026-06 to 2026-08
1201,AYAM MASAK HALIA,seketul,MAKANAN SIAP MASAK,LAUK,,unit is not a weight or volume,days,group MAKANAN SIAP MASAK,True,,"no per-kg factor in the source (processed, dried or concentrated)",,,,,,,,,,,,,,2026-06 to 2026-08
1202,DAGING MASAK MERAH,sepiring,MAKANAN SIAP MASAK,LAUK,,unit is not a weight or volume,days,group MAKANAN SIAP MASAK,True,,"no per-kg factor in the source (processed, dried or concentrated)",,,,,,,,,,,,,,2026-06 to 2026-08
1203,DAGING MASAK KICAP,sepiring,MAKANAN SIAP MASAK,LAUK,,unit is not a weight or volume,days,group MAKANAN SIAP MASAK,True,,"no per-kg factor in the source (processed, dried or concentrated)",,,,,,,,,,,,,,2026-06 to 2026-08
1204,DAGING MASAK HALIA,sepiring,MAKANAN SIAP MASAK,LAUK,,unit is not a weight or volume,days,group MAKANAN SIAP MASAK,True,,"no per-kg factor in the source (processed, dried or concentrated)",,,,,,,,,,,,,,2026-06 to 2026-08
1205,DAGING MASAK PAPRIK,sepiring,MAKANAN SIAP MASAK,LAUK,,unit is not a weight or volume,days,group MAKANAN SIAP MASAK,True,,"no per-kg factor in the source (processed, dried or concentrated)",,,,,,,,,,,,,,2026-06 to 2026-08
1206,SOTONG GORENG,sepiring,MAKANAN SIAP MASAK,LAUK,,unit is not a weight or volume,days,group MAKANAN SIAP MASAK,True,,"no per-kg factor in the source (processed, dried or concentrated)",,,,,,,,,,,,,,2026-06 to 2026-08
1207,SOTONG MASAK MERAH,sepiring,MAKANAN SIAP MASAK,LAUK,,unit is not a weight or volume,days,group MAKANAN SIAP MASAK,True,,"no per-kg factor in the source (processed, dried or concentrated)",,,,,,,,,,,,,,2026-06 to 2026-08
1208,SOTONG MASAK KICAP,sepiring,MAKANAN SIAP MASAK,LAUK,,unit is not a weight or volume,days,group MAKANAN SIAP MASAK,True,,"no per-kg factor in the source (processed, dried or concentrated)",,,,,,,,,,,,,,2026-06 to 2026-08
1209,SOTONG MASAK HALIA,sepiring,MAKANAN SIAP MASAK,LAUK,,unit is not a weight or volume,days,group MAKANAN SIAP MASAK,True,,"no per-kg factor in the source (processed, dried or concentrated)",,,,,,,,,,,,,,2026-06 to 2026-08
1210,UDANG GORENG,sepiring,MAKANAN SIAP MASAK,LAUK,,unit is not a weight or volume,days,group MAKANAN SIAP MASAK,True,,"no per-kg factor in the source (processed, dried or concentrated)",,,,,,,,,,,,,,2026-06 to 2026-08
1211,UDANG MASAK MERAH,sepiring,MAKANAN SIAP MASAK,LAUK,,unit is not a weight or volume,days,group MAKANAN SIAP MASAK,True,,"no per-kg factor in the source (processed, dried or concentrated)",,,,,,,,,,,,,,2026-06 to 2026-08
1212,UDANG MASAK KICAP,sepiring,MAKANAN SIAP MASAK,LAUK,,unit is not a weight or volume,days,group MAKANAN SIAP MASAK,True,,"no per-kg factor in the source (processed, dried or concentrated)",,,,,,,,,,,,,,2026-06 to 2026-08
1213,UDANG MASAK HALIA,sepiring,MAKANAN SIAP MASAK,LAUK,,unit is not a weight or volume,days,group MAKANAN SIAP MASAK,True,,"no per-kg factor in the source (processed, dried or concentrated)",,,,,,,,,,,,,,2026-06 to 2026-08
1214,SAYUR CAMPUR,sepiring,MAKANAN SIAP MASAK,LAUK,,unit is not a weight or volume,days,group MAKANAN SIAP MASAK,True,,"no per-kg factor in the source (processed, dried or concentrated)",,,,,,,,,,,,,,2026-06 to 2026-08
1215,SAYUR KAILAN IKAN MASIN,sepiring,MAKANAN SIAP MASAK,LAUK,,unit is not a weight or volume,days,group MAKANAN SIAP MASAK,True,,"no per-kg factor in the source (processed, dried or concentrated)",,,,,,,,,,,,,,2026-06 to 2026-08
1216,SAYUR KANGKUNG GORENG BELACAN,sepiring,MAKANAN SIAP MASAK,LAUK,,unit is not a weight or volume,days,group MAKANAN SIAP MASAK,True,,"no per-kg factor in the source (processed, dried or concentrated)",,,,,,,,,,,,,,2026-06 to 2026-08
1232,TELUR MATA KERBAU,sebiji,MAKANAN SIAP MASAK,LAUK,,unit is not a weight or volume,days,group MAKANAN SIAP MASAK,True,,"no per-kg factor in the source (processed, dried or concentrated)",,,,,,,,,,,,,,2026-06 to 2026-08
1233,TELUR DADAR,sebiji,MAKANAN SIAP MASAK,LAUK,,unit is not a weight or volume,days,group MAKANAN SIAP MASAK,True,,"no per-kg factor in the source (processed, dried or concentrated)",,,,,,,,,,,,,,2026-06 to 2026-08
1234,TELUR BISTIK,1 set,MAKANAN SIAP MASAK,LAUK,,unit is not a weight or volume,days,group MAKANAN SIAP MASAK,True,,"no per-kg factor in the source (processed, dried or concentrated)",,,,,,,,,,,,,,2026-06 to 2026-08
1235,TELUR SETENGAH MASAK,sebiji,MAKANAN SIAP MASAK,LAUK,,unit is not a weight or volume,days,group MAKANAN SIAP MASAK,True,,"no per-kg factor in the source (processed, dried or concentrated)",,,,,,,,,,,,,,2026-06 to 2026-08
1236,TELUR REBUS,sebiji,MAKANAN SIAP MASAK,LAUK,,unit is not a weight or volume,days,group MAKANAN SIAP MASAK,True,,"no per-kg factor in the source (processed, dried or concentrated)",,,,,,,,,,,,,,2026-06 to 2026-08
1237,TELUR MASIN,sebiji,MAKANAN SIAP MASAK,LAUK,,unit is not a weight or volume,days,group MAKANAN SIAP MASAK,True,,"no per-kg factor in the source (processed, dried or concentrated)",,,,,,,,,,,,,,2026-06 to 2026-08
1238,SUP AYAM,semangkuk,MAKANAN SIAP MASAK,LAUK,,unit is not a weight or volume,days,group MAKANAN SIAP MASAK,True,,"no per-kg factor in the source (processed, dried or concentrated)",,,,,,,,,,,,,,2026-06 to 2026-08
1239,SUP DAGING,semangkuk,MAKANAN SIAP MASAK,LAUK,,unit is not a weight or volume,days,group MAKANAN SIAP MASAK,True,,"no per-kg factor in the source (processed, dried or concentrated)",,,,,,,,,,,,,,2026-06 to 2026-08
1240,SUP EKOR,semangkuk,MAKANAN SIAP MASAK,LAUK,,unit is not a weight or volume,days,group MAKANAN SIAP MASAK,True,,"no per-kg factor in the source (processed, dried or concentrated)",,,,,,,,,,,,,,2026-06 to 2026-08
1241,SUP CAMPUR,semangkuk,MAKANAN SIAP MASAK,LAUK,,unit is not a weight or volume,days,group MAKANAN SIAP MASAK,True,,"no per-kg factor in the source (processed, dried or concentrated)",,,,,,,,,,,,,,2026-06 to 2026-08
1242,TOM YAM CAMPUR,semangkuk,MAKANAN SIAP MASAK,LAUK,,unit is not a weight or volume,days,group MAKANAN SIAP MASAK,True,,"no per-kg factor in the source (processed, dried or concentrated)",,,,,,,,,,,,,,2026-06 to 2026-08
1243,TOM YAM AYAM,semangkuk,MAKANAN SIAP MASAK,LAUK,,unit is not a weight or volume,days,group MAKANAN SIAP MASAK,True,,"no per-kg factor in the source (processed, dried or concentrated)",,,,,,,,,,,,,,2026-06 to 2026-08
1244,TOM YAM DAGING,semangkuk,MAKANAN SIAP MASAK,LAUK,,unit is not a weight or volume,days,group MAKANAN SIAP MASAK,True,,"no per-kg factor in the source (processed, dried or concentrated)",,,,,,,,,,,,,,2026-06 to 2026-08
1245,TOM YAM UDANG,semangkuk,MAKANAN SIAP MASAK,LAUK,,unit is not a weight or volume,days,group MAKANAN SIAP MASAK,True,,"no per-kg factor in the source (processed, dried or concentrated)",,,,,,,,,,,,,,2026-06 to 2026-08
1246,TOM YAM SOTONG,semangkuk,MAKANAN SIAP MASAK,LAUK,,unit is not a weight or volume,days,group MAKANAN SIAP MASAK,True,,"no per-kg factor in the source (processed, dried or concentrated)",,,,,,,,,,,,,,2026-06 to 2026-08
1247,MAGGI GORENG,sepinggan,MAKANAN SIAP MASAK,LAIN-LAIN,,unit is not a weight or volume,days,group MAKANAN SIAP MASAK,True,,"no per-kg factor in the source (processed, dried or concentrated)",,,,,,,,,,,,,,2026-06 to 2026-08
1248,MAGGI SUP,semangkuk,MAKANAN SIAP MASAK,LAIN-LAIN,,unit is not a weight or volume,days,group MAKANAN SIAP MASAK,True,,"no per-kg factor in the source (processed, dried or concentrated)",,,,,,,,,,,,,,2026-06 to 2026-08
1250,ROTI TELUR,sekeping,MAKANAN SIAP MASAK,LAIN-LAIN,,unit is not a weight or volume,days,group MAKANAN SIAP MASAK,True,,"no per-kg factor in the source (processed, dried or concentrated)",,,,,,,,,,,,,,2026-06 to 2026-08
1252,KUIH LAPIS,sebiji,MAKANAN SIAP MASAK,LAIN-LAIN,,unit is not a weight or volume,days,group MAKANAN SIAP MASAK,True,,"no per-kg factor in the source (processed, dried or concentrated)",,,,,,,,,,,,,,2026-06 to 2026-08
1253,KUIH SERI MUKA,sebiji,MAKANAN SIAP MASAK,LAIN-LAIN,,unit is not a weight or volume,days,group MAKANAN SIAP MASAK,True,,"no per-kg factor in the source (processed, dried or concentrated)",,,,,,,,,,,,,,2026-06 to 2026-08
1254,PAU KACANG MERAH,sebiji,MAKANAN SIAP MASAK,LAIN-LAIN,,unit is not a weight or volume,days,group MAKANAN SIAP MASAK,True,,"no per-kg factor in the source (processed, dried or concentrated)",,,,,,,,,,,,,,2026-06 to 2026-08
1255,PAU AYAM,sebiji,MAKANAN SIAP MASAK,LAIN-LAIN,,unit is not a weight or volume,days,group MAKANAN SIAP MASAK,True,,"no per-kg factor in the source (processed, dried or concentrated)",,,,,,,,,,,,,,2026-06 to 2026-08
1256,PAU KAYA,sebiji,MAKANAN SIAP MASAK,LAIN-LAIN,,unit is not a weight or volume,days,group MAKANAN SIAP MASAK,True,,"no per-kg factor in the source (processed, dried or concentrated)",,,,,,,,,,,,,,2026-06 to 2026-08
1264,AYAM SOS LEMON,sepiring,MAKANAN SIAP MASAK,LAUK,,unit is not a weight or volume,days,group MAKANAN SIAP MASAK,True,,"no per-kg factor in the source (processed, dried or concentrated)",,,,,,,,,,,,,,2026-06 to 2026-08
1265,SOTONG GORENG ASAM,sepiring,MAKANAN SIAP MASAK,LAUK,,unit is not a weight or volume,days,group MAKANAN SIAP MASAK,True,,"no per-kg factor in the source (processed, dried or concentrated)",,,,,,,,,,,,,,2026-06 to 2026-08
1266,UDANG BUTTER,sepiring,MAKANAN SIAP MASAK,LAUK,,unit is not a weight or volume,days,group MAKANAN SIAP MASAK,True,,"no per-kg factor in the source (processed, dried or concentrated)",,,,,,,,,,,,,,2026-06 to 2026-08
1277,SUP IKAN,semangkuk,MAKANAN SIAP MASAK,LAUK,,unit is not a weight or volume,days,group MAKANAN SIAP MASAK,True,,"no per-kg factor in the source (processed, dried or concentrated)",,,,,,,,,,,,,,2026-06 to 2026-08
1278,SUP SAYUR MASIN,semangkuk,MAKANAN SIAP MASAK,LAUK,,unit is not a weight or volume,days,group MAKANAN SIAP MASAK,True,,"no per-kg factor in the source (processed, dried or concentrated)",,,,,,,,,,,,,,2026-06 to 2026-08
1279,PAU DAGING,sebiji,MAKANAN SIAP MASAK,LAIN-LAIN,,unit is not a weight or volume,days,group MAKANAN SIAP MASAK,True,,"no per-kg factor in the source (processed, dried or concentrated)",,,,,,,,,,,,,,2026-06 to 2026-08
1281,NASI BRIYANI AYAM,sepinggan,MAKANAN SIAP MASAK,NASI,,unit is not a weight or volume,days,group MAKANAN SIAP MASAK,True,,"no per-kg factor in the source (processed, dried or concentrated)",,,,,,,,,,,,,,2026-06 to 2026-08
1282,NASI BRIYANI KAMBING,sepinggan,MAKANAN SIAP MASAK,NASI,,unit is not a weight or volume,days,group MAKANAN SIAP MASAK,True,,"no per-kg factor in the source (processed, dried or concentrated)",,,,,,,,,,,,,,2026-06 to 2026-08
1284,NASI BRIYANI BUKHARA,sepinggan,MAKANAN SIAP MASAK,NASI,,unit is not a weight or volume,days,group MAKANAN SIAP MASAK,True,,"no per-kg factor in the source (processed, dried or concentrated)",,,,,,,,,,,,,,2026-06 to 2026-08
1285,AYAM MASAK KARI,seketul,MAKANAN SIAP MASAK,LAUK,,unit is not a weight or volume,days,group MAKANAN SIAP MASAK,True,,"no per-kg factor in the source (processed, dried or concentrated)",,,,,,,,,,,,,,2026-06 to 2026-08
1289,SUP TULANG,semangkuk,MAKANAN SIAP MASAK,LAUK,,unit is not a weight or volume,days,group MAKANAN SIAP MASAK,True,,"no per-kg factor in the source (processed, dried or concentrated)",,,,,,,,,,,,,,2026-06 to 2026-08
1290,SUP KAMBING,semangkuk,MAKANAN SIAP MASAK,LAUK,,unit is not a weight or volume,days,group MAKANAN SIAP MASAK,True,,"no per-kg factor in the source (processed, dried or concentrated)",,,,,,,,,,,,,,2026-06 to 2026-08
1291,ROTI PISANG,sekeping,MAKANAN SIAP MASAK,LAIN-LAIN,,unit is not a weight or volume,days,group MAKANAN SIAP MASAK,True,,"no per-kg factor in the source (processed, dried or concentrated)",,,,,,,,,,,,,,2026-06 to 2026-08
1292,ROTI BAWANG,sekeping,MAKANAN SIAP MASAK,LAIN-LAIN,,unit is not a weight or volume,days,group MAKANAN SIAP MASAK,True,,"no per-kg factor in the source (processed, dried or concentrated)",,,,,,,,,,,,,,2026-06 to 2026-08
1293,ROTI BOOM,sekeping,MAKANAN SIAP MASAK,LAIN-LAIN,,unit is not a weight or volume,days,group MAKANAN SIAP MASAK,True,,"no per-kg factor in the source (processed, dried or concentrated)",,,,,,,,,,,,,,2026-06 to 2026-08
1294,RAWA TOSAI,sekeping,MAKANAN SIAP MASAK,LAIN-LAIN,,unit is not a weight or volume,days,group MAKANAN SIAP MASAK,True,,"no per-kg factor in the source (processed, dried or concentrated)",,,,,,,,,,,,,,2026-06 to 2026-08
1295,ROTI TISU,sekeping,MAKANAN SIAP MASAK,LAIN-LAIN,,unit is not a weight or volume,days,group MAKANAN SIAP MASAK,True,,"no per-kg factor in the source (processed, dried or concentrated)",,,,,,,,,,,,,,2026-06 to 2026-08
1296,CAPATI,sekeping,MAKANAN SIAP MASAK,LAIN-LAIN,,unit is not a weight or volume,days,group MAKANAN SIAP MASAK,True,,"no per-kg factor in the source (processed, dried or concentrated)",,,,,,,,,,,,,,2026-06 to 2026-08
1297,Ayam Tandoori,seketul,MAKANAN SIAP MASAK,LAUK,,unit is not a weight or volume,days,group MAKANAN SIAP MASAK,True,,"no per-kg factor in the source (processed, dried or concentrated)",,,,,,,,,,,,,,2026-06 to 2026-08
1298,ROTI BAKAR,1 set,MAKANAN SIAP MASAK,LAIN-LAIN,,unit is not a weight or volume,days,group MAKANAN SIAP MASAK,True,,"no per-kg factor in the source (processed, dried or concentrated)",,,,,,,,,,,,,,2026-06 to 2026-08
1299,MURTABAK AYAM,sekeping,MAKANAN SIAP MASAK,LAIN-LAIN,,unit is not a weight or volume,days,group MAKANAN SIAP MASAK,True,,"no per-kg factor in the source (processed, dried or concentrated)",,,,,,,,,,,,,,2026-06 to 2026-08
1300,MURTABAK DAGING,sekeping,MAKANAN SIAP MASAK,LAIN-LAIN,,unit is not a weight or volume,days,group MAKANAN SIAP MASAK,True,,"no per-kg factor in the source (processed, dried or concentrated)",,,,,,,,,,,,,,2026-06 to 2026-08
1301,MURTABAK KAMBING,sekeping,MAKANAN SIAP MASAK,LAIN-LAIN,,unit is not a weight or volume,days,group MAKANAN SIAP MASAK,True,,"no per-kg factor in the source (processed, dried or concentrated)",,,,,,,,,,,,,,2026-06 to 2026-08
1307,AIR SUAM,gelas kecil,MAKANAN SIAP MASAK,MINUMAN,,unit is not a weight or volume,days,group MAKANAN SIAP MASAK,True,,"no per-kg factor in the source (processed, dried or concentrated)",,,,,,,,,,,,,,2026-06 to 2026-08
1309,Kopi Panas,gelas kecil,MAKANAN SIAP MASAK,MINUMAN,,unit is not a weight or volume,days,group MAKANAN SIAP MASAK,True,,"no per-kg factor in the source (processed, dried or concentrated)",,,,,,,,,,,,,,2026-06 to 2026-08
1311,TEH 'O' LIMAU PANAS,gelas kecil,MAKANAN SIAP MASAK,MINUMAN,,unit is not a weight or volume,days,group MAKANAN SIAP MASAK,True,,"no per-kg factor in the source (processed, dried or concentrated)",,,,,,,,,,,,,,2026-06 to 2026-08
1312,Teh Panas,gelas kecil,MAKANAN SIAP MASAK,MINUMAN,,unit is not a weight or volume,days,group MAKANAN SIAP MASAK,True,,"no per-kg factor in the source (processed, dried or concentrated)",,,,,,,,,,,,,,2026-06 to 2026-08
1314,TEH HALIA PANAS,gelas kecil,MAKANAN SIAP MASAK,MINUMAN,,unit is not a weight or volume,days,group MAKANAN SIAP MASAK,True,,"no per-kg factor in the source (processed, dried or concentrated)",,,,,,,,,,,,,,2026-06 to 2026-08
1315,NESCAFE PANAS,gelas kecil,MAKANAN SIAP MASAK,MINUMAN,,unit is not a weight or volume,days,group MAKANAN SIAP MASAK,True,,"no per-kg factor in the source (processed, dried or concentrated)",,,,,,,,,,,,,,2026-06 to 2026-08
1317,NESLO PANAS,gelas kecil,MAKANAN SIAP MASAK,MINUMAN,,unit is not a weight or volume,days,group MAKANAN SIAP MASAK,True,,"no per-kg factor in the source (processed, dried or concentrated)",,,,,,,,,,,,,,2026-06 to 2026-08
1318,HORLICKS PANAS,gelas kecil,MAKANAN SIAP MASAK,MINUMAN,,unit is not a weight or volume,days,group MAKANAN SIAP MASAK,True,,"no per-kg factor in the source (processed, dried or concentrated)",,,,,,,,,,,,,,2026-06 to 2026-08
1319,MILO PANAS,gelas kecil,MAKANAN SIAP MASAK,MINUMAN,,unit is not a weight or volume,days,group MAKANAN SIAP MASAK,True,,"no per-kg factor in the source (processed, dried or concentrated)",,,,,,,,,,,,,,2026-06 to 2026-08
1320,BARLI PANAS,gelas kecil,MAKANAN SIAP MASAK,MINUMAN,,unit is not a weight or volume,days,group MAKANAN SIAP MASAK,True,,"no per-kg factor in the source (processed, dried or concentrated)",,,,,,,,,,,,,,2026-06 to 2026-08
1321,MILO 'O' PANAS,gelas kecil,MAKANAN SIAP MASAK,MINUMAN,,unit is not a weight or volume,days,group MAKANAN SIAP MASAK,True,,"no per-kg factor in the source (processed, dried or concentrated)",,,,,,,,,,,,,,2026-06 to 2026-08
1322,AIR KOSONG,gelas besar,MAKANAN SIAP MASAK,MINUMAN,,unit is not a weight or volume,days,group MAKANAN SIAP MASAK,True,,"no per-kg factor in the source (processed, dried or concentrated)",,,,,,,,,,,,,,2026-06 to 2026-08
1339,JUS EPAL,segelas,MAKANAN SIAP MASAK,MINUMAN,,unit is not a weight or volume,days,group MAKANAN SIAP MASAK,True,,"no per-kg factor in the source (processed, dried or concentrated)",,,,,,,,,,,,,,2026-06 to 2026-08
1340,JUS MANGGA,segelas,MAKANAN SIAP MASAK,MINUMAN,,unit is not a weight or volume,days,group MAKANAN SIAP MASAK,True,,"no per-kg factor in the source (processed, dried or concentrated)",,,,,,,,,,,,,,2026-06 to 2026-08
1341,JUS TEMBIKAI,segelas,MAKANAN SIAP MASAK,MINUMAN,,unit is not a weight or volume,days,group MAKANAN SIAP MASAK,True,,"no per-kg factor in the source (processed, dried or concentrated)",,,,,,,,,,,,,,2026-06 to 2026-08
1343,JUS BELIMBING,segelas,MAKANAN SIAP MASAK,MINUMAN,,unit is not a weight or volume,days,group MAKANAN SIAP MASAK,True,,"no per-kg factor in the source (processed, dried or concentrated)",,,,,,,,,,,,,,2026-06 to 2026-08
1344,JUS LAICI,segelas,MAKANAN SIAP MASAK,MINUMAN,,unit is not a weight or volume,days,group MAKANAN SIAP MASAK,True,,"no per-kg factor in the source (processed, dried or concentrated)",,,,,,,,,,,,,,2026-06 to 2026-08
1355,100 PLUS (ORIGINAL),1.5 liter,MINUMAN,TERSEDIA MINUM,1.5,volume read as 1 kg per litre,months,"packaged, dry or long-life food",True,,"no per-kg factor in the source (processed, dried or concentrated)",3.69,3.39,3.99,773.0,8450.0,3.9,22.0,3.7,,,,2.46,,2026-06 to 2026-08
1358,ROTI SARDIN,sekeping,MAKANAN SIAP MASAK,LAIN-LAIN,,unit is not a weight or volume,days,group MAKANAN SIAP MASAK,True,,"no per-kg factor in the source (processed, dried or concentrated)",,,,,,,,,,,,,,2026-06 to 2026-08
1359,KOPI 'O' PANAS,gelas kecil,MAKANAN SIAP MASAK,MINUMAN,,unit is not a weight or volume,days,group MAKANAN SIAP MASAK,True,,"no per-kg factor in the source (processed, dried or concentrated)",,,,,,,,,,,,,,2026-06 to 2026-08
1360,TEH 'O' PANAS,gelas kecil,MAKANAN SIAP MASAK,MINUMAN,,unit is not a weight or volume,days,group MAKANAN SIAP MASAK,True,,"no per-kg factor in the source (processed, dried or concentrated)",,,,,,,,,,,,,,2026-06 to 2026-08
1364,AYAM TUA HIDUP,1kg,BARANGAN SEGAR,AYAM,1.0,,days,group BARANGAN SEGAR,True,Poultry Meat,category AYAM,,,,,,,,,9.87,12.22,660.0,,9.87,2026-06 to 2026-08
1367,DAGING PAHA KAMBING BEBIRI IMPORT BERTULANG  (MUTTON) (AUSTRALIA),1kg,BARANGAN SEGAR,DAGING,1.0,,days,group BARANGAN SEGAR,True,Lamb & Mutton,category DAGING,36.7,34.9,40.0,85.0,755.0,34.0,7.0,36.99,39.72,369.81,1802.8,36.7,39.72,2026-06 to 2026-08
1368,DAGING PAHA KAMBING BEBIRI IMPORT BERTULANG (MUTTON) (NEW ZEALAND),1kg,BARANGAN SEGAR,DAGING,1.0,,days,group BARANGAN SEGAR,True,Lamb & Mutton,category DAGING,38.0,36.15,40.0,14.0,135.0,,,38.35,39.72,369.81,1802.8,38.0,39.72,2026-06 to 2026-08
1369,DAGING KAMBING TEMPATAN BERTULANG,1kg,BARANGAN SEGAR,DAGING,1.0,,days,group BARANGAN SEGAR,True,Lamb & Mutton,category DAGING,60.0,50.0,65.0,27.0,197.0,,,60.0,39.72,369.81,1802.8,60.0,39.72,2026-06 to 2026-08
1370,DAGING LEMBU IMPORT (TOPSIDE),1kg,BARANGAN SEGAR,DAGING,1.0,,days,group BARANGAN SEGAR,True,Beef (beef herd),beef or buffalo,40.45,29.24,49.47,30.0,115.0,38.7,6.0,40.9,99.48,326.21,1451.2,40.45,99.48,2026-06 to 2026-08
1371,DAGING LEMBU IMPORT (BLADE),1kg,BARANGAN SEGAR,DAGING,1.0,,days,group BARANGAN SEGAR,True,Beef (beef herd),beef or buffalo,47.95,41.16,52.9,30.0,194.0,39.8,3.0,47.44,99.48,326.21,1451.2,47.95,99.48,2026-06 to 2026-08
1372,DAGING LEMBU IMPORT (CHUCKTENDER),1kg,BARANGAN SEGAR,DAGING,1.0,,days,group BARANGAN SEGAR,True,Beef (beef herd),beef or buffalo,47.9,29.99,61.2,21.0,97.0,45.5,2.0,47.9,99.48,326.21,1451.2,47.9,99.48,2026-06 to 2026-08
1373,DAGING LEMBU IMPORT (KNUCKLE),1kg,BARANGAN SEGAR,DAGING,1.0,,days,group BARANGAN SEGAR,True,Beef (beef herd),beef or buffalo,48.45,42.6,55.9,38.0,251.0,43.0,5.0,48.9,99.48,326.21,1451.2,48.45,99.48,2026-06 to 2026-08
1374,DAGING KERBAU TEMPATAN,1kg,BARANGAN SEGAR,DAGING,1.0,,days,group BARANGAN SEGAR,True,Beef (beef herd),beef or buffalo,,,,,,,,,99.48,326.21,1451.2,,99.48,2026-06 to 2026-08
1375,DAGING KERBAU IMPORT (INDIA) * (SILVERSIDE),1kg,BARANGAN SEGAR,DAGING,1.0,,days,group BARANGAN SEGAR,True,Beef (beef herd),beef or buffalo,24.3,22.9,25.99,200.0,1936.0,24.9,37.0,24.79,99.48,326.21,1451.2,24.3,99.48,2026-06 to 2026-08
1376,DAGING KERBAU IMPORT (INDIA) * (RUMP),1kg,BARANGAN SEGAR,DAGING,1.0,,days,group BARANGAN SEGAR,True,Beef (beef herd),beef or buffalo,23.94,22.5,25.75,104.0,994.0,24.89,24.0,24.0,99.48,326.21,1451.2,23.94,99.48,2026-06 to 2026-08
1377,DAGING KERBAU IMPORT (INDIA) * (BLADE),1kg,BARANGAN SEGAR,DAGING,1.0,,days,group BARANGAN SEGAR,True,Beef (beef herd),beef or buffalo,24.2,22.99,26.9,254.0,2463.0,24.99,54.0,24.2,99.48,326.21,1451.2,24.2,99.48,2026-06 to 2026-08
1378,DAGING KERBAU IMPORT (INDIA) * (CHUCK),1kg,BARANGAN SEGAR,DAGING,1.0,,days,group BARANGAN SEGAR,True,Beef (beef herd),beef or buffalo,25.6,23.99,27.65,174.0,1568.0,24.95,24.0,25.94,99.48,326.21,1451.2,25.6,99.48,2026-06 to 2026-08
1379,DAGING BABI (PERUT / BELLY),1kg,BARANGAN SEGAR,DAGING,1.0,,days,group BARANGAN SEGAR,True,Pig Meat,category DAGING,40.0,35.12,44.0,126.0,1124.0,31.9,5.0,40.0,12.31,17.36,1795.8,40.0,12.31,2026-06 to 2026-08
1380,DAGING BABI (DAGING & LEMAK / LEAN & FAT),1kg,BARANGAN SEGAR,DAGING,1.0,,days,group BARANGAN SEGAR,True,Pig Meat,category DAGING,32.0,28.5,35.0,93.0,708.0,31.9,3.0,32.0,12.31,17.36,1795.8,32.0,12.31,2026-06 to 2026-08
1381,DAGING BABI (ISI DAGING / PURE LEAN),1kg,BARANGAN SEGAR,DAGING,1.0,,days,group BARANGAN SEGAR,True,Pig Meat,category DAGING,,,,,,,,,12.31,17.36,1795.8,,12.31,2026-06 to 2026-08
1383,DAGING BABI (RUSUK DENGAN DAGING/ RIBS WITH MEAT),1kg,BARANGAN SEGAR,DAGING,1.0,,days,group BARANGAN SEGAR,True,Pig Meat,category DAGING,,,,,,,,,12.31,17.36,1795.8,,12.31,2026-06 to 2026-08
1384,BABI HIDUP (±100KG / SEEKOR),±100kg/seekor,BARANGAN SEGAR,DAGING,100.0,,days,group BARANGAN SEGAR,True,Pig Meat,category DAGING,,,,,,,,,12.31,17.36,1795.8,,1231.0,2026-06 to 2026-08
1391,UDANG PUTIH BESAR (BERAT ANTARA 41 EKOR HINGGA 60 EKOR SEKILOGRAM),1kg,BARANGAN SEGAR,BAHAN LAUT,1.0,,days,group BARANGAN SEGAR,True,Prawns (farmed),category BAHAN LAUT,40.0,36.0,45.99,125.0,426.0,42.5,8.0,40.0,26.87,2.97,3515.4,40.0,26.87,2026-06 to 2026-08
1396,KUBIS BULAT IMPORT (INDONESIA),1kg,BARANGAN SEGAR,SAYUR-SAYURAN,1.0,,days,group BARANGAN SEGAR,True,Brassicas,category SAYUR-SAYURAN,3.62,3.38,4.0,16.0,82.0,3.99,3.0,3.88,0.51,0.55,119.4,3.62,0.51,2026-06 to 2026-08
1399,BAWANG PERAI (LEEK) TEMPATAN,1kg,BARANGAN SEGAR,SAYUR-SAYURAN,1.0,,days,group BARANGAN SEGAR,True,Onions & Leeks,category SAYUR-SAYURAN,6.49,6.49,6.49,1.0,1.0,,,,0.5,0.39,14.3,6.49,0.5,2026-06 to 2026-08
1400,BAWANG PERAI (LEEK) IMPORT,1kg,BARANGAN SEGAR,SAYUR-SAYURAN,1.0,,days,group BARANGAN SEGAR,True,Onions & Leeks,category SAYUR-SAYURAN,15.5,12.74,16.5,12.0,41.0,13.0,1.0,11.99,0.5,0.39,14.3,15.5,0.5,2026-06 to 2026-08
1402,HORLICKS (PAKET),400 g,MINUMAN,BAHAN-BAHAN MINUMAN,0.4,,months,"packaged, dry or long-life food",True,,"no per-kg factor in the source (processed, dried or concentrated)",,,,,,,,,,,,,,2026-06 to 2026-08
1412,KUBIS PANJANG CHINA - BESAR,1kg,BARANGAN SEGAR,SAYUR-SAYURAN,1.0,,days,group BARANGAN SEGAR,True,Brassicas,category SAYUR-SAYURAN,3.99,3.65,4.9,16.0,113.0,4.9,4.0,4.74,0.51,0.55,119.4,3.99,0.51,2026-06 to 2026-08
1419,KACANG DAL BIASA (INDIA),1kg,BARANGAN KERING,KACANG,1.0,,months,"packaged, dry or long-life food",True,Other Pulses,soybeans counted as pulses,13.9,9.9,13.9,3.0,4.0,,,13.9,1.79,15.57,435.7,13.9,1.79,2026-06 to 2026-08
1420,KACANG DAL MALAVI (INDIA),1kg,BARANGAN KERING,KACANG,1.0,,months,"packaged, dry or long-life food",True,Other Pulses,soybeans counted as pulses,15.9,15.9,19.0,5.0,23.0,,,15.9,1.79,15.57,435.7,15.9,1.79,2026-06 to 2026-08
1422,KACANG DAL (AUSTRALIA),1kg,BARANGAN KERING,KACANG,1.0,,months,"packaged, dry or long-life food",True,Other Pulses,soybeans counted as pulses,4.99,4.4,5.9,1324.0,15448.0,4.9,540.0,4.99,1.79,15.57,435.7,4.99,1.79,2026-06 to 2026-08
1431,DAGING LEMBU TEMPATAN (BAHAGIAN 1 DAGING PAHA (KECUALI BATANG PINANG - TENDERLOIN),1kg,BARANGAN SEGAR,DAGING,1.0,,days,group BARANGAN SEGAR,True,Beef (beef herd),beef or buffalo,36.0,32.0,39.0,132.0,1291.0,28.99,1.0,36.0,99.48,326.21,1451.2,36.0,99.48,2026-06 to 2026-08
1432,DAGING LEMBU TEMPATAN (BAHAGIAN 2 DAGING PEJAL (KECUALI BATANG PINANG - TENDERLOIN),1kg,BARANGAN SEGAR,DAGING,1.0,,days,group BARANGAN SEGAR,True,Beef (beef herd),beef or buffalo,36.0,31.25,39.0,138.0,1245.0,37.0,2.0,36.0,99.48,326.21,1451.2,36.0,99.48,2026-06 to 2026-08
1436,IKAN KERISI (ANTARA 5 HINGGA 10 EKOR SEKILOGRAM),1kg,BARANGAN SEGAR,BAHAN LAUT,1.0,,days,group BARANGAN SEGAR,True,Fish (farmed),approximate: the source has no wild-caught seafood,15.9,13.59,17.99,1153.0,57384.0,16.99,226.0,15.9,13.63,8.41,3691.3,15.9,13.63,2026-06 to 2026-08
1437,IKAN SIAKAP (ANTARA 2 HINGGA 4 EKOR SEKILOGRAM),1kg,BARANGAN SEGAR,BAHAN LAUT,1.0,,days,group BARANGAN SEGAR,True,Fish (farmed),approximate: the source has no wild-caught seafood,20.0,18.0,22.0,793.0,8006.0,20.0,227.0,20.0,13.63,8.41,3691.3,20.0,13.63,2026-06 to 2026-08
1438,IKAN TENGGIRI BATANG (KEPINGAN),1kg,BARANGAN SEGAR,BAHAN LAUT,1.0,,days,group BARANGAN SEGAR,True,Fish (farmed),approximate: the source has no wild-caught seafood,44.9,39.9,49.99,682.0,5195.0,40.0,79.0,45.0,13.63,8.41,3691.3,44.9,13.63,2026-06 to 2026-08
1440,BAWANG BESAR IMPORT (INDIA),1kg,BARANGAN KERING,BAWANG,1.0,,weeks,category BAWANG,True,Onions & Leeks,category BAWANG,3.29,2.6,4.0,1689.0,82958.0,3.9,659.0,3.5,0.5,0.39,14.3,3.29,0.5,2026-06 to 2026-08
1441,BAWANG BESAR IMPORT (CHINA),1kg,BARANGAN KERING,BAWANG,1.0,,weeks,category BAWANG,True,Onions & Leeks,category BAWANG,2.9,2.2,3.6,348.0,8177.0,2.5,107.0,2.9,0.5,0.39,14.3,2.9,0.5,2026-06 to 2026-08
1442,BAWANG KECIL MERAH BIASA IMPORT (INDIA),1kg,BARANGAN KERING,BAWANG,1.0,,weeks,category BAWANG,True,Onions & Leeks,category BAWANG,3.8,2.39,4.99,1138.0,56852.0,4.0,360.0,3.7,0.5,0.39,14.3,3.8,0.5,2026-06 to 2026-08
1443,BAWANG KECIL MERAH IMPORT (CHINA),1kg,BARANGAN KERING,BAWANG,1.0,,weeks,category BAWANG,True,Onions & Leeks,category BAWANG,4.0,2.5,5.12,76.0,839.0,4.25,12.0,3.49,0.5,0.39,14.3,4.0,0.5,2026-06 to 2026-08
1444,BAWANG KECIL MERAH IMPORT (MYANMAR),1kg,BARANGAN KERING,BAWANG,1.0,,weeks,category BAWANG,True,Onions & Leeks,category BAWANG,6.0,3.4,9.45,19.0,464.0,4.5,1.0,5.0,0.5,0.39,14.3,6.0,0.5,2026-06 to 2026-08
1445,BERAS CAP FAIZA EMAS (SST5%),10 kg,BARANGAN BERBUNGKUS,BERAS,10.0,,months,"packaged, dry or long-life food",True,Rice,category BERAS,26.0,25.99,26.0,57.0,239.0,26.0,30.0,26.0,4.45,2.8,2248.4,2.6,44.5,2026-06 to 2026-08
1458,KUBIS BULAT IMPORT (BEIJING),1kg,BARANGAN SEGAR,SAYUR-SAYURAN,1.0,,days,group BARANGAN SEGAR,True,Brassicas,category SAYUR-SAYURAN,4.55,3.9,5.5,1378.0,81069.0,5.0,375.0,4.99,0.51,0.55,119.4,4.55,0.51,2026-06 to 2026-08
1463,KRIMER SEJAT CARNATION,390g,BARANGAN BERBUNGKUS,KRIMER DAN SUSU TEPUNG,0.39,,months,"packaged, dry or long-life food",True,,"no per-kg factor in the source (processed, dried or concentrated)",,,,,,,,,,,,,,2026-06 to 2026-08
1468,PANADOL FOR CHILDREN SUSPENSION 1-6,60ml,BARANGAN KEDAI SERBANEKA,UBAT-UBATAN,0.06,volume read as 1 kg per litre,non-food,BARANGAN KEDAI SERBANEKA / UBAT-UBATAN,False,,not food,,,,,,,,,,,,,,2026-06 to 2026-08
1469,NESCAFE ''O'' PANAS,gelas kecil,MAKANAN SIAP MASAK,MINUMAN,,unit is not a weight or volume,days,group MAKANAN SIAP MASAK,True,,"no per-kg factor in the source (processed, dried or concentrated)",,,,,,,,,,,,,,2026-06 to 2026-08
1474,BERAS BASMATHI - FAIZA (KASHMIR),5 kg,BARANGAN BERBUNGKUS,BERAS,5.0,,months,"packaged, dry or long-life food",True,Rice,category BERAS,,,,,,,,,4.45,2.8,2248.4,,22.25,2026-06 to 2026-08
1475,IKAN BAWAL PUTIH (ANTARA 2 HINGGA 5 EKOR SEKILOGRAM),1kg,BARANGAN SEGAR,BAHAN LAUT,1.0,,days,group BARANGAN SEGAR,True,Fish (farmed),approximate: the source has no wild-caught seafood,40.0,35.0,48.99,349.0,8700.0,34.49,24.0,42.9,13.63,8.41,3691.3,40.0,13.63,2026-06 to 2026-08
1476,IKAN KEMBUNG (ANTARA 8 HINGGA 12 EKOR SEKILOGRAM),1kg,BARANGAN SEGAR,BAHAN LAUT,1.0,,days,group BARANGAN SEGAR,True,Fish (farmed),approximate: the source has no wild-caught seafood,16.0,13.41,19.0,1067.0,35754.0,16.99,283.0,16.2,13.63,8.41,3691.3,16.0,13.63,2026-06 to 2026-08
1477,IKAN MABUNG (ANTARA 6 HINGGA 10 EKOR SEKILOGRAM),1kg,BARANGAN SEGAR,BAHAN LAUT,1.0,,days,group BARANGAN SEGAR,True,Fish (farmed),approximate: the source has no wild-caught seafood,18.0,16.0,20.99,717.0,32522.0,18.9,117.0,18.0,13.63,8.41,3691.3,18.0,13.63,2026-06 to 2026-08
1479,BROKOLI,1kg,BARANGAN SEGAR,SAYUR-SAYURAN,1.0,,days,group BARANGAN SEGAR,True,Brassicas,category SAYUR-SAYURAN,11.99,9.9,13.99,1037.0,10481.0,12.0,391.0,11.9,0.51,0.55,119.4,11.99,0.51,2026-06 to 2026-08
1481,KUBIS BUNGA (CAULIFLOWER),1kg,BARANGAN SEGAR,SAYUR-SAYURAN,1.0,,days,group BARANGAN SEGAR,True,Brassicas,category SAYUR-SAYURAN,8.0,6.9,10.0,1706.0,90639.0,9.0,603.0,8.5,0.51,0.55,119.4,8.0,0.51,2026-06 to 2026-08
1482,KUBIS PANJANG (TEMPATAN),1kg,BARANGAN SEGAR,SAYUR-SAYURAN,1.0,,days,group BARANGAN SEGAR,True,Brassicas,category SAYUR-SAYURAN,5.0,5.0,7.79,5.0,24.0,,,5.94,0.51,0.55,119.4,5.0,0.51,2026-06 to 2026-08
1483,MEE KUNING BASAH (PELBAGAI JENAMA),+-450g,BARANGAN SEGAR,MEE/KUETIAU,0.45,approximate pack weight,days,group BARANGAN SEGAR,True,Wheat & Rye,wheat noodles,1.8,1.6,2.0,1463.0,17658.0,2.0,584.0,1.8,1.57,3.85,647.5,4.0,0.706,2026-06 to 2026-08
1484,KUETIAU BASAH (PELBAGAI JENAMA),+-450g,BARANGAN SEGAR,MEE/KUETIAU,0.45,approximate pack weight,days,group BARANGAN SEGAR,True,Rice,rice noodles,,,,,,,,,4.45,2.8,2248.4,,2.002,2026-06 to 2026-08
1485,EPAL HIJAU GRANNY SMITH (SAIZ M),1 biji,BARANGAN SEGAR,BUAH-BUAHAN,,unit is not a weight or volume,days,group BARANGAN SEGAR,True,Apples,category BUAH-BUAHAN,,,,,,,,,0.43,0.63,180.1,,,2026-06 to 2026-08
1486,EPAL MERAH RED DELICIOUS (SAIZ M),1 biji,BARANGAN SEGAR,BUAH-BUAHAN,,unit is not a weight or volume,days,group BARANGAN SEGAR,True,Apples,category BUAH-BUAHAN,2.19,2.19,2.19,1.0,1.0,,,,0.43,0.63,180.1,,,2026-06 to 2026-08
1487,OREN VALENCIA (SAIZ M),1 biji,BARANGAN SEGAR,BUAH-BUAHAN,,unit is not a weight or volume,days,group BARANGAN SEGAR,True,Citrus Fruit,category BUAH-BUAHAN,,,,,,,,,0.39,0.86,82.7,,,2026-06 to 2026-08
1489,ASAM JAWA (BERBIJI) PELBAGAI JENAMA,200 g,BARANGAN BERBUNGKUS,REMPAH RATUS (BERBUNGKUS),0.2,,months,"packaged, dry or long-life food",True,,"no per-kg factor in the source (processed, dried or concentrated)",1.4,1.2,1.61,652.0,7622.0,1.5,16.0,1.4,,,,7.0,,2026-06 to 2026-08
1491,BERAS PULUT THAILAND (SUSU) PELBAGAI JENAMA,1kg,BARANGAN BERBUNGKUS,BERAS,1.0,,months,"packaged, dry or long-life food",True,Rice,category BERAS,8.89,8.14,9.3,11.0,64.0,,,8.8,4.45,2.8,2248.4,8.89,4.45,2026-06 to 2026-08
1492,BERAS PULUT THAILAND (BIASA) PELBAGAI JENAMA,1kg,BARANGAN BERBUNGKUS,BERAS,1.0,,months,"packaged, dry or long-life food",True,Rice,category BERAS,7.35,6.85,7.65,10.0,58.0,,,7.35,4.45,2.8,2248.4,7.35,4.45,2026-06 to 2026-08
1493,BIHUN KERING TEMPATAN (CAP JASMINE),400 g,BARANGAN BERBUNGKUS,BIHUN,0.4,,months,"packaged, dry or long-life food",True,Rice,rice vermicelli,,,,,,,,,4.45,2.8,2248.4,,1.78,2026-06 to 2026-08
1494,ROTI GARDENIA BREAKTHRU - ROTI GANDUM PENUH,400 g,BARANGAN BERBUNGKUS,ROTI,0.4,,days,chilled or fresh product in its name,True,,"no per-kg factor in the source (processed, dried or concentrated)",,,,,,,,,,,,,,2026-06 to 2026-08
1498,TEPUNG JAGUNG (PELBAGAI JENAMA),400 g,BARANGAN BERBUNGKUS,TEPUNG,0.4,,months,"packaged, dry or long-life food",True,Maize,category TEPUNG,,,,,,,,,1.7,2.94,215.7,,0.68,2026-06 to 2026-08
1505,DUTCH LADY UHT COKLAT (KOTAK),200 ml,MINUMAN,TERSEDIA MINUM,0.2,volume read as 1 kg per litre,months,"packaged, dry or long-life food",True,Milk,liquid milk drinks,,,,,,,,,3.15,8.95,628.2,,0.63,2026-06 to 2026-08
1506,DUTCH LADY UHT FULL CREAM (KOTAK),200 ml,MINUMAN,TERSEDIA MINUM,0.2,volume read as 1 kg per litre,months,"packaged, dry or long-life food",True,Milk,liquid milk drinks,,,,,,,,,3.15,8.95,628.2,,0.63,2026-06 to 2026-08
1507,COCA COLA (TIN),320 ml,MINUMAN,TERSEDIA MINUM,0.32,volume read as 1 kg per litre,months,"packaged, dry or long-life food",True,,"no per-kg factor in the source (processed, dried or concentrated)",1.9,1.8,2.0,691.0,7539.0,1.9,19.0,1.9,,,,5.94,,2026-06 to 2026-08
1512,MAMEX LANGKAH 1 - RUMUSAN BAYI (KOTAK),600 g,SUSU DAN BARANGAN BAYI,SUSU BAYI,0.6,,months,"packaged, dry or long-life food",True,,"no per-kg factor in the source (processed, dried or concentrated)",,,,,,,,,,,,,,2026-06 to 2026-08
1513,SUSTAGEN KID 3+ (VANILLA) - KOTAK,600 g,SUSU DAN BARANGAN BAYI,SUSU BAYI,0.6,,months,"packaged, dry or long-life food",True,,"no per-kg factor in the source (processed, dried or concentrated)",,,,,,,,,,,,,,2026-06 to 2026-08
1514,SUSTAGEN JUNIOR 1+ (VANILLA ) - KOTAK,600 g,SUSU DAN BARANGAN BAYI,SUSU BAYI,0.6,,months,"packaged, dry or long-life food",True,,"no per-kg factor in the source (processed, dried or concentrated)",,,,,,,,,,,,,,2026-06 to 2026-08
1515,HEINZ FARLEY RUSKS (PELBAGAI PERISA),120 g,SUSU DAN BARANGAN BAYI,MAKANAN BAYI,0.12,,months,"packaged, dry or long-life food",True,,"no per-kg factor in the source (processed, dried or concentrated)",9.0,8.6,9.0,266.0,2793.0,8.9,41.0,9.0,,,,75.0,,2026-06 to 2026-08
1517,HEINZ APPLE PUREE,110 g,SUSU DAN BARANGAN BAYI,MAKANAN BAYI,0.11,,months,"packaged, dry or long-life food",True,,"no per-kg factor in the source (processed, dried or concentrated)",7.55,7.3,7.8,194.0,1918.0,7.5,3.0,7.55,,,,68.64,,2026-06 to 2026-08
1522,DRYPERS WEE WEE DRY,M74,SUSU DAN BARANGAN BAYI,LAMPIN PAKAI BUANG,,unit is not a weight or volume,non-food,SUSU DAN BARANGAN BAYI / LAMPIN PAKAI BUANG,False,,not food,,,,,,,,,,,,,,2026-06 to 2026-08
1524,BERUS GIGI COLGATE (ZIG ZAG - SOFT),1 batang,PRODUK KEBERSIHAN,PENJAGAAN DIRI,,unit is not a weight or volume,non-food,PRODUK KEBERSIHAN / PENJAGAAN DIRI,False,,not food,4.4,3.99,4.9,563.0,6304.0,4.0,16.0,4.45,,,,,,2026-06 to 2026-08
1525,BERUS GIGI ORAL B (COMPLETE EASY CLEAN - SOFT),1 batang,PRODUK KEBERSIHAN,PENJAGAAN DIRI,,unit is not a weight or volume,non-food,PRODUK KEBERSIHAN / PENJAGAAN DIRI,False,,not food,5.03,4.7,5.2,246.0,2488.0,4.75,9.0,5.1,,,,,,2026-06 to 2026-08
1538,SABUN PENCUCI AXION PASTE (LEMON),350 g,PRODUK KEBERSIHAN,PENJAGAAN RUMAH,0.35,,non-food,PRODUK KEBERSIHAN / PENJAGAAN RUMAH,False,,not food,,,,,,,,,,,,,,2026-06 to 2026-08
1539,SABUN PENCUCI KUAT HARIMAU (LEMON),400 g,PRODUK KEBERSIHAN,PENJAGAAN RUMAH,0.4,,non-food,PRODUK KEBERSIHAN / PENJAGAAN RUMAH,False,,not food,2.7,2.6,2.85,504.0,5982.0,2.85,19.0,2.69,,,,6.75,,2026-06 to 2026-08
1540,SABUN PENCUCI GLO (LEMON),900ml,PRODUK KEBERSIHAN,PENJAGAAN RUMAH,0.9,volume read as 1 kg per litre,non-food,PRODUK KEBERSIHAN / PENJAGAAN RUMAH,False,,not food,,,,,,,,,,,,,,2026-06 to 2026-08
1541,SABUN PENCUCI SUNLIGHT (LEMON),1000 ml,PRODUK KEBERSIHAN,PENJAGAAN RUMAH,1.0,volume read as 1 kg per litre,non-food,PRODUK KEBERSIHAN / PENJAGAAN RUMAH,False,,not food,,,,,,,,,,,,,,2026-06 to 2026-08
1543,KIUB SUP TOMYAM (MAGGI),2 X 10G,BARANGAN BERBUNGKUS,REMPAH RATUS (BERBUNGKUS),0.02,multipack,months,"packaged, dry or long-life food",True,,"no per-kg factor in the source (processed, dried or concentrated)",,,,,,,,,,,,,,2026-06 to 2026-08
1544,SERBUK NASI GORENG CINA ADABI,17 g,BARANGAN BERBUNGKUS,REMPAH RATUS (BERBUNGKUS),0.017,,months,"packaged, dry or long-life food",True,,"no per-kg factor in the source (processed, dried or concentrated)",1.4,1.3,1.5,724.0,8006.0,1.4,30.0,1.4,,,,82.35,,2026-06 to 2026-08
1545,PERENCAH NASI GORENG IKAN BILIS SERI AJI,26G,BARANGAN BERBUNGKUS,REMPAH RATUS (BERBUNGKUS),0.026,,months,"packaged, dry or long-life food",True,,"no per-kg factor in the source (processed, dried or concentrated)",1.47,1.38,1.5,610.0,6768.0,1.5,13.0,1.45,,,,56.54,,2026-06 to 2026-08
1547,PEPSI COLA (TIN),320 ml,MINUMAN,TERSEDIA MINUM,0.32,volume read as 1 kg per litre,months,"packaged, dry or long-life food",True,,"no per-kg factor in the source (processed, dried or concentrated)",1.8,1.7,1.9,648.0,7138.0,1.9,19.0,1.8,,,,5.62,,2026-06 to 2026-08
1550,PAHA AYAM (CHICKEN DRUMSTICK),1kg,BARANGAN SEGAR,AYAM,1.0,,days,group BARANGAN SEGAR,True,Poultry Meat,category AYAM,15.0,13.99,16.65,903.0,9989.0,15.5,153.0,15.15,9.87,12.22,660.0,15.0,9.87,2026-06 to 2026-08
1551,DADA AYAM (CHICKEN KEEL),1kg,BARANGAN SEGAR,AYAM,1.0,,days,group BARANGAN SEGAR,True,Poultry Meat,category AYAM,13.59,11.99,14.99,743.0,7937.0,13.75,130.0,13.5,9.87,12.22,660.0,13.59,9.87,2026-06 to 2026-08
1552,THIGH AYAM,1kg,BARANGAN SEGAR,AYAM,1.0,,days,group BARANGAN SEGAR,True,Poultry Meat,category AYAM,12.0,10.79,13.99,599.0,6587.0,13.99,74.0,11.99,9.87,12.22,660.0,12.0,9.87,2026-06 to 2026-08
1553,WHOLE LEG AYAM,1kg,BARANGAN SEGAR,AYAM,1.0,,days,group BARANGAN SEGAR,True,Poultry Meat,category AYAM,15.0,14.39,16.0,1133.0,13178.0,15.5,263.0,15.3,9.87,12.22,660.0,15.0,9.87,2026-06 to 2026-08
1554,IKAN MERAH (KEPINGAN),1kg,BARANGAN SEGAR,BAHAN LAUT,1.0,,days,group BARANGAN SEGAR,True,Fish (farmed),approximate: the source has no wild-caught seafood,49.99,44.94,56.99,615.0,5177.0,46.45,66.0,51.99,13.63,8.41,3691.3,49.99,13.63,2026-06 to 2026-08
1555,UDANG PUTIH/VANNAMEI (TERNAK) (ANTARA 41 HINGGA 60 EKOR SEKILOGRAM),1kg,BARANGAN SEGAR,BAHAN LAUT,1.0,,days,group BARANGAN SEGAR,True,Prawns (farmed),category BAHAN LAUT,34.0,31.9,37.0,1216.0,61012.0,35.0,287.0,34.0,26.87,2.97,3515.4,34.0,26.87,2026-06 to 2026-08
1556,BAYAM HIJAU,1kg,BARANGAN SEGAR,SAYUR-SAYURAN,1.0,,days,group BARANGAN SEGAR,True,Other Vegetables,category SAYUR-SAYURAN,5.9,4.59,7.0,1240.0,62079.0,6.44,324.0,5.58,0.53,0.38,102.5,5.9,0.53,2026-06 to 2026-08
1557,BAYAM MERAH,1kg,BARANGAN SEGAR,SAYUR-SAYURAN,1.0,,days,group BARANGAN SEGAR,True,Other Vegetables,category SAYUR-SAYURAN,7.39,7.39,7.39,1.0,1.0,,,,0.53,0.38,102.5,7.39,0.53,2026-06 to 2026-08
1558,SAWI HIJAU,1kg,BARANGAN SEGAR,SAYUR-SAYURAN,1.0,,days,group BARANGAN SEGAR,True,Brassicas,category SAYUR-SAYURAN,6.0,4.99,7.5,1525.0,80347.0,6.9,490.0,6.0,0.51,0.55,119.4,6.0,0.51,2026-06 to 2026-08
1559,KANGKUNG,1kg,BARANGAN SEGAR,SAYUR-SAYURAN,1.0,,days,group BARANGAN SEGAR,True,Other Vegetables,category SAYUR-SAYURAN,5.5,4.5,6.99,1328.0,68918.0,6.0,368.0,5.5,0.53,0.38,102.5,5.5,0.53,2026-06 to 2026-08
1560,KAILAN,1kg,BARANGAN SEGAR,SAYUR-SAYURAN,1.0,,days,group BARANGAN SEGAR,True,Brassicas,category SAYUR-SAYURAN,8.0,6.99,10.0,1130.0,55627.0,9.0,272.0,8.99,0.51,0.55,119.4,8.0,0.51,2026-06 to 2026-08
1561,TAUGE KACANG HIJAU,1kg,BARANGAN SEGAR,SAYUR-SAYURAN,1.0,,days,group BARANGAN SEGAR,True,Other Vegetables,category SAYUR-SAYURAN,,,,,,,,,0.53,0.38,102.5,,0.53,2026-06 to 2026-08
1562,UDANG KERING,100 g,BARANGAN KERING,HASIL LAUT KERING,0.1,,months,"packaged, dry or long-life food",True,,"no per-kg factor in the source (processed, dried or concentrated)",7.9,6.58,9.59,526.0,5737.0,8.34,14.0,7.9,,,,79.0,,2026-06 to 2026-08
1563,SOTONG KERING (SAIZ SERDAHANA),1kg,BARANGAN KERING,HASIL LAUT KERING,1.0,,months,"packaged, dry or long-life food",True,,"no per-kg factor in the source (processed, dried or concentrated)",90.0,59.9,125.9,125.0,1157.0,52.0,1.0,98.5,,,,90.0,,2026-06 to 2026-08
1564,BAWANG PUTIH IMPORT (CHINA),1kg,BARANGAN KERING,BAWANG,1.0,,weeks,category BAWANG,True,Onions & Leeks,category BAWANG,8.99,7.5,10.0,1911.0,98238.0,9.5,809.0,8.99,0.5,0.39,14.3,8.99,0.5,2026-06 to 2026-08
1566,SERBUK KARI IKAN (TIDAK BERBUNGKUS),100 g,BARANGAN BERBUNGKUS,REMPAH RATUS (TIDAK BERBUNGKUS),0.1,,months,"packaged, dry or long-life food",True,,"no per-kg factor in the source (processed, dried or concentrated)",,,,,,,,,,,,,,2026-06 to 2026-08
1567,SERBUK KARI DAGING (TIDAK BERBUNGKUS),100 g,BARANGAN BERBUNGKUS,REMPAH RATUS (TIDAK BERBUNGKUS),0.1,,months,"packaged, dry or long-life food",True,,"no per-kg factor in the source (processed, dried or concentrated)",,,,,,,,,,,,,,2026-06 to 2026-08
1568,SERBUK KARI IKAN ADABI,250 g,BARANGAN BERBUNGKUS,REMPAH RATUS (BERBUNGKUS),0.25,,months,"packaged, dry or long-life food",True,,"no per-kg factor in the source (processed, dried or concentrated)",6.7,6.4,6.99,1705.0,20968.0,6.8,758.0,6.7,,,,26.8,,2026-06 to 2026-08
1569,SERBUK KARI IKAN ALAGAPPAS,250 g,BARANGAN BERBUNGKUS,REMPAH RATUS (BERBUNGKUS),0.25,,months,"packaged, dry or long-life food",True,,"no per-kg factor in the source (processed, dried or concentrated)",,,,,,,,,,,,,,2026-06 to 2026-08
1570,SERBUK KARI AYAM DAN DAGING ADABI,250 g,BARANGAN BERBUNGKUS,REMPAH RATUS (BERBUNGKUS),0.25,,months,"packaged, dry or long-life food",True,,"no per-kg factor in the source (processed, dried or concentrated)",6.6,6.24,6.99,1853.0,22499.0,6.8,895.0,6.55,,,,26.4,,2026-06 to 2026-08
1571,SERBUK KARI DAGING ALAGAPPAS,250 g,BARANGAN BERBUNGKUS,REMPAH RATUS (BERBUNGKUS),0.25,,months,"packaged, dry or long-life food",True,,"no per-kg factor in the source (processed, dried or concentrated)",,,,,,,,,,,,,,2026-06 to 2026-08
1572,SERBUK KARI DAGING BABAS,250 g,BARANGAN BERBUNGKUS,REMPAH RATUS (BERBUNGKUS),0.25,,months,"packaged, dry or long-life food",True,,"no per-kg factor in the source (processed, dried or concentrated)",6.3,6.0,6.5,2016.0,25309.0,6.3,965.0,6.3,,,,25.2,,2026-06 to 2026-08
1573,SERBUK KURMA AYAM & DAGING ADABI,250 g,BARANGAN BERBUNGKUS,REMPAH RATUS (BERBUNGKUS),0.25,,months,"packaged, dry or long-life food",True,,"no per-kg factor in the source (processed, dried or concentrated)",,,,,,,,,,,,,,2026-06 to 2026-08
1575,SERBUK KURMA BABAS,125 g,BARANGAN BERBUNGKUS,REMPAH RATUS (BERBUNGKUS),0.125,,months,"packaged, dry or long-life food",True,,"no per-kg factor in the source (processed, dried or concentrated)",,,,,,,,,,,,,,2026-06 to 2026-08
1576,SERBUK KARI KURMA ALAGAPPAS,200 g,BARANGAN BERBUNGKUS,REMPAH RATUS (BERBUNGKUS),0.2,,months,"packaged, dry or long-life food",True,,"no per-kg factor in the source (processed, dried or concentrated)",,,,,,,,,,,,,,2026-06 to 2026-08
1577,SERBUK PERENCAH SUP ADABI,250 g,BARANGAN BERBUNGKUS,REMPAH RATUS (BERBUNGKUS),0.25,,months,"packaged, dry or long-life food",True,,"no per-kg factor in the source (processed, dried or concentrated)",9.1,8.8,9.54,1662.0,19738.0,9.2,727.0,9.1,,,,36.4,,2026-06 to 2026-08
1578,SERBUK REMPAH SUP MAK SITI,250 g,BARANGAN BERBUNGKUS,REMPAH RATUS (BERBUNGKUS),0.25,,months,"packaged, dry or long-life food",True,,"no per-kg factor in the source (processed, dried or concentrated)",,,,,,,,,,,,,,2026-06 to 2026-08
1579,SERBUK SUP FAIZA,220 g,BARANGAN BERBUNGKUS,REMPAH RATUS (BERBUNGKUS),0.22,,months,"packaged, dry or long-life food",True,,"no per-kg factor in the source (processed, dried or concentrated)",,,,,,,,,,,,,,2026-06 to 2026-08
1581,BERAS CAP RAMBUTAN (SST5%),10 kg,BARANGAN BERBUNGKUS,BERAS,10.0,,months,"packaged, dry or long-life food",True,Rice,category BERAS,26.0,26.0,26.0,82.0,248.0,26.0,5.0,26.0,4.45,2.8,2248.4,2.6,44.5,2026-06 to 2026-08
1582,BERAS CAP JASMINE (SST5%),10 kg,BARANGAN BERBUNGKUS,BERAS,10.0,,months,"packaged, dry or long-life food",True,Rice,category BERAS,26.0,26.0,26.0,277.0,1242.0,26.0,136.0,26.0,4.45,2.8,2248.4,2.6,44.5,2026-06 to 2026-08
1583,BERAS SUPER CAP JATI TWR  5% (IMPORT),10 kg,BARANGAN BERBUNGKUS,BERAS,10.0,,months,"packaged, dry or long-life food",True,Rice,category BERAS,31.5,31.5,33.53,298.0,2902.0,31.5,116.0,31.5,4.45,2.8,2248.4,3.15,44.5,2026-06 to 2026-08
1584,BIHUN KERING TEMPATAN (PELBAGAI JENAMA),400 g,BARANGAN BERBUNGKUS,BIHUN,0.4,,months,"packaged, dry or long-life food",True,Rice,rice vermicelli,3.0,2.79,3.3,1589.0,19456.0,3.0,776.0,2.99,4.45,2.8,2248.4,7.5,1.78,2026-06 to 2026-08
1585,BIHUN KERING IMPORT (PELBAGAI JENAMA),400 g,BARANGAN BERBUNGKUS,BIHUN,0.4,,months,"packaged, dry or long-life food",True,Rice,rice vermicelli,3.75,3.5,4.0,1382.0,17278.0,3.7,660.0,3.7,4.45,2.8,2248.4,9.38,1.78,2026-06 to 2026-08
1586,ROTI SANDWICH MASSIMO DENGAN GERMA GANDUM,400 g,BARANGAN BERBUNGKUS,ROTI,0.4,,days,chilled or fresh product in its name,True,,"no per-kg factor in the source (processed, dried or concentrated)",,,,,,,,,,,,,,2026-06 to 2026-08
1587,GULA HALUS CASTOR (PELBAGAI JENAMA),+- 500g,BARANGAN BERBUNGKUS,GULA,0.5,approximate pack weight,months,"packaged, dry or long-life food",True,Cane Sugar,category GULA,,,,,,,,,3.2,2.04,620.1,,1.6,2026-06 to 2026-08
1588,GULA MERAH LEMBUT (PELBAGAI JENAMA),+- 500g,BARANGAN BERBUNGKUS,GULA,0.5,approximate pack weight,months,"packaged, dry or long-life food",True,Cane Sugar,category GULA,3.75,2.65,4.5,521.0,4959.0,4.5,17.0,3.5,3.2,2.04,620.1,7.5,1.6,2026-06 to 2026-08
1589,GULA PUTIH BERTAPIS KASAR (PELBAGAI JENAMA),1kg,BARANGAN BERBUNGKUS,GULA,1.0,,months,"packaged, dry or long-life food",True,Cane Sugar,category GULA,2.85,2.85,2.85,1989.0,25329.0,2.85,986.0,2.85,3.2,2.04,620.1,2.85,3.2,2026-06 to 2026-08
1590,GULA PUTIH BERTAPIS HALUS (PELBAGAI JENAMA),1kg,BARANGAN BERBUNGKUS,GULA,1.0,,months,"packaged, dry or long-life food",True,Cane Sugar,category GULA,2.95,2.95,2.95,742.0,8178.0,2.95,266.0,2.95,3.2,2.04,620.1,2.95,3.2,2026-06 to 2026-08
1591,TEPUNG BERAS (PELBAGAI JENAMA),500 g,BARANGAN BERBUNGKUS,TEPUNG,0.5,,months,"packaged, dry or long-life food",True,Rice,category TEPUNG,,,,,,,,,4.45,2.8,2248.4,,2.225,2026-06 to 2026-08
1593,TEPUNG GANDUM GP (BERBUNGKUS) PELBAGAI JENAMA,1kg,BARANGAN BERBUNGKUS,TEPUNG,1.0,,months,"packaged, dry or long-life food",True,Wheat & Rye,category TEPUNG,,,,,,,,,1.57,3.85,647.5,,1.57,2026-06 to 2026-08
1594,TEPUNG PULUT (PELBAGAI JENAMA),500 g,BARANGAN BERBUNGKUS,TEPUNG,0.5,,months,"packaged, dry or long-life food",True,Rice,category TEPUNG,,,,,,,,,4.45,2.8,2248.4,,2.225,2026-06 to 2026-08
1595,MINYAK JAGUNG CAP DAISY,2 kg,BARANGAN BERBUNGKUS,MINYAK DAN LEMAK,2.0,,months,"packaged, dry or long-life food",True,,"no per-kg factor in the source (processed, dried or concentrated)",29.5,27.99,30.32,632.0,7405.0,28.9,19.0,29.5,,,,14.75,,2026-06 to 2026-08
1596,MINYAK JAGUNG CAP MAZOLA,2 kg,BARANGAN BERBUNGKUS,MINYAK DAN LEMAK,2.0,,months,"packaged, dry or long-life food",True,,"no per-kg factor in the source (processed, dried or concentrated)",29.55,28.8,29.9,48.0,452.0,28.55,2.0,29.6,,,,14.78,,2026-06 to 2026-08
1597,MINYAK JAGUNG CAP VECORN,2 kg,BARANGAN BERBUNGKUS,MINYAK DAN LEMAK,2.0,,months,"packaged, dry or long-life food",True,,"no per-kg factor in the source (processed, dried or concentrated)",29.4,28.42,30.3,278.0,2833.0,28.9,11.0,29.5,,,,14.7,,2026-06 to 2026-08
1598,MINYAK MASAK SEBATIAN CAP RED EAGLE,2 kg,BARANGAN BERBUNGKUS,MINYAK DAN LEMAK,2.0,,months,"packaged, dry or long-life food",True,Palm Oil,Malaysian cooking oil is palm olein,16.25,15.55,17.3,1045.0,11144.0,16.3,407.0,16.2,7.32,,,8.12,14.64,2026-06 to 2026-08
1599,MINYAK MASAK SEBATIAN CAP NEPTUNE,2 kg,BARANGAN BERBUNGKUS,MINYAK DAN LEMAK,2.0,,months,"packaged, dry or long-life food",True,Palm Oil,Malaysian cooking oil is palm olein,,,,,,,,,7.32,,,,14.64,2026-06 to 2026-08
1600,MINYAK MASAK SEBATIAN CAP KNIFE,2 kg,BARANGAN BERBUNGKUS,MINYAK DAN LEMAK,2.0,,months,"packaged, dry or long-life food",True,Palm Oil,Malaysian cooking oil is palm olein,16.0,15.5,16.6,1217.0,12482.0,16.2,484.0,15.99,7.32,,,8.0,14.64,2026-06 to 2026-08
1601,MINYAK MASAK TULEN CAP BURUH,2 kg,BARANGAN BERBUNGKUS,MINYAK DAN LEMAK,2.0,,months,"packaged, dry or long-life food",True,Palm Oil,Malaysian cooking oil is palm olein,13.3,13.13,13.3,1522.0,14101.0,13.3,690.0,13.3,7.32,,,6.65,14.64,2026-06 to 2026-08
1602,MINYAK MASAK TULEN CAP VESAWIT,2 kg,BARANGAN BERBUNGKUS,MINYAK DAN LEMAK,2.0,,months,"packaged, dry or long-life food",True,Palm Oil,Malaysian cooking oil is palm olein,13.3,13.3,13.3,1046.0,9247.0,13.3,420.0,13.3,7.32,,,6.65,14.64,2026-06 to 2026-08
1603,MINYAK SAPI CAP WINDMILL GHEEBLEND,400 g,BARANGAN BERBUNGKUS,MINYAK DAN LEMAK,0.4,,months,"packaged, dry or long-life food",True,,"no per-kg factor in the source (processed, dried or concentrated)",19.5,17.95,21.6,622.0,7028.0,18.8,18.0,19.5,,,,48.75,,2026-06 to 2026-08
1604,ASAM JAWA (TIDAK BERBIJI) ADABI,200 g,BARANGAN BERBUNGKUS,REMPAH RATUS (BERBUNGKUS),0.2,,months,"packaged, dry or long-life food",True,,"no per-kg factor in the source (processed, dried or concentrated)",4.99,4.61,5.2,767.0,8119.0,4.9,29.0,4.95,,,,24.95,,2026-06 to 2026-08
1605,GARAM HALUS BIASA (PELBAGAI JENAMA),+-350g,BARANGAN BERBUNGKUS,REMPAH RATUS (BERBUNGKUS),0.35,approximate pack weight,months,"packaged, dry or long-life food",True,,"no per-kg factor in the source (processed, dried or concentrated)",0.84,0.71,1.3,626.0,7040.0,0.98,22.0,0.8,,,,2.4,,2026-06 to 2026-08
1606,MENTEGA KACANG HALUS LADY'S CHOICE,500 g,BARANGAN BERBUNGKUS,SAPUAN (SPREADS),0.5,,months,"packaged, dry or long-life food",True,Groundnuts,peanut butter,18.9,15.99,19.2,679.0,7880.0,18.9,20.0,18.6,3.23,9.11,1852.3,37.8,1.615,2026-06 to 2026-08
1607,LEPAAN FARMCOWS,250 g,BARANGAN BERBUNGKUS,SAPUAN (SPREADS),0.25,,months,"packaged, dry or long-life food",True,,"no per-kg factor in the source (processed, dried or concentrated)",,,,,,,,,,,,,,2026-06 to 2026-08
1608,LEPAAN BUTTERCUP,250 g,BARANGAN BERBUNGKUS,SAPUAN (SPREADS),0.25,,months,"packaged, dry or long-life food",True,,"no per-kg factor in the source (processed, dried or concentrated)",,,,,,,,,,,,,,2026-06 to 2026-08
1609,MENTEGA SCS (SALTED),250 g,BARANGAN BERBUNGKUS,MENTEGA,0.25,,months,"packaged, dry or long-life food",True,,"no per-kg factor in the source (processed, dried or concentrated)",,,,,,,,,,,,,,2026-06 to 2026-08
1610,SANTAN KELAPA JENAMA M&S,500 ml,BARANGAN BERBUNGKUS,SANTAN (KOTAK),0.5,volume read as 1 kg per litre,months,"packaged, dry or long-life food",True,,"no per-kg factor in the source (processed, dried or concentrated)",8.29,8.1,8.6,909.0,10366.0,8.1,345.0,8.2,,,,16.58,,2026-06 to 2026-08
1611,SANTAN KELAPA JENAMA KARA,200 ml,BARANGAN BERBUNGKUS,SANTAN (KOTAK),0.2,volume read as 1 kg per litre,months,"packaged, dry or long-life food",True,,"no per-kg factor in the source (processed, dried or concentrated)",3.99,3.75,4.2,1989.0,23405.0,4.0,968.0,3.99,,,,19.95,,2026-06 to 2026-08
1612,SANTAN KELAPA JENAMA HARMUNI,200 ml,BARANGAN BERBUNGKUS,SANTAN (KOTAK),0.2,volume read as 1 kg per litre,months,"packaged, dry or long-life food",True,,"no per-kg factor in the source (processed, dried or concentrated)",3.99,3.5,4.1,704.0,7934.0,3.5,241.0,3.9,,,,19.95,,2026-06 to 2026-08
1613,ESEN STAR BRAND 'PELBAGAI PERISA',25 ml,BARANGAN BERBUNGKUS,ESEN DAN RAGI,0.025,volume read as 1 kg per litre,months,"packaged, dry or long-life food",True,,"no per-kg factor in the source (processed, dried or concentrated)",2.89,2.7,2.95,668.0,8125.0,2.9,24.0,2.89,,,,115.6,,2026-06 to 2026-08
1615,MENTEGA ANCHOR (SALTED),227g,BARANGAN BERBUNGKUS,MENTEGA,0.227,,months,"packaged, dry or long-life food",True,,"no per-kg factor in the source (processed, dried or concentrated)",15.6,14.5,16.29,737.0,8565.0,14.94,16.0,15.19,,,,68.72,,2026-06 to 2026-08
1616,MAURIPAN YIS SEGERA,11g,BARANGAN BERBUNGKUS,ESEN DAN RAGI,0.011,,months,"packaged, dry or long-life food",True,,"no per-kg factor in the source (processed, dried or concentrated)",,,,,,,,,,,,,,2026-06 to 2026-08
1618,SUSU ISIAN PEKAT MANIS CAP F & N,500 g,BARANGAN BERBUNGKUS,KRIMER DAN SUSU TEPUNG,0.5,,months,"packaged, dry or long-life food",True,,"no per-kg factor in the source (processed, dried or concentrated)",,,,,,,,,,,,,,2026-06 to 2026-08
1619,SUSU TEPUNG SEGERA DUTCHLADY (BIASA),600 g,BARANGAN BERBUNGKUS,KRIMER DAN SUSU TEPUNG,0.6,,months,"packaged, dry or long-life food",True,,"no per-kg factor in the source (processed, dried or concentrated)",19.9,19.5,20.4,552.0,5634.0,19.98,120.0,19.9,,,,33.17,,2026-06 to 2026-08
1623,S-26 SMA RUMUSAN BAYI LANGKAH 1 - (KOTAK),600 g,SUSU DAN BARANGAN BAYI,SUSU BAYI,0.6,,months,"packaged, dry or long-life food",True,,"no per-kg factor in the source (processed, dried or concentrated)",,,,,,,,,,,,,,2026-06 to 2026-08
1624,S-26 GOLD SMA RUMUSAN BAYI LANGKAH 1 - (KOTAK),600 g,SUSU DAN BARANGAN BAYI,SUSU BAYI,0.6,,months,"packaged, dry or long-life food",True,,"no per-kg factor in the source (processed, dried or concentrated)",,,,,,,,,,,,,,2026-06 to 2026-08
1628,NESTLE CERELAC GANDUM DAN MADU - KOTAK,225g,SUSU DAN BARANGAN BAYI,MAKANAN BAYI,0.225,,months,"packaged, dry or long-life food",True,,"no per-kg factor in the source (processed, dried or concentrated)",9.9,9.6,10.0,1376.0,15961.0,9.9,654.0,9.9,,,,44.0,,2026-06 to 2026-08
1629,NESTLE CERELAC BERAS MERAH & SUSU - TIN,350 g,SUSU DAN BARANGAN BAYI,MAKANAN BAYI,0.35,,months,"packaged, dry or long-life food",True,,"no per-kg factor in the source (processed, dried or concentrated)",,,,,,,,,,,,,,2026-06 to 2026-08
1630,BERUS GIGI COLGATE (TWISTER - SOFT),1 batang,PRODUK KEBERSIHAN,PENJAGAAN DIRI,,unit is not a weight or volume,non-food,PRODUK KEBERSIHAN / PENJAGAAN DIRI,False,,not food,4.9,4.5,5.45,517.0,5795.0,4.5,15.0,4.9,,,,,,2026-06 to 2026-08
1635,NESTLE COFFEE-MATE,450 g,MINUMAN,BAHAN-BAHAN MINUMAN,0.45,,months,"packaged, dry or long-life food",True,,drink mix or creamer,9.95,9.6,10.2,701.0,7562.0,9.9,24.0,9.9,,,,22.11,,2026-06 to 2026-08
1636,MILO (PAKET),400 g,MINUMAN,BAHAN-BAHAN MINUMAN,0.4,,months,"packaged, dry or long-life food",True,,"no per-kg factor in the source (processed, dried or concentrated)",,,,,,,,,,,,,,2026-06 to 2026-08
1637,MILO (PAKET),1kg,MINUMAN,BAHAN-BAHAN MINUMAN,1.0,,months,"packaged, dry or long-life food",True,,"no per-kg factor in the source (processed, dried or concentrated)",,,,,,,,,,,,,,2026-06 to 2026-08
1638,MILO 3 IN 1 (PAKET) - ORIGINAL,30x33g,MINUMAN,BAHAN-BAHAN MINUMAN,0.99,multipack,months,"packaged, dry or long-life food",True,,drink mix or creamer,,,,,,,,,,,,,,2026-06 to 2026-08
1645,SERBUK KOPI CAP KAPAL API (KASAR) (BERBUNGKUS),180 g,MINUMAN,BAHAN-BAHAN MINUMAN,0.18,,months,"packaged, dry or long-life food",True,Coffee,per kg of coffee powder,,,,,,,,,28.53,21.62,25.9,,5.135,2026-06 to 2026-08
1646,SERBUK KOPI HANG TUAH ROBUSTA,200 g,MINUMAN,BAHAN-BAHAN MINUMAN,0.2,,months,"packaged, dry or long-life food",True,Coffee,per kg of coffee powder,,,,,,,,,28.53,21.62,25.9,,5.706,2026-06 to 2026-08
1647,TEH LIPTON (SERBUK),400 g,MINUMAN,BAHAN-BAHAN MINUMAN,0.4,,months,"packaged, dry or long-life food",True,,"no per-kg factor in the source (processed, dried or concentrated)",,,,,,,,,,,,,,2026-06 to 2026-08
1650,TEH LIPTON (UNCANG),100 beg,MINUMAN,BAHAN-BAHAN MINUMAN,,unit is not a weight or volume,months,"packaged, dry or long-life food",True,,"no per-kg factor in the source (processed, dried or concentrated)",16.61,13.78,17.2,1148.0,3042.0,16.9,476.0,16.5,,,,,,2026-06 to 2026-08
1651,YEO'S SOYA (KOTAK),250 ml,MINUMAN,TERSEDIA MINUM,0.25,volume read as 1 kg per litre,months,"packaged, dry or long-life food",True,Soy milk,category TERSEDIA MINUM,1.2,1.1,1.39,66.0,629.0,1.2,7.0,1.2,0.98,0.66,27.8,4.8,0.245,2026-06 to 2026-08
1652,PAPERMATE LIQUID PAPER (PEN),7ml,BARANGAN KEDAI SERBANEKA,ALAT TULIS DAN BAHAN BACAAN,0.007,volume read as 1 kg per litre,non-food,BARANGAN KEDAI SERBANEKA / ALAT TULIS DAN BAHAN BACAAN,False,,not food,,,,,,,,,,,,,,2026-06 to 2026-08
1653,UHU GLUE (GAM PELBAGAI KEGUNAAN),20ml,BARANGAN KEDAI SERBANEKA,ALAT TULIS DAN BAHAN BACAAN,0.02,volume read as 1 kg per litre,non-food,BARANGAN KEDAI SERBANEKA / ALAT TULIS DAN BAHAN BACAAN,False,,not food,,,,,,,,,,,,,,2026-06 to 2026-08
1654,MAJALAH CLEO,senaskah,BARANGAN KEDAI SERBANEKA,MAJALAH,,unit is not a weight or volume,non-food,BARANGAN KEDAI SERBANEKA / MAJALAH,False,,not food,,,,,,,,,,,,,,2026-06 to 2026-08
1657,MAJALAH MINGGUAN WANITA,senaskah,BARANGAN KEDAI SERBANEKA,MAJALAH,,unit is not a weight or volume,non-food,BARANGAN KEDAI SERBANEKA / MAJALAH,False,,not food,,,,,,,,,,,,,,2026-06 to 2026-08
1658,COLGATE TOOTHBRUSH EXTRA CLEAN MEDIUM,1 batang,BARANGAN KEDAI SERBANEKA,BERUS GIGI,,unit is not a weight or volume,non-food,BARANGAN KEDAI SERBANEKA / BERUS GIGI,False,,not food,,,,,,,,,,,,,,2026-06 to 2026-08
1659,DARLIE TRAVEL KIT ADULT,1 unit,BARANGAN KEDAI SERBANEKA,UBAT GIGI,,unit is not a weight or volume,non-food,BARANGAN KEDAI SERBANEKA / UBAT GIGI,False,,not food,,,,,,,,,,,,,,2026-06 to 2026-08
1669,KOTEX SOFT AND SMOOTH OVERNIGHT WING 8 PADS (28CM),paket,BARANGAN KEDAI SERBANEKA,TUALA WANITA,,unit is not a weight or volume,non-food,BARANGAN KEDAI SERBANEKA / TUALA WANITA,False,,not food,,,,,,,,,,,,,,2026-06 to 2026-08
1670,KOTEX SOFT & SMOOTH MAXI WING 10 PADS,paket,BARANGAN KEDAI SERBANEKA,TUALA WANITA,,unit is not a weight or volume,non-food,BARANGAN KEDAI SERBANEKA / TUALA WANITA,False,,not food,,,,,,,,,,,,,,2026-06 to 2026-08
1671,REJOICE RICH SOFT SMOOTH SHAMPOO,70ml,BARANGAN KEDAI SERBANEKA,SYAMPU,0.07,volume read as 1 kg per litre,non-food,BARANGAN KEDAI SERBANEKA / SYAMPU,False,,not food,,,,,,,,,,,,,,2026-06 to 2026-08
1673,HEAD AND SHOULDERS COOL MENTHOL SHAMPOO,70ml,BARANGAN KEDAI SERBANEKA,SYAMPU,0.07,volume read as 1 kg per litre,non-food,BARANGAN KEDAI SERBANEKA / SYAMPU,False,,not food,,,,,,,,,,,,,,2026-06 to 2026-08
1677,KLEENEX FACIAL TISSUE VINTAGE SOFTPACK 50S X 3,paket,BARANGAN KEDAI SERBANEKA,TISU,,unit is not a weight or volume,non-food,BARANGAN KEDAI SERBANEKA / TISU,False,,not food,,,,,,,,,,,,,,2026-06 to 2026-08
1678,FUMAKILLA D1 (LINGKARAN NYAMUK) - 1 X 10'S,paket,BARANGAN KEDAI SERBANEKA,PENGHALAU NYAMUK,,unit is not a weight or volume,non-food,BARANGAN KEDAI SERBANEKA / PENGHALAU NYAMUK,False,,not food,,,,,,,,,,,,,,2026-06 to 2026-08
1680,PANADOL ACTIFAST 10S,paket,BARANGAN KEDAI SERBANEKA,UBAT-UBATAN,,unit is not a weight or volume,non-food,BARANGAN KEDAI SERBANEKA / UBAT-UBATAN,False,,not food,,,,,,,,,,,,,,2026-06 to 2026-08
1682,STREPSILS ORIGINAL 6 LOZENGES,paket,BARANGAN KEDAI SERBANEKA,UBAT-UBATAN,,unit is not a weight or volume,non-food,BARANGAN KEDAI SERBANEKA / UBAT-UBATAN,False,,not food,,,,,,,,,,,,,,2026-06 to 2026-08
1683,MISTER POTATO CRISPS (PELBAGAI PERISA) - BOTOL,160 g,BARANGAN KEDAI SERBANEKA,MAKANAN RINGAN,0.16,,months,"packaged, dry or long-life food",True,,"no per-kg factor in the source (processed, dried or concentrated)",,,,,,,,,,,,,,2026-06 to 2026-08
1684,PRINGLES POTATO CRISPS (PELBAGAI PERISA) - BOTOL,110 g,BARANGAN KEDAI SERBANEKA,MAKANAN RINGAN,0.11,,months,"packaged, dry or long-life food",True,,"no per-kg factor in the source (processed, dried or concentrated)",,,,,,,,,,,,,,2026-06 to 2026-08
1685,MISTER POTATO CHIPS (PELBAGAI PERISA) - PAKET,75 g,BARANGAN KEDAI SERBANEKA,MAKANAN RINGAN,0.075,,months,"packaged, dry or long-life food",True,,"no per-kg factor in the source (processed, dried or concentrated)",,,,,,,,,,,,,,2026-06 to 2026-08
1691,OREO BISKUT SANDWICH COKLAT JENAMA KRAFT (PELBAGAI PERISA),paket,BARANGAN KEDAI SERBANEKA,BISKUT,,unit is not a weight or volume,months,"packaged, dry or long-life food",True,,"no per-kg factor in the source (processed, dried or concentrated)",,,,,,,,,,,,,,2026-06 to 2026-08
1692,CREAM O BISKUT SANDWICH JENAMA JACK N JILL (PELBAGAI PERISA),132g,BARANGAN KEDAI SERBANEKA,BISKUT,0.132,,months,"packaged, dry or long-life food",True,,"no per-kg factor in the source (processed, dried or concentrated)",,,,,,,,,,,,,,2026-06 to 2026-08
1693,CHIPSMORE ORIGINAL,163.2g,BARANGAN KEDAI SERBANEKA,BISKUT,0.1632,,months,"packaged, dry or long-life food",True,,"no per-kg factor in the source (processed, dried or concentrated)",,,,,,,,,,,,,,2026-06 to 2026-08
1695,ENO SACHET GINGER,2x4.3g,BARANGAN KEDAI SERBANEKA,UBAT-UBATAN,0.0086,multipack,non-food,BARANGAN KEDAI SERBANEKA / UBAT-UBATAN,False,,not food,,,,,,,,,,,,,,2026-06 to 2026-08
1696,CHIPSMORE MINI HAZELNUTS,88g,BARANGAN KEDAI SERBANEKA,BISKUT,0.088,,months,"packaged, dry or long-life food",True,,"no per-kg factor in the source (processed, dried or concentrated)",,,,,,,,,,,,,,2026-06 to 2026-08
1697,TIGER BISKUAT SUSU,75 g,BARANGAN KEDAI SERBANEKA,BISKUT,0.075,,months,"packaged, dry or long-life food",True,,"no per-kg factor in the source (processed, dried or concentrated)",,,,,,,,,,,,,,2026-06 to 2026-08
1699,CADBURY DAIRY MILK HAZELNUT,40 g,BARANGAN KEDAI SERBANEKA,COKLAT,0.04,,months,"packaged, dry or long-life food",True,,"no per-kg factor in the source (processed, dried or concentrated)",,,,,,,,,,,,,,2026-06 to 2026-08
1700,KINDER JOY FOR BOYS/FOR GIRLS,20 g,BARANGAN KEDAI SERBANEKA,COKLAT,0.02,,months,"packaged, dry or long-life food",True,,"no per-kg factor in the source (processed, dried or concentrated)",,,,,,,,,,,,,,2026-06 to 2026-08
1701,TOBLERONE (MILK CHOCOLATE),50 g,BARANGAN KEDAI SERBANEKA,COKLAT,0.05,,months,"packaged, dry or long-life food",True,,"no per-kg factor in the source (processed, dried or concentrated)",,,,,,,,,,,,,,2026-06 to 2026-08
1704,NIPS CHOCOLATE COATED ROASTED PEANUT,85g,BARANGAN KEDAI SERBANEKA,COKLAT,0.085,,months,"packaged, dry or long-life food",True,,"no per-kg factor in the source (processed, dried or concentrated)",,,,,,,,,,,,,,2026-06 to 2026-08
1710,MAGGI HOT CUP (CURRY),64g,BARANGAN KEDAI SERBANEKA,MAKANAN SEGERA,0.064,,months,"packaged, dry or long-life food",True,,"no per-kg factor in the source (processed, dried or concentrated)",,,,,,,,,,,,,,2026-06 to 2026-08
1712,YAKULT (ACE/ACE LIGHT),80ml,BARANGAN KEDAI SERBANEKA,MINUMAN,0.08,volume read as 1 kg per litre,days,chilled or fresh product in its name,True,,"no per-kg factor in the source (processed, dried or concentrated)",,,,,,,,,,,,,,2026-06 to 2026-08
1718,LIVITA WITH HONEY (TIN),250 ml,BARANGAN KEDAI SERBANEKA,MINUMAN,0.25,volume read as 1 kg per litre,months,"packaged, dry or long-life food",True,,"no per-kg factor in the source (processed, dried or concentrated)",,,,,,,,,,,,,,2026-06 to 2026-08
1719,SEVEN UP LEMON & LIME,500 ml,BARANGAN KEDAI SERBANEKA,MINUMAN,0.5,volume read as 1 kg per litre,months,"packaged, dry or long-life food",True,,"no per-kg factor in the source (processed, dried or concentrated)",,,,,,,,,,,,,,2026-06 to 2026-08
1725,THREE LEGS COOLING WATER,200 ml,BARANGAN KEDAI SERBANEKA,MINUMAN,0.2,volume read as 1 kg per litre,months,"packaged, dry or long-life food",True,,"no per-kg factor in the source (processed, dried or concentrated)",,,,,,,,,,,,,,2026-06 to 2026-08
1727,COOL RHINO COOLING WATER,350ml,BARANGAN KEDAI SERBANEKA,MINUMAN,0.35,volume read as 1 kg per litre,months,"packaged, dry or long-life food",True,,"no per-kg factor in the source (processed, dried or concentrated)",,,,,,,,,,,,,,2026-06 to 2026-08
1728,NASI GORENG BIASA,sepinggan,MAKANAN SIAP MASAK,NASI,,unit is not a weight or volume,days,group MAKANAN SIAP MASAK,True,,"no per-kg factor in the source (processed, dried or concentrated)",,,,,,,,,,,,,,2026-06 to 2026-08
1729,NASI GORENG SEAFOOD,sepinggan,MAKANAN SIAP MASAK,NASI,,unit is not a weight or volume,days,group MAKANAN SIAP MASAK,True,,"no per-kg factor in the source (processed, dried or concentrated)",,,,,,,,,,,,,,2026-06 to 2026-08
1730,MI GORENG BIASA,sepinggan,MAKANAN SIAP MASAK,MEE / BIHUN / KUEY TEOW,,unit is not a weight or volume,days,group MAKANAN SIAP MASAK,True,,"no per-kg factor in the source (processed, dried or concentrated)",,,,,,,,,,,,,,2026-06 to 2026-08
1731,MI GORENG MAMAK,sepinggan,MAKANAN SIAP MASAK,MEE / BIHUN / KUEY TEOW,,unit is not a weight or volume,days,group MAKANAN SIAP MASAK,True,,"no per-kg factor in the source (processed, dried or concentrated)",,,,,,,,,,,,,,2026-06 to 2026-08
1732,MI HAILAM,sepinggan,MAKANAN SIAP MASAK,MEE / BIHUN / KUEY TEOW,,unit is not a weight or volume,days,group MAKANAN SIAP MASAK,True,,"no per-kg factor in the source (processed, dried or concentrated)",,,,,,,,,,,,,,2026-06 to 2026-08
1733,MI SUP (AYAM/DAGING),semangkuk,MAKANAN SIAP MASAK,MEE / BIHUN / KUEY TEOW,,unit is not a weight or volume,days,group MAKANAN SIAP MASAK,True,,"no per-kg factor in the source (processed, dried or concentrated)",,,,,,,,,,,,,,2026-06 to 2026-08
1734,MI TOM YAM,semangkuk,MAKANAN SIAP MASAK,MEE / BIHUN / KUEY TEOW,,unit is not a weight or volume,days,group MAKANAN SIAP MASAK,True,,"no per-kg factor in the source (processed, dried or concentrated)",,,,,,,,,,,,,,2026-06 to 2026-08
1735,MI BANDUNG,sepinggan,MAKANAN SIAP MASAK,MEE / BIHUN / KUEY TEOW,,unit is not a weight or volume,days,group MAKANAN SIAP MASAK,True,,"no per-kg factor in the source (processed, dried or concentrated)",,,,,,,,,,,,,,2026-06 to 2026-08
1736,MI LADNA,sepinggan,MAKANAN SIAP MASAK,MEE / BIHUN / KUEY TEOW,,unit is not a weight or volume,days,group MAKANAN SIAP MASAK,True,,"no per-kg factor in the source (processed, dried or concentrated)",,,,,,,,,,,,,,2026-06 to 2026-08
1737,MI KUNGFU,sepinggan,MAKANAN SIAP MASAK,MEE / BIHUN / KUEY TEOW,,unit is not a weight or volume,days,group MAKANAN SIAP MASAK,True,,"no per-kg factor in the source (processed, dried or concentrated)",,,,,,,,,,,,,,2026-06 to 2026-08
1738,BIHUN SUP (AYAM/DAGING),semangkuk,MAKANAN SIAP MASAK,MEE / BIHUN / KUEY TEOW,,unit is not a weight or volume,days,group MAKANAN SIAP MASAK,True,,"no per-kg factor in the source (processed, dried or concentrated)",,,,,,,,,,,,,,2026-06 to 2026-08
1739,KUETIAU GORENG BIASA,sepinggan,MAKANAN SIAP MASAK,MEE / BIHUN / KUEY TEOW,,unit is not a weight or volume,days,group MAKANAN SIAP MASAK,True,,"no per-kg factor in the source (processed, dried or concentrated)",,,,,,,,,,,,,,2026-06 to 2026-08
1740,KUETIAU HAILAM,sepinggan,MAKANAN SIAP MASAK,MEE / BIHUN / KUEY TEOW,,unit is not a weight or volume,days,group MAKANAN SIAP MASAK,True,,"no per-kg factor in the source (processed, dried or concentrated)",,,,,,,,,,,,,,2026-06 to 2026-08
1741,KUETIAU SUP (AYAM/DAGING),semangkuk,MAKANAN SIAP MASAK,MEE / BIHUN / KUEY TEOW,,unit is not a weight or volume,days,group MAKANAN SIAP MASAK,True,,"no per-kg factor in the source (processed, dried or concentrated)",,,,,,,,,,,,,,2026-06 to 2026-08
1742,KUETIAU TOM YAM,semangkuk,MAKANAN SIAP MASAK,MEE / BIHUN / KUEY TEOW,,unit is not a weight or volume,days,group MAKANAN SIAP MASAK,True,,"no per-kg factor in the source (processed, dried or concentrated)",,,,,,,,,,,,,,2026-06 to 2026-08
1743,KUETIAU BANDUNG,semangkuk,MAKANAN SIAP MASAK,MEE / BIHUN / KUEY TEOW,,unit is not a weight or volume,days,group MAKANAN SIAP MASAK,True,,"no per-kg factor in the source (processed, dried or concentrated)",,,,,,,,,,,,,,2026-06 to 2026-08
1744,KUETIAU LADNA,sepinggan,MAKANAN SIAP MASAK,MEE / BIHUN / KUEY TEOW,,unit is not a weight or volume,days,group MAKANAN SIAP MASAK,True,,"no per-kg factor in the source (processed, dried or concentrated)",,,,,,,,,,,,,,2026-06 to 2026-08
1745,KUETIAU KUNGFU,sepinggan,MAKANAN SIAP MASAK,MEE / BIHUN / KUEY TEOW,,unit is not a weight or volume,days,group MAKANAN SIAP MASAK,True,,"no per-kg factor in the source (processed, dried or concentrated)",,,,,,,,,,,,,,2026-06 to 2026-08
1746,CHAR KUETIAU,sepinggan,MAKANAN SIAP MASAK,MEE / BIHUN / KUEY TEOW,,unit is not a weight or volume,days,group MAKANAN SIAP MASAK,True,,"no per-kg factor in the source (processed, dried or concentrated)",,,,,,,,,,,,,,2026-06 to 2026-08
1747,MI HOKKIEN,sepinggan,MAKANAN SIAP MASAK,MEE / BIHUN / KUEY TEOW,,unit is not a weight or volume,days,group MAKANAN SIAP MASAK,True,,"no per-kg factor in the source (processed, dried or concentrated)",,,,,,,,,,,,,,2026-06 to 2026-08
1748,KON LOH MI (KICAP),sepinggan,MAKANAN SIAP MASAK,MEE / BIHUN / KUEY TEOW,,unit is not a weight or volume,days,group MAKANAN SIAP MASAK,True,,"no per-kg factor in the source (processed, dried or concentrated)",,,,,,,,,,,,,,2026-06 to 2026-08
1749,WAN TAN MI,semangkuk,MAKANAN SIAP MASAK,MEE / BIHUN / KUEY TEOW,,unit is not a weight or volume,days,group MAKANAN SIAP MASAK,True,,"no per-kg factor in the source (processed, dried or concentrated)",,,,,,,,,,,,,,2026-06 to 2026-08
1750,MI UDANG,semangkuk,MAKANAN SIAP MASAK,MEE / BIHUN / KUEY TEOW,,unit is not a weight or volume,days,group MAKANAN SIAP MASAK,True,,"no per-kg factor in the source (processed, dried or concentrated)",,,,,,,,,,,,,,2026-06 to 2026-08
1751,MI KARI,semangkuk,MAKANAN SIAP MASAK,MEE / BIHUN / KUEY TEOW,,unit is not a weight or volume,days,group MAKANAN SIAP MASAK,True,,"no per-kg factor in the source (processed, dried or concentrated)",,,,,,,,,,,,,,2026-06 to 2026-08
1752,DAGING KAMBING MASAK KARI,sepiring,MAKANAN SIAP MASAK,LAUK,,unit is not a weight or volume,days,group MAKANAN SIAP MASAK,True,,"no per-kg factor in the source (processed, dried or concentrated)",,,,,,,,,,,,,,2026-06 to 2026-08
1753,PAK CHOY SOS TIRAM,sepiring,MAKANAN SIAP MASAK,LAUK,,unit is not a weight or volume,days,group MAKANAN SIAP MASAK,True,,"no per-kg factor in the source (processed, dried or concentrated)",,,,,,,,,,,,,,2026-06 to 2026-08
1754,SAYUR TAUGEH,sepiring,MAKANAN SIAP MASAK,LAUK,,unit is not a weight or volume,days,group MAKANAN SIAP MASAK,True,,"no per-kg factor in the source (processed, dried or concentrated)",,,,,,,,,,,,,,2026-06 to 2026-08
1755,BABI (PORK) GORENG,sepiring,MAKANAN SIAP MASAK,LAUK,,unit is not a weight or volume,days,group MAKANAN SIAP MASAK,True,,"no per-kg factor in the source (processed, dried or concentrated)",,,,,,,,,,,,,,2026-06 to 2026-08
1756,BABI (PORK) MASAM MANIS,sepiring,MAKANAN SIAP MASAK,LAUK,,unit is not a weight or volume,days,group MAKANAN SIAP MASAK,True,,"no per-kg factor in the source (processed, dried or concentrated)",,,,,,,,,,,,,,2026-06 to 2026-08
1757,IKAN SIAKAP GORENG (SAIZ SEDERHANA),1 ekor,MAKANAN SIAP MASAK,LAUK,,unit is not a weight or volume,days,group MAKANAN SIAP MASAK,True,,"no per-kg factor in the source (processed, dried or concentrated)",,,,,,,,,,,,,,2026-06 to 2026-08
1758,IKAN SIAKAP MASAM MANIS (SAIZ SEDERHANA),1 ekor,MAKANAN SIAP MASAK,LAUK,,unit is not a weight or volume,days,group MAKANAN SIAP MASAK,True,,"no per-kg factor in the source (processed, dried or concentrated)",,,,,,,,,,,,,,2026-06 to 2026-08
1759,IKAN SIAKAP TIGA RASA (SAIZ SEDERHANA),1 ekor,MAKANAN SIAP MASAK,LAUK,,unit is not a weight or volume,days,group MAKANAN SIAP MASAK,True,,"no per-kg factor in the source (processed, dried or concentrated)",,,,,,,,,,,,,,2026-06 to 2026-08
1760,IKAN SIAKAP KUKUS/STIM (SAIZ SEDERHANA),1 ekor,MAKANAN SIAP MASAK,LAUK,,unit is not a weight or volume,days,group MAKANAN SIAP MASAK,True,,"no per-kg factor in the source (processed, dried or concentrated)",,,,,,,,,,,,,,2026-06 to 2026-08
1761,IKAN KERAPU GORENG (SAIZ SEDERHANA),1 ekor,MAKANAN SIAP MASAK,LAUK,,unit is not a weight or volume,days,group MAKANAN SIAP MASAK,True,,"no per-kg factor in the source (processed, dried or concentrated)",,,,,,,,,,,,,,2026-06 to 2026-08
1762,IKAN KERAPU MASAM MANIS (SAIZ SEDERHANA),1 ekor,MAKANAN SIAP MASAK,LAUK,,unit is not a weight or volume,days,group MAKANAN SIAP MASAK,True,,"no per-kg factor in the source (processed, dried or concentrated)",,,,,,,,,,,,,,2026-06 to 2026-08
1763,IKAN KERAPU TIGA RASA (SAIZ SEDERHANA),1 ekor,MAKANAN SIAP MASAK,LAUK,,unit is not a weight or volume,days,group MAKANAN SIAP MASAK,True,,"no per-kg factor in the source (processed, dried or concentrated)",,,,,,,,,,,,,,2026-06 to 2026-08
1764,IKAN KERAPU KUKUS/STIM (SAIZ SEDERHANA),1 ekor,MAKANAN SIAP MASAK,LAUK,,unit is not a weight or volume,days,group MAKANAN SIAP MASAK,True,,"no per-kg factor in the source (processed, dried or concentrated)",,,,,,,,,,,,,,2026-06 to 2026-08
1765,IKAN BAWAL HITAM GORENG (SAIZ SEDERHANA),1 ekor,MAKANAN SIAP MASAK,LAUK,,unit is not a weight or volume,days,group MAKANAN SIAP MASAK,True,,"no per-kg factor in the source (processed, dried or concentrated)",,,,,,,,,,,,,,2026-06 to 2026-08
1766,IKAN BAWAL HITAM MASAM MANIS (SAIZ SEDERHANA),1 ekor,MAKANAN SIAP MASAK,LAUK,,unit is not a weight or volume,days,group MAKANAN SIAP MASAK,True,,"no per-kg factor in the source (processed, dried or concentrated)",,,,,,,,,,,,,,2026-06 to 2026-08
1767,IKAN BAWAL HITAM TIGA RASA (SAIZ SEDERHANA),1 ekor,MAKANAN SIAP MASAK,LAUK,,unit is not a weight or volume,days,group MAKANAN SIAP MASAK,True,,"no per-kg factor in the source (processed, dried or concentrated)",,,,,,,,,,,,,,2026-06 to 2026-08
1768,IKAN BAWAL HITAM KUKUS/STIM (SAIZ SEDERHANA),1 ekor,MAKANAN SIAP MASAK,LAUK,,unit is not a weight or volume,days,group MAKANAN SIAP MASAK,True,,"no per-kg factor in the source (processed, dried or concentrated)",,,,,,,,,,,,,,2026-06 to 2026-08
1769,IKAN BAWAL PUTIH GORENG (SAIZ SEDERHANA),1 ekor,MAKANAN SIAP MASAK,LAUK,,unit is not a weight or volume,days,group MAKANAN SIAP MASAK,True,,"no per-kg factor in the source (processed, dried or concentrated)",,,,,,,,,,,,,,2026-06 to 2026-08
1770,IKAN BAWAL PUTIH MASAM MANIS (SAIZ SEDERHANA),1 ekor,MAKANAN SIAP MASAK,LAUK,,unit is not a weight or volume,days,group MAKANAN SIAP MASAK,True,,"no per-kg factor in the source (processed, dried or concentrated)",,,,,,,,,,,,,,2026-06 to 2026-08
1771,IKAN BAWAL PUTIH KUKUS/STIM (SAIZ SEDERHANA),1 ekor,MAKANAN SIAP MASAK,LAUK,,unit is not a weight or volume,days,group MAKANAN SIAP MASAK,True,,"no per-kg factor in the source (processed, dried or concentrated)",,,,,,,,,,,,,,2026-06 to 2026-08
1772,IKAN KEMBUNG GORENG (SAIZ SEDERHANA),1 ekor,MAKANAN SIAP MASAK,LAUK,,unit is not a weight or volume,days,group MAKANAN SIAP MASAK,True,,"no per-kg factor in the source (processed, dried or concentrated)",,,,,,,,,,,,,,2026-06 to 2026-08
1773,IKAN KEMBUNG MASAK KICAP (SAIZ SEDERHANA),1 ekor,MAKANAN SIAP MASAK,LAUK,,unit is not a weight or volume,days,group MAKANAN SIAP MASAK,True,,"no per-kg factor in the source (processed, dried or concentrated)",,,,,,,,,,,,,,2026-06 to 2026-08
1774,IKAN KEMBUNG TIGA RASA (SAIZ SEDERHANA),1 ekor,MAKANAN SIAP MASAK,LAUK,,unit is not a weight or volume,days,group MAKANAN SIAP MASAK,True,,"no per-kg factor in the source (processed, dried or concentrated)",,,,,,,,,,,,,,2026-06 to 2026-08
1775,IKAN TENGGIRI GORENG,sekeping,MAKANAN SIAP MASAK,LAUK,,unit is not a weight or volume,days,group MAKANAN SIAP MASAK,True,,"no per-kg factor in the source (processed, dried or concentrated)",,,,,,,,,,,,,,2026-06 to 2026-08
1776,IKAN TENGGIRI MASAK KARI,sekeping,MAKANAN SIAP MASAK,LAUK,,unit is not a weight or volume,days,group MAKANAN SIAP MASAK,True,,"no per-kg factor in the source (processed, dried or concentrated)",,,,,,,,,,,,,,2026-06 to 2026-08
1777,IKAN TILAPIA GORENG BIASA (SAIZ SEDERHANA),1 ekor,MAKANAN SIAP MASAK,LAUK,,unit is not a weight or volume,days,group MAKANAN SIAP MASAK,True,,"no per-kg factor in the source (processed, dried or concentrated)",,,,,,,,,,,,,,2026-06 to 2026-08
1778,IKAN TILAPIA MASAM MANIS (SAIZ SEDERHANA),1 ekor,MAKANAN SIAP MASAK,LAUK,,unit is not a weight or volume,days,group MAKANAN SIAP MASAK,True,,"no per-kg factor in the source (processed, dried or concentrated)",,,,,,,,,,,,,,2026-06 to 2026-08
1779,IKAN TILAPIA KUKUS/STIM (SAIZ SEDERHANA),1 ekor,MAKANAN SIAP MASAK,LAUK,,unit is not a weight or volume,days,group MAKANAN SIAP MASAK,True,,"no per-kg factor in the source (processed, dried or concentrated)",,,,,,,,,,,,,,2026-06 to 2026-08
1780,SUP PERUT,semangkuk,MAKANAN SIAP MASAK,LAUK,,unit is not a weight or volume,days,group MAKANAN SIAP MASAK,True,,"no per-kg factor in the source (processed, dried or concentrated)",,,,,,,,,,,,,,2026-06 to 2026-08
1782,ROTI NAAN,sekeping,MAKANAN SIAP MASAK,LAIN-LAIN,,unit is not a weight or volume,days,group MAKANAN SIAP MASAK,True,,"no per-kg factor in the source (processed, dried or concentrated)",,,,,,,,,,,,,,2026-06 to 2026-08
1783,ROTI CANAI BIASA,sekeping,MAKANAN SIAP MASAK,LAIN-LAIN,,unit is not a weight or volume,days,group MAKANAN SIAP MASAK,True,,"no per-kg factor in the source (processed, dried or concentrated)",,,,,,,,,,,,,,2026-06 to 2026-08
1784,KUIH KARIPAP (KENTANG),sebiji,MAKANAN SIAP MASAK,LAIN-LAIN,,unit is not a weight or volume,days,group MAKANAN SIAP MASAK,True,,"no per-kg factor in the source (processed, dried or concentrated)",,,,,,,,,,,,,,2026-06 to 2026-08
1785,VADAI MASALA,sebiji,MAKANAN SIAP MASAK,LAIN-LAIN,,unit is not a weight or volume,days,group MAKANAN SIAP MASAK,True,,"no per-kg factor in the source (processed, dried or concentrated)",,,,,,,,,,,,,,2026-06 to 2026-08
1786,VADAI ULUNDHU,sebiji,MAKANAN SIAP MASAK,LAIN-LAIN,,unit is not a weight or volume,days,group MAKANAN SIAP MASAK,True,,"no per-kg factor in the source (processed, dried or concentrated)",,,,,,,,,,,,,,2026-06 to 2026-08
1787,ROJAK BIASA,sepinggan,MAKANAN SIAP MASAK,LAIN-LAIN,,unit is not a weight or volume,days,group MAKANAN SIAP MASAK,True,,"no per-kg factor in the source (processed, dried or concentrated)",,,,,,,,,,,,,,2026-06 to 2026-08
1788,ROJAK MI,sepinggan,MAKANAN SIAP MASAK,LAIN-LAIN,,unit is not a weight or volume,days,group MAKANAN SIAP MASAK,True,,"no per-kg factor in the source (processed, dried or concentrated)",,,,,,,,,,,,,,2026-06 to 2026-08
1789,TEH TARIK PANAS,gelas kecil,MAKANAN SIAP MASAK,MINUMAN,,unit is not a weight or volume,days,group MAKANAN SIAP MASAK,True,,"no per-kg factor in the source (processed, dried or concentrated)",,,,,,,,,,,,,,2026-06 to 2026-08
1790,"KOPI ""O"" AIS",gelas besar,MAKANAN SIAP MASAK,MINUMAN,,unit is not a weight or volume,days,group MAKANAN SIAP MASAK,True,,"no per-kg factor in the source (processed, dried or concentrated)",,,,,,,,,,,,,,2026-06 to 2026-08
1791,KOPI AIS,gelas besar,MAKANAN SIAP MASAK,MINUMAN,,unit is not a weight or volume,days,group MAKANAN SIAP MASAK,True,,"no per-kg factor in the source (processed, dried or concentrated)",,,,,,,,,,,,,,2026-06 to 2026-08
1792,TEH AIS,gelas besar,MAKANAN SIAP MASAK,MINUMAN,,unit is not a weight or volume,days,group MAKANAN SIAP MASAK,True,,"no per-kg factor in the source (processed, dried or concentrated)",,,,,,,,,,,,,,2026-06 to 2026-08
1793,NESCAFE AIS,gelas besar,MAKANAN SIAP MASAK,MINUMAN,,unit is not a weight or volume,days,group MAKANAN SIAP MASAK,True,,"no per-kg factor in the source (processed, dried or concentrated)",,,,,,,,,,,,,,2026-06 to 2026-08
1794,LIMAU AIS,gelas besar,MAKANAN SIAP MASAK,MINUMAN,,unit is not a weight or volume,days,group MAKANAN SIAP MASAK,True,,"no per-kg factor in the source (processed, dried or concentrated)",,,,,,,,,,,,,,2026-06 to 2026-08
1795,JUS OREN,segelas,MAKANAN SIAP MASAK,MINUMAN,,unit is not a weight or volume,days,group MAKANAN SIAP MASAK,True,,"no per-kg factor in the source (processed, dried or concentrated)",,,,,,,,,,,,,,2026-06 to 2026-08
1796,CARROT SUSU,segelas,MAKANAN SIAP MASAK,MINUMAN,,unit is not a weight or volume,days,group MAKANAN SIAP MASAK,True,,"no per-kg factor in the source (processed, dried or concentrated)",,,,,,,,,,,,,,2026-06 to 2026-08
1804,KEPAK AYAM (CHICKEN WING),1kg,BARANGAN SEGAR,AYAM,1.0,,days,group BARANGAN SEGAR,True,Poultry Meat,category AYAM,15.5,14.39,16.9,1200.0,14443.0,15.9,281.0,15.5,9.87,12.22,660.0,15.5,9.87,2026-06 to 2026-08
1808,MENTOS (PELBAGAI PERISA),37g,BARANGAN KEDAI SERBANEKA,COKLAT,0.037,,months,"packaged, dry or long-life food",True,,"no per-kg factor in the source (processed, dried or concentrated)",,,,,,,,,,,,,,2026-06 to 2026-08
1814,LIMAU PANAS,gelas kecil,MAKANAN SIAP MASAK,MINUMAN,,unit is not a weight or volume,days,group MAKANAN SIAP MASAK,True,,"no per-kg factor in the source (processed, dried or concentrated)",,,,,,,,,,,,,,2026-06 to 2026-08
1818,KACANG BOTOL,1kg,BARANGAN SEGAR,SAYUR-SAYURAN,1.0,,days,group BARANGAN SEGAR,True,Other Vegetables,category SAYUR-SAYURAN,11.39,11.39,11.39,1.0,1.0,,,,0.53,0.38,102.5,11.39,0.53,2026-06 to 2026-08
1819,LENGKUAS,1kg,BARANGAN SEGAR,SAYUR-SAYURAN,1.0,,days,group BARANGAN SEGAR,True,Other Vegetables,category SAYUR-SAYURAN,10.0,8.99,12.0,1529.0,87382.0,11.0,470.0,10.0,0.53,0.38,102.5,10.0,0.53,2026-06 to 2026-08
1820,TELUR MASIN,1 biji,BARANGAN SEGAR,TELUR,,unit is not a weight or volume,weeks,category TELUR,True,Eggs,category TELUR,,,,,,,,,4.67,6.27,577.7,,,2026-06 to 2026-08
1821,TELUR MASIN,4 Biji,BARANGAN SEGAR,TELUR,,unit is not a weight or volume,weeks,category TELUR,True,Eggs,category TELUR,,,,,,,,,4.67,6.27,577.7,,,2026-06 to 2026-08
1822,BERAS PUTIH IMPORT SABAH RICE VAGAS TOKOU,10 kg,BARANGAN BERBUNGKUS,BERAS,10.0,,months,"packaged, dry or long-life food",True,Rice,category BERAS,28.0,27.5,28.5,60.0,276.0,28.0,18.0,28.0,4.45,2.8,2248.4,2.8,44.5,2026-06 to 2026-08
1823,BERAS TKC SABAH CAP TQR 5%,10 kg,BARANGAN BERBUNGKUS,BERAS,10.0,,months,"packaged, dry or long-life food",True,Rice,category BERAS,34.0,34.0,34.9,70.0,395.0,34.9,23.0,34.0,4.45,2.8,2248.4,3.4,44.5,2026-06 to 2026-08
1824,BERAS TKC SUPER HUMA CAP KELISA EMAS (SABAH),10 kg,BARANGAN BERBUNGKUS,BERAS,10.0,,months,"packaged, dry or long-life food",True,Rice,category BERAS,33.0,33.0,33.8,57.0,337.0,33.6,17.0,33.0,4.45,2.8,2248.4,3.3,44.5,2026-06 to 2026-08
1825,BERAS SUPER SAZARICE CAP ANGGUR (BERAS PUTIH IMPORT ),10 kg,BARANGAN BERBUNGKUS,BERAS,10.0,,months,"packaged, dry or long-life food",True,Rice,category BERAS,28.5,28.5,29.0,173.0,1571.0,28.9,76.0,28.5,4.45,2.8,2248.4,2.85,44.5,2026-06 to 2026-08
1826,BERAS SUPER SAZARICE CAP RODA (BERAS PUTIH IMPORT),10 kg,BARANGAN BERBUNGKUS,BERAS,10.0,,months,"packaged, dry or long-life food",True,Rice,category BERAS,28.3,28.3,28.7,169.0,1489.0,28.5,75.0,28.3,4.45,2.8,2248.4,2.83,44.5,2026-06 to 2026-08
1827,"TEPUNG GANDUM NGP (BERBUNGKUS, CAP MUHIBAH)",1kg,BARANGAN BERBUNGKUS,TEPUNG,1.0,,months,"packaged, dry or long-life food",True,Wheat & Rye,category TEPUNG,3.3,2.9,3.69,141.0,1230.0,3.29,59.0,3.2,1.57,3.85,647.5,3.3,1.57,2026-06 to 2026-08
1828,KICAP SOYA PEKAT MANIS CAP AYAM,330 ml,BARANGAN BERBUNGKUS,KICAP DAN SOS,0.33,volume read as 1 kg per litre,months,"packaged, dry or long-life food",True,,"no per-kg factor in the source (processed, dried or concentrated)",,,,,,,,,,,,,,2026-06 to 2026-08
1829,BUTTERLITE (LEPA SUSU ISTIMEWA),250 g,BARANGAN BERBUNGKUS,SAPUAN (SPREADS),0.25,,months,"packaged, dry or long-life food",True,,"no per-kg factor in the source (processed, dried or concentrated)",,,,,,,,,,,,,,2026-06 to 2026-08
1832,BERAS CAP BAO-BAO GOLDEN SARAWAK (SUPER IMPORT),10 kg,BARANGAN BERBUNGKUS,BERAS,10.0,,months,"packaged, dry or long-life food",True,Rice,category BERAS,27.9,27.9,27.9,38.0,382.0,27.9,4.0,27.9,4.45,2.8,2248.4,2.79,44.5,2026-06 to 2026-08
1833,BERAS PREMIUM CAP UNCLE TAN (SUPER IMPORT),10 kg,BARANGAN BERBUNGKUS,BERAS,10.0,,months,"packaged, dry or long-life food",True,Rice,category BERAS,31.0,30.5,31.0,134.0,1486.0,31.0,45.0,30.99,4.45,2.8,2248.4,3.1,44.5,2026-06 to 2026-08
1835,BIHUN KERING (CAP SWALLOW KONG MOON),400 g,BARANGAN BERBUNGKUS,BIHUN,0.4,,months,"packaged, dry or long-life food",True,Rice,rice vermicelli,,,,,,,,,4.45,2.8,2248.4,,1.78,2026-06 to 2026-08
1837,KICAP TONG NAM (DARK SOY SAUCE),330 ml,BARANGAN BERBUNGKUS,KICAP DAN SOS,0.33,volume read as 1 kg per litre,months,"packaged, dry or long-life food",True,,"no per-kg factor in the source (processed, dried or concentrated)",,,,,,,,,,,,,,2026-06 to 2026-08
1838,SERBUK KARI IKAN ALAGAPPAS,200 g,BARANGAN BERBUNGKUS,REMPAH RATUS (BERBUNGKUS),0.2,,months,"packaged, dry or long-life food",True,,"no per-kg factor in the source (processed, dried or concentrated)",,,,,,,,,,,,,,2026-06 to 2026-08
1839,SERBUK KARI DAGING ALAGAPPAS,200 g,BARANGAN BERBUNGKUS,REMPAH RATUS (BERBUNGKUS),0.2,,months,"packaged, dry or long-life food",True,,"no per-kg factor in the source (processed, dried or concentrated)",,,,,,,,,,,,,,2026-06 to 2026-08
1849,TEPUNG NAIK SENDIRI CAP 'BLUE KEY',1kg,BARANGAN BERBUNGKUS,TEPUNG,1.0,,months,"packaged, dry or long-life food",True,Wheat & Rye,category TEPUNG,5.1,4.9,5.3,702.0,7313.0,5.2,19.0,5.1,1.57,3.85,647.5,5.1,1.57,2026-06 to 2026-08
1851,TENOM COFFEE WANG EMAS (SERBUK),180 g,MINUMAN,BAHAN-BAHAN MINUMAN,0.18,,months,"packaged, dry or long-life food",True,Coffee,per kg of coffee powder,,,,,,,,,28.53,21.62,25.9,,5.135,2026-06 to 2026-08
1852,DESA FRESH MILK (KOTAK),1 liter,MINUMAN,TERSEDIA MINUM,1.0,volume read as 1 kg per litre,days,chilled or fresh product in its name,True,Milk,liquid milk drinks,7.35,7.16,7.78,42.0,83.0,7.6,12.0,7.49,3.15,8.95,628.2,7.35,3.15,2026-06 to 2026-08
1854,KORDIAL F&N SUN VALLEY (PELBAGAI PERISA),2 liter,MINUMAN,BAHAN-BAHAN MINUMAN,2.0,volume read as 1 kg per litre,months,"packaged, dry or long-life food",True,,"no per-kg factor in the source (processed, dried or concentrated)",12.59,12.5,12.9,297.0,758.0,12.8,133.0,12.6,,,,6.3,,2026-06 to 2026-08
1856,SERBUK KOPIMAS COFFEE (BOLD TRADITIONS),200 g,MINUMAN,BAHAN-BAHAN MINUMAN,0.2,,months,"packaged, dry or long-life food",True,Coffee,per kg of coffee powder,,,,,,,,,28.53,21.62,25.9,,5.706,2026-06 to 2026-08
1857,NASI KERABU (BIASA),sepinggan,MAKANAN SIAP MASAK,NASI,,unit is not a weight or volume,days,group MAKANAN SIAP MASAK,True,,"no per-kg factor in the source (processed, dried or concentrated)",,,,,,,,,,,,,,2026-06 to 2026-08
1858,NASI DAGANG (BIASA),sepinggan,MAKANAN SIAP MASAK,NASI,,unit is not a weight or volume,days,group MAKANAN SIAP MASAK,True,,"no per-kg factor in the source (processed, dried or concentrated)",,,,,,,,,,,,,,2026-06 to 2026-08
1859,"TEH ""O"" AIS",gelas besar,MAKANAN SIAP MASAK,MINUMAN,,unit is not a weight or volume,days,group MAKANAN SIAP MASAK,True,,"no per-kg factor in the source (processed, dried or concentrated)",,,,,,,,,,,,,,2026-06 to 2026-08
1860,"TEH ""O"" LIMAU AIS",gelas besar,MAKANAN SIAP MASAK,MINUMAN,,unit is not a weight or volume,days,group MAKANAN SIAP MASAK,True,,"no per-kg factor in the source (processed, dried or concentrated)",,,,,,,,,,,,,,2026-06 to 2026-08
1861,TEH HALIA AIS,gelas besar,MAKANAN SIAP MASAK,MINUMAN,,unit is not a weight or volume,days,group MAKANAN SIAP MASAK,True,,"no per-kg factor in the source (processed, dried or concentrated)",,,,,,,,,,,,,,2026-06 to 2026-08
1862,"NESCAFE ""O"" AIS",gelas besar,MAKANAN SIAP MASAK,MINUMAN,,unit is not a weight or volume,days,group MAKANAN SIAP MASAK,True,,"no per-kg factor in the source (processed, dried or concentrated)",,,,,,,,,,,,,,2026-06 to 2026-08
1863,NESLO AIS,gelas besar,MAKANAN SIAP MASAK,MINUMAN,,unit is not a weight or volume,days,group MAKANAN SIAP MASAK,True,,"no per-kg factor in the source (processed, dried or concentrated)",,,,,,,,,,,,,,2026-06 to 2026-08
1864,HORLICKS AIS,gelas besar,MAKANAN SIAP MASAK,MINUMAN,,unit is not a weight or volume,days,group MAKANAN SIAP MASAK,True,,"no per-kg factor in the source (processed, dried or concentrated)",,,,,,,,,,,,,,2026-06 to 2026-08
1865,MILO AIS,gelas besar,MAKANAN SIAP MASAK,MINUMAN,,unit is not a weight or volume,days,group MAKANAN SIAP MASAK,True,,"no per-kg factor in the source (processed, dried or concentrated)",,,,,,,,,,,,,,2026-06 to 2026-08
1866,"MILO ""O"" AIS",gelas besar,MAKANAN SIAP MASAK,MINUMAN,,unit is not a weight or volume,days,group MAKANAN SIAP MASAK,True,,"no per-kg factor in the source (processed, dried or concentrated)",,,,,,,,,,,,,,2026-06 to 2026-08
1867,SIRAP AIS,gelas besar,MAKANAN SIAP MASAK,MINUMAN,,unit is not a weight or volume,days,group MAKANAN SIAP MASAK,True,,"no per-kg factor in the source (processed, dried or concentrated)",,,,,,,,,,,,,,2026-06 to 2026-08
1868,SIRAP LIMAU AIS,gelas besar,MAKANAN SIAP MASAK,MINUMAN,,unit is not a weight or volume,days,group MAKANAN SIAP MASAK,True,,"no per-kg factor in the source (processed, dried or concentrated)",,,,,,,,,,,,,,2026-06 to 2026-08
1869,SIRAP BANDUNG AIS,gelas besar,MAKANAN SIAP MASAK,MINUMAN,,unit is not a weight or volume,days,group MAKANAN SIAP MASAK,True,,"no per-kg factor in the source (processed, dried or concentrated)",,,,,,,,,,,,,,2026-06 to 2026-08
1870,"TEPUNG GANDUM NGP (BERBUNGKUS, CAP  FAIZA)",1kg,BARANGAN BERBUNGKUS,TEPUNG,1.0,,months,"packaged, dry or long-life food",True,Wheat & Rye,category TEPUNG,3.6,3.54,3.8,816.0,9476.0,3.6,350.0,3.6,1.57,3.85,647.5,3.6,1.57,2026-06 to 2026-08
1871,KRIMER SEJAT CAIR SAJI,390g,BARANGAN BERBUNGKUS,KRIMER DAN SUSU TEPUNG,0.39,,months,"packaged, dry or long-life food",True,,"no per-kg factor in the source (processed, dried or concentrated)",,,,,,,,,,,,,,2026-06 to 2026-08
1872,MAYONIS SEBENAR LADY'S CHOICE,220ml,BARANGAN BERBUNGKUS,SAPUAN (SPREADS),0.22,volume read as 1 kg per litre,months,"packaged, dry or long-life food",True,,"no per-kg factor in the source (processed, dried or concentrated)",8.2,7.9,8.4,747.0,8240.0,7.99,23.0,8.2,,,,37.27,,2026-06 to 2026-08
1873,KRIMER MANIS CAP TEAPOT,500 g,BARANGAN BERBUNGKUS,KRIMER DAN SUSU TEPUNG,0.5,,months,"packaged, dry or long-life food",True,,"no per-kg factor in the source (processed, dried or concentrated)",,,,,,,,,,,,,,2026-06 to 2026-08
1874,DUTCH LADY 123 (BIASA),900 g,SUSU DAN BARANGAN BAYI,SUSU BAYI,0.9,,months,"packaged, dry or long-life food",True,,"no per-kg factor in the source (processed, dried or concentrated)",,,,,,,,,,,,,,2026-06 to 2026-08
1876,PELEMBUT PAKAIAN - DOWNY (PREMIUM PARFUM PASSION),800ml,PRODUK KEBERSIHAN,PENJAGAAN RUMAH,0.8,volume read as 1 kg per litre,non-food,PRODUK KEBERSIHAN / PENJAGAAN RUMAH,False,,not food,13.3,12.4,13.5,529.0,5708.0,12.9,19.0,13.2,,,,16.62,,2026-06 to 2026-08
1877,NESCAFE BLEND & BREW 3 IN 1 (PAKET ) - ORIGINAL,28x19g,MINUMAN,BAHAN-BAHAN MINUMAN,0.532,multipack,months,"packaged, dry or long-life food",True,,drink mix or creamer,,,,,,,,,,,,,,2026-06 to 2026-08
1879,SEVEN UP LEMON & LIME (TIN),320ml,MINUMAN,TERSEDIA MINUM,0.32,volume read as 1 kg per litre,months,"packaged, dry or long-life food",True,,"no per-kg factor in the source (processed, dried or concentrated)",1.8,1.7,1.9,634.0,6781.0,1.9,17.0,1.8,,,,5.62,,2026-06 to 2026-08
1880,YOGURT LACTEL (FAT FREE) (STRAWBERRY),125 g,MINUMAN,TERSEDIA MINUM,0.125,,days,chilled or fresh product in its name,True,Milk,liquid milk drinks,,,,,,,,,3.15,8.95,628.2,,0.394,2026-06 to 2026-08
1881,SERBUK CABAI ALAGAPPAS,230g,BARANGAN BERBUNGKUS,REMPAH RATUS (BERBUNGKUS),0.23,,months,"packaged, dry or long-life food",True,,"no per-kg factor in the source (processed, dried or concentrated)",,,,,,,,,,,,,,2026-06 to 2026-08
1882,TUNA CAP AYAM (TUNA MAYONNAISE),160 g,BARANGAN BERBUNGKUS,IKAN DALAM TIN,0.16,,months,"packaged, dry or long-life food",True,Fish (farmed),approximate: canned fish,,,,,,,,,13.63,8.41,3691.3,,2.181,2026-06 to 2026-08
1884,SABUN SERBUK FAB (PERFECT),720g,PRODUK KEBERSIHAN,PENJAGAAN RUMAH,0.72,,non-food,PRODUK KEBERSIHAN / PENJAGAAN RUMAH,False,,not food,,,,,,,,,,,,,,2026-06 to 2026-08
1886,PEMBARIS PLASTIK FABER CASTELL - 15CM,1 unit,BARANGAN KEDAI SERBANEKA,ALAT TULIS DAN BAHAN BACAAN,,unit is not a weight or volume,non-food,BARANGAN KEDAI SERBANEKA / ALAT TULIS DAN BAHAN BACAAN,False,,not food,,,,,,,,,,,,,,2026-06 to 2026-08
1887,DETTOL SHOWER FOAM ORIGINAL,250 ml,BARANGAN KEDAI SERBANEKA,SABUN BADAN,0.25,volume read as 1 kg per litre,non-food,BARANGAN KEDAI SERBANEKA / SABUN BADAN,False,,not food,,,,,,,,,,,,,,2026-06 to 2026-08
1889,AMBI PUR GEL FRESH AIR FRESHENER (PELBAGAI JENIS),180ml,BARANGAN KEDAI SERBANEKA,PEWANGI RUMAH,0.18,volume read as 1 kg per litre,non-food,BARANGAN KEDAI SERBANEKA / PEWANGI RUMAH,False,,not food,,,,,,,,,,,,,,2026-06 to 2026-08
1890,BYE BYE FEVER SUPER COOL (DEWASA),6sheets,BARANGAN KEDAI SERBANEKA,UBAT-UBATAN,,unit is not a weight or volume,non-food,BARANGAN KEDAI SERBANEKA / UBAT-UBATAN,False,,not food,,,,,,,,,,,,,,2026-06 to 2026-08
1891,SUPER RING SNACKS CHEESE,60 g,BARANGAN KEDAI SERBANEKA,MAKANAN RINGAN,0.06,,months,"packaged, dry or long-life food",True,,"no per-kg factor in the source (processed, dried or concentrated)",,,,,,,,,,,,,,2026-06 to 2026-08
1893,MUNCHY'S MUZIC WAFER VANILLA CUBE,90g,BARANGAN KEDAI SERBANEKA,BISKUT,0.09,,months,"packaged, dry or long-life food",True,,"no per-kg factor in the source (processed, dried or concentrated)",,,,,,,,,,,,,,2026-06 to 2026-08
1894,CALPIS (PELBAGAI PERISA),350ml,BARANGAN KEDAI SERBANEKA,MINUMAN,0.35,volume read as 1 kg per litre,months,"packaged, dry or long-life food",True,,"no per-kg factor in the source (processed, dried or concentrated)",,,,,,,,,,,,,,2026-06 to 2026-08
1896,COCA COLA LIGHT,320ml,BARANGAN KEDAI SERBANEKA,MINUMAN,0.32,volume read as 1 kg per litre,months,"packaged, dry or long-life food",True,,"no per-kg factor in the source (processed, dried or concentrated)",,,,,,,,,,,,,,2026-06 to 2026-08
1899,CILI KERING KERINTING (BERTANGKAI/TIDAK BERTANGKAI),1kg,BARANGAN KERING,CILI KERING,1.0,,months,"packaged, dry or long-life food",True,,"no per-kg factor in the source (processed, dried or concentrated)",20.0,18.4,25.0,1410.0,17128.0,22.0,516.0,20.0,,,,20.0,,2026-06 to 2026-08
1900,CILI KERING LEPER (BERTANGKAI/TIDAK BERTANGKAI),1kg,BARANGAN KERING,CILI KERING,1.0,,months,"packaged, dry or long-life food",True,,"no per-kg factor in the source (processed, dried or concentrated)",22.0,18.99,25.0,678.0,6808.0,23.0,199.0,22.39,,,,22.0,,2026-06 to 2026-08
1902,BERAS SAZARICE SUPER WR (BERAS PUTIH IMPORT),10 kg,BARANGAN BERBUNGKUS,BERAS,10.0,,months,"packaged, dry or long-life food",True,Rice,category BERAS,,,,,,,,,4.45,2.8,2248.4,,44.5,2026-06 to 2026-08
1903,BERAS KELAS MAHIR SUPER IMPORT RICE (5%),10 kg,BARANGAN BERBUNGKUS,BERAS,10.0,,months,"packaged, dry or long-life food",True,Rice,category BERAS,,,,,,,,,4.45,2.8,2248.4,,44.5,2026-06 to 2026-08
1904,DUMEX DUGRO 3 (1-3 TAHUN) (PELBAGAI PERISA),850g,SUSU DAN BARANGAN BAYI,SUSU BAYI,0.85,,months,"packaged, dry or long-life food",True,,"no per-kg factor in the source (processed, dried or concentrated)",25.9,25.5,26.0,1392.0,17208.0,25.9,653.0,25.9,,,,30.47,,2026-06 to 2026-08
1905,MAGGI 2 MINUTE NOODLE CURRY FLAVOUR (5X79G),5 X 79g,BARANGAN BERBUNGKUS,MI SEGERA,0.395,multipack,months,"packaged, dry or long-life food",True,Wheat & Rye,approximate: instant noodles,,,,,,,,,1.57,3.85,647.5,,0.62,2026-06 to 2026-08
1907,DAGING KAMBING BEBIRI IMPORT BERTULANG (LAMB) (AUSTRALIA - KOTAK) (1KG),1kg,BARANGAN SEGAR,DAGING,1.0,,days,group BARANGAN SEGAR,True,Lamb & Mutton,category DAGING,,,,,,,,,39.72,369.81,1802.8,,39.72,2026-06 to 2026-08
1908,DAGING KAMBING BEBIRI IMPORT BERTULANG (LAMB) (NEW ZEALAND - KOTAK),1kg,BARANGAN SEGAR,DAGING,1.0,,days,group BARANGAN SEGAR,True,Lamb & Mutton,category DAGING,,,,,,,,,39.72,369.81,1802.8,,39.72,2026-06 to 2026-08
1909,DAGING KAMBING BEBIRI IMPORT TANPA TULANG (LAMB) (TIDAK TERMASUK PAHA - AUSTRALIA),1kg,BARANGAN SEGAR,DAGING,1.0,,days,group BARANGAN SEGAR,True,Lamb & Mutton,category DAGING,,,,,,,,,39.72,369.81,1802.8,,39.72,2026-06 to 2026-08
1910,DAGING KAMBING BEBIRI IMPORT TANPA TULANG (LAMB) (TIDAK TERMASUK PAHA - NEW ZEALAND),1kg,BARANGAN SEGAR,DAGING,1.0,,days,group BARANGAN SEGAR,True,Lamb & Mutton,category DAGING,,,,,,,,,39.72,369.81,1802.8,,39.72,2026-06 to 2026-08
1911,DAGING PAHA KAMBING BEBIRI IMPORT BERTULANG (LAMB) (AUSTRALIA),1kg,BARANGAN SEGAR,DAGING,1.0,,days,group BARANGAN SEGAR,True,Lamb & Mutton,category DAGING,,,,,,,,,39.72,369.81,1802.8,,39.72,2026-06 to 2026-08
1912,DAGING PAHA KAMBING BEBIRI IMPORT BERTULANG (LAMB) (NEW ZEALAND),1kg,BARANGAN SEGAR,DAGING,1.0,,days,group BARANGAN SEGAR,True,Lamb & Mutton,category DAGING,,,,,,,,,39.72,369.81,1802.8,,39.72,2026-06 to 2026-08
1913,DAGING LEMBU IMPORT (BLOCK),1kg,BARANGAN SEGAR,DAGING,1.0,,days,group BARANGAN SEGAR,True,Beef (beef herd),beef or buffalo,32.99,26.99,33.75,69.0,348.0,22.5,9.0,32.99,99.48,326.21,1451.2,32.99,99.48,2026-06 to 2026-08
1914,DAGING KERBAU IMPORT (INDIA) (BLOCK),1kg,BARANGAN SEGAR,DAGING,1.0,,days,group BARANGAN SEGAR,True,Beef (beef herd),beef or buffalo,23.99,22.9,25.0,366.0,3266.0,23.5,79.0,23.99,99.48,326.21,1451.2,23.99,99.48,2026-06 to 2026-08
1915,IKAN JENAHAK (KEPINGAN),1kg,BARANGAN SEGAR,BAHAN LAUT,1.0,,days,group BARANGAN SEGAR,True,Fish (farmed),approximate: the source has no wild-caught seafood,45.0,42.0,52.72,574.0,5631.0,43.5,57.0,45.99,13.63,8.41,3691.3,45.0,13.63,2026-06 to 2026-08
1916,IKAN DEMUDUK/CUPAK/CERMIN (≤ 3 EKOR SEKILOGRAM),1kg,BARANGAN SEGAR,BAHAN LAUT,1.0,,days,group BARANGAN SEGAR,True,Fish (farmed),approximate: the source has no wild-caught seafood,28.0,22.9,31.89,571.0,19167.0,27.99,81.0,28.9,13.63,8.41,3691.3,28.0,13.63,2026-06 to 2026-08
1917,IKAN PARANG (KEPINGAN),1kg,BARANGAN SEGAR,BAHAN LAUT,1.0,,days,group BARANGAN SEGAR,True,Fish (farmed),approximate: the source has no wild-caught seafood,,,,,,,,,13.63,8.41,3691.3,,13.63,2026-06 to 2026-08
1918,IKAN TERUBOK (b	$ 4 EKOR SEKILOGRAM),1kg,BARANGAN SEGAR,BAHAN LAUT,1.0,,days,group BARANGAN SEGAR,True,Fish (farmed),approximate: the source has no wild-caught seafood,,,,,,,,,13.63,8.41,3691.3,,13.63,2026-06 to 2026-08
1919,UDANG PUTIH BESAR (ANTARA 20 HINGGA 30 EKOR SEKILOGRAM),1kg,BARANGAN SEGAR,BAHAN LAUT,1.0,,days,group BARANGAN SEGAR,True,Prawns (farmed),category BAHAN LAUT,50.0,40.0,60.0,102.0,389.0,42.45,8.0,53.0,26.87,2.97,3515.4,50.0,26.87,2026-06 to 2026-08
1920,KERANG (SAIZ SEDERHANA),1kg,BARANGAN SEGAR,BAHAN LAUT,1.0,,days,group BARANGAN SEGAR,True,Fish (farmed),approximate: the source has no wild-caught seafood,,,,,,,,,13.63,8.41,3691.3,,13.63,2026-06 to 2026-08
1921,IKAN TILAPIA MERAH (ANTARA 2 HINGGA 5 EKOR SEKILOGRAM),1kg,BARANGAN SEGAR,IKAN DARAT,1.0,,days,group BARANGAN SEGAR,True,Fish (farmed),category IKAN DARAT,16.0,13.99,18.0,991.0,47773.0,15.9,238.0,16.0,13.63,8.41,3691.3,16.0,13.63,2026-06 to 2026-08
1922,SADERI,1kg,BARANGAN SEGAR,SAYUR-SAYURAN,1.0,,days,group BARANGAN SEGAR,True,Other Vegetables,category SAYUR-SAYURAN,8.69,8.69,8.69,1.0,1.0,,,,0.53,0.38,102.5,8.69,0.53,2026-06 to 2026-08
1923,TERUNG BULAT,1kg,BARANGAN SEGAR,SAYUR-SAYURAN,1.0,,days,group BARANGAN SEGAR,True,Other Vegetables,category SAYUR-SAYURAN,8.89,7.9,9.99,955.0,10740.0,9.0,247.0,10.0,0.53,0.38,102.5,8.89,0.53,2026-06 to 2026-08
1924,SERBUK KUNYIT ALAGAPPAS,230g,BARANGAN BERBUNGKUS,REMPAH RATUS (BERBUNGKUS),0.23,,months,"packaged, dry or long-life food",True,,"no per-kg factor in the source (processed, dried or concentrated)",,,,,,,,,,,,,,2026-06 to 2026-08
1925,CILI API/PADI MERAH,1kg,BARANGAN SEGAR,SAYUR-SAYURAN,1.0,,days,group BARANGAN SEGAR,True,Other Vegetables,category SAYUR-SAYURAN,,,,,,,,,0.53,0.38,102.5,,0.53,2026-06 to 2026-08
1926,CILI AKAR HIJAU,1kg,BARANGAN SEGAR,SAYUR-SAYURAN,1.0,,days,group BARANGAN SEGAR,True,Other Vegetables,category SAYUR-SAYURAN,13.0,11.5,16.0,1465.0,77527.0,15.0,525.0,13.0,0.53,0.38,102.5,13.0,0.53,2026-06 to 2026-08
1927,CILI AKAR MERAH,1kg,BARANGAN SEGAR,SAYUR-SAYURAN,1.0,,days,group BARANGAN SEGAR,True,Other Vegetables,category SAYUR-SAYURAN,15.0,11.99,22.0,1318.0,72911.0,16.0,377.0,15.6,0.53,0.38,102.5,15.0,0.53,2026-06 to 2026-08
1928,LIMAU KASTURI,1kg,BARANGAN SEGAR,BUAH-BUAHAN,1.0,,days,group BARANGAN SEGAR,True,Citrus Fruit,category BUAH-BUAHAN,6.5,4.99,8.88,1570.0,88446.0,7.94,484.0,6.0,0.39,0.86,82.7,6.5,0.39,2026-06 to 2026-08
1929,SANTAN KELAPA SEGAR (PEKAT),1kg,BARANGAN SEGAR,KELAPA,1.0,,days,group BARANGAN SEGAR,True,,"no per-kg factor in the source (processed, dried or concentrated)",15.0,13.0,16.0,227.0,2209.0,14.5,21.0,15.0,,,,15.0,,2026-06 to 2026-08
1930,TELUR AYAM KAMPUNG,10 biji,BARANGAN SEGAR,TELUR,,unit is not a weight or volume,weeks,category TELUR,True,Eggs,category TELUR,,,,,,,,,4.67,6.27,577.7,,,2026-06 to 2026-08
1931,BAWANG BESAR IMPORT (PAKISTAN),1kg,BARANGAN KERING,BAWANG,1.0,,weeks,category BAWANG,True,Onions & Leeks,category BAWANG,2.64,2.24,3.89,108.0,1911.0,3.0,27.0,2.59,0.5,0.39,14.3,2.64,0.5,2026-06 to 2026-08
1933,BAWANG KECIL MERAH IMPORT (HOLLAND),1kg,BARANGAN KERING,BAWANG,1.0,,weeks,category BAWANG,True,Onions & Leeks,category BAWANG,,,,,,,,,0.5,0.39,14.3,,0.5,2026-06 to 2026-08
1934,MINYAK MASAK SEBATIAN CAP ADELA GOLD,1kg,BARANGAN BERBUNGKUS,MINYAK DAN LEMAK,1.0,,months,"packaged, dry or long-life food",True,Palm Oil,Malaysian cooking oil is palm olein,,,,,,,,,7.32,,,,7.32,2026-06 to 2026-08
1935,MINYAK MASAK SEBATIAN CAP ADELA GOLD,2 kg,BARANGAN BERBUNGKUS,MINYAK DAN LEMAK,2.0,,months,"packaged, dry or long-life food",True,Palm Oil,Malaysian cooking oil is palm olein,,,,,,,,,7.32,,,,14.64,2026-06 to 2026-08
1936,MINYAK MASAK SEBATIAN CAP ADELA GOLD,5 kg,BARANGAN BERBUNGKUS,MINYAK DAN LEMAK,5.0,,months,"packaged, dry or long-life food",True,Palm Oil,Malaysian cooking oil is palm olein,,,,,,,,,7.32,,,,36.6,2026-06 to 2026-08
1937,MINYAK MASAK TULEN CAP SAJI,1kg,BARANGAN BERBUNGKUS,MINYAK DAN LEMAK,1.0,,months,"packaged, dry or long-life food",True,Palm Oil,Malaysian cooking oil is palm olein,6.9,6.9,6.9,845.0,7545.0,6.9,292.0,6.9,7.32,,,6.9,7.32,2026-06 to 2026-08
1938,MINYAK MASAK TULEN CAP SAJI,2 kg,BARANGAN BERBUNGKUS,MINYAK DAN LEMAK,2.0,,months,"packaged, dry or long-life food",True,Palm Oil,Malaysian cooking oil is palm olein,13.3,13.3,13.3,1118.0,8948.0,13.3,526.0,13.3,7.32,,,6.65,14.64,2026-06 to 2026-08
1939,MINYAK MASAK TULEN CAP SAJI,5 kg,BARANGAN BERBUNGKUS,MINYAK DAN LEMAK,5.0,,months,"packaged, dry or long-life food",True,Palm Oil,Malaysian cooking oil is palm olein,30.9,30.89,30.9,1300.0,12204.0,30.9,600.0,30.9,7.32,,,6.18,36.6,2026-06 to 2026-08
1940,MINYAK MASAK TULEN CAP ALIF,1kg,BARANGAN BERBUNGKUS,MINYAK DAN LEMAK,1.0,,months,"packaged, dry or long-life food",True,Palm Oil,Malaysian cooking oil is palm olein,6.9,6.9,6.9,18.0,104.0,6.9,4.0,6.9,7.32,,,6.9,7.32,2026-06 to 2026-08
1941,MINYAK MASAK TULEN CAP ALIF,2 kg,BARANGAN BERBUNGKUS,MINYAK DAN LEMAK,2.0,,months,"packaged, dry or long-life food",True,Palm Oil,Malaysian cooking oil is palm olein,13.3,13.3,13.3,11.0,64.0,13.3,5.0,13.3,7.32,,,6.65,14.64,2026-06 to 2026-08
1942,MINYAK MASAK TULEN CAP ALIF,5 kg,BARANGAN BERBUNGKUS,MINYAK DAN LEMAK,5.0,,months,"packaged, dry or long-life food",True,Palm Oil,Malaysian cooking oil is palm olein,30.9,30.89,30.9,37.0,217.0,30.9,13.0,30.9,7.32,,,6.18,36.6,2026-06 to 2026-08
1943,KACANG MERAH (IMPORT),1kg,BARANGAN KERING,KACANG,1.0,,months,"packaged, dry or long-life food",True,Other Pulses,soybeans counted as pulses,11.9,11.9,11.9,1.0,1.0,,,,1.79,15.57,435.7,11.9,1.79,2026-06 to 2026-08
1944,KACANG SOYA (IMPORT),1kg,BARANGAN KERING,KACANG,1.0,,months,"packaged, dry or long-life food",True,Other Pulses,soybeans counted as pulses,7.0,6.5,8.5,524.0,6124.0,7.0,14.0,7.0,1.79,15.57,435.7,7.0,1.79,2026-06 to 2026-08
1945,TAUHU (JENIS KERAS),sekeping,BARANGAN SEGAR,TAUHU DAN TEMPE,,unit is not a weight or volume,days,group BARANGAN SEGAR,True,Tofu,category TAUHU DAN TEMPE,,,,,,,,,3.16,3.52,148.6,,,2026-06 to 2026-08
1946,TEMPE (BUNGKUSAN PLASTIK),sekeping,BARANGAN SEGAR,TAUHU DAN TEMPE,,unit is not a weight or volume,days,group BARANGAN SEGAR,True,Tofu,category TAUHU DAN TEMPE,,,,,,,,,3.16,3.52,148.6,,,2026-06 to 2026-08
1947,SERBUK PENAIK ROYAL (TIN),113g,BARANGAN BERBUNGKUS,ESEN DAN RAGI,0.113,,months,"packaged, dry or long-life food",True,,"no per-kg factor in the source (processed, dried or concentrated)",6.6,6.3,6.8,549.0,6026.0,6.6,14.0,6.6,,,,58.41,,2026-06 to 2026-08
1948,RAGI BULAT/RAGI TAPAI,1 biji,BARANGAN BERBUNGKUS,ESEN DAN RAGI,,unit is not a weight or volume,months,"packaged, dry or long-life food",True,,"no per-kg factor in the source (processed, dried or concentrated)",,,,,,,,,,,,,,2026-06 to 2026-08
1949,ROTI WHOLEMEAL (PELBAGAI JENAMA),400 g,BARANGAN BERBUNGKUS,ROTI,0.4,,days,chilled or fresh product in its name,True,,"no per-kg factor in the source (processed, dried or concentrated)",,,,,,,,,,,,,,2026-06 to 2026-08
1950,BUNGA RAYA YIS SEGERA,11g,BARANGAN BERBUNGKUS,ESEN DAN RAGI,0.011,,months,"packaged, dry or long-life food",True,,"no per-kg factor in the source (processed, dried or concentrated)",,,,,,,,,,,,,,2026-06 to 2026-08
1951,BERAS PREMIUM CAP 3A BOY (SUPER IMPORT),10 kg,BARANGAN BERBUNGKUS,BERAS,10.0,,months,"packaged, dry or long-life food",True,Rice,category BERAS,29.5,28.9,30.52,156.0,1749.0,29.5,63.0,29.5,4.45,2.8,2248.4,2.95,44.5,2026-06 to 2026-08
1952,KRIMER SEJAT CAP F&N,390g,BARANGAN BERBUNGKUS,KRIMER DAN SUSU TEPUNG,0.39,,months,"packaged, dry or long-life food",True,,"no per-kg factor in the source (processed, dried or concentrated)",,,,,,,,,,,,,,2026-06 to 2026-08
1953,KRIMER MANIS PEKAT CAP SAJI,500 g,BARANGAN BERBUNGKUS,KRIMER DAN SUSU TEPUNG,0.5,,months,"packaged, dry or long-life food",True,,"no per-kg factor in the source (processed, dried or concentrated)",3.49,3.25,3.6,1322.0,14399.0,3.45,646.0,3.4,,,,6.98,,2026-06 to 2026-08
1954,SUSU TEPUNG SEGERA EVERYDAY,900 g,BARANGAN BERBUNGKUS,KRIMER DAN SUSU TEPUNG,0.9,,months,"packaged, dry or long-life food",True,,"no per-kg factor in the source (processed, dried or concentrated)",,,,,,,,,,,,,,2026-06 to 2026-08
1955,YOGURT MARIGOLD (LOW FAT) (STRAWBERRY),130g,MINUMAN,TERSEDIA MINUM,0.13,,days,chilled or fresh product in its name,True,Milk,liquid milk drinks,2.9,2.89,3.0,648.0,6743.0,2.89,12.0,2.9,3.15,8.95,628.2,22.31,0.41,2026-06 to 2026-08
1956,NAN PRO LANGKAH 1 RUMUSAN BAYI (KOTAK),600 g,SUSU DAN BARANGAN BAYI,SUSU BAYI,0.6,,months,"packaged, dry or long-life food",True,,"no per-kg factor in the source (processed, dried or concentrated)",,,,,,,,,,,,,,2026-06 to 2026-08
1957,NAN PRO LANGKAH 2 RUMUSAN SUSULAN (KOTAK),600 g,SUSU DAN BARANGAN BAYI,SUSU BAYI,0.6,,months,"packaged, dry or long-life food",True,,"no per-kg factor in the source (processed, dried or concentrated)",,,,,,,,,,,,,,2026-06 to 2026-08
1958,NANKID OPTIPRO LANGKAH 3 RUMUSAN UNTUK KANAK-KANAK,600 g,SUSU DAN BARANGAN BAYI,SUSU BAYI,0.6,,months,"packaged, dry or long-life food",True,,"no per-kg factor in the source (processed, dried or concentrated)",,,,,,,,,,,,,,2026-06 to 2026-08
1959,SUSU SEGAR FARM FRESH,1 liter,MINUMAN,TERSEDIA MINUM,1.0,volume read as 1 kg per litre,days,chilled or fresh product in its name,True,Milk,liquid milk drinks,,,,,,,,,3.15,8.95,628.2,,3.15,2026-06 to 2026-08
1960,SUSU SEGAR KURMA FARM FRESH,700 g,MINUMAN,TERSEDIA MINUM,0.7,,days,chilled or fresh product in its name,True,Milk,liquid milk drinks,9.35,9.05,9.5,512.0,4256.0,9.62,6.0,9.35,3.15,8.95,628.2,13.36,2.205,2026-06 to 2026-08
1961,ANMUM ESSENTIAL LANGKAH 4 PERISA ASLI (TANPA GULA TAMBAHAN) - TIN,1.5kg,SUSU DAN BARANGAN BAYI,SUSU BAYI,1.5,,months,"packaged, dry or long-life food",True,,"no per-kg factor in the source (processed, dried or concentrated)",,,,,,,,,,,,,,2026-06 to 2026-08
1962,NESTUM (ORIGINAL),500 g,MINUMAN,BAHAN-BAHAN MINUMAN,0.5,,months,"packaged, dry or long-life food",True,,"no per-kg factor in the source (processed, dried or concentrated)",,,,,,,,,,,,,,2026-06 to 2026-08
1963,ANMUM ESSENTIAL LANGKAH 4 PERISA ASLI (TANPA GULA TAMBAHAN) - KOTAK,550 g,SUSU DAN BARANGAN BAYI,SUSU BAYI,0.55,,months,"packaged, dry or long-life food",True,,"no per-kg factor in the source (processed, dried or concentrated)",37.34,36.5,37.9,506.0,4626.0,37.3,108.0,37.5,,,,67.89,,2026-06 to 2026-08
1964,QUAKER OATS INSTANT OATMEALS,1kg,MINUMAN,BAHAN-BAHAN MINUMAN,1.0,,months,"packaged, dry or long-life food",True,Oatmeal,category BAHAN-BAHAN MINUMAN,11.9,10.66,12.23,102.0,911.0,13.9,1.0,11.5,2.48,7.6,482.4,11.9,2.48,2026-06 to 2026-08
1965,PEDIASURE (VANILA),600 g,SUSU DAN BARANGAN BAYI,SUSU BAYI,0.6,,months,"packaged, dry or long-life food",True,,"no per-kg factor in the source (processed, dried or concentrated)",,,,,,,,,,,,,,2026-06 to 2026-08
1966,MILNA BISKUT RUSK (PELBAGAI PERISA),130g,SUSU DAN BARANGAN BAYI,MAKANAN BAYI,0.13,,months,"packaged, dry or long-life food",True,,"no per-kg factor in the source (processed, dried or concentrated)",7.7,7.49,8.0,781.0,8711.0,7.9,253.0,7.6,,,,59.23,,2026-06 to 2026-08
1967,PETPET GOLD+,M70,SUSU DAN BARANGAN BAYI,LAMPIN PAKAI BUANG,,unit is not a weight or volume,non-food,SUSU DAN BARANGAN BAYI / LAMPIN PAKAI BUANG,False,,not food,,,,,,,,,,,,,,2026-06 to 2026-08
1968,DRYPERS WEE WEE DRY (M74),M74,SUSU DAN BARANGAN BAYI,LAMPIN PAKAI BUANG,,unit is not a weight or volume,non-food,SUSU DAN BARANGAN BAYI / LAMPIN PAKAI BUANG,False,,not food,,,,,,,,,,,,,,2026-06 to 2026-08
1969,HUGGIES DRY DIAPERS (M72),M72,SUSU DAN BARANGAN BAYI,LAMPIN PAKAI BUANG,,unit is not a weight or volume,non-food,SUSU DAN BARANGAN BAYI / LAMPIN PAKAI BUANG,False,,not food,,,,,,,,,,,,,,2026-06 to 2026-08
1970,DIAPEX EASY,M70,SUSU DAN BARANGAN BAYI,LAMPIN PAKAI BUANG,,unit is not a weight or volume,non-food,SUSU DAN BARANGAN BAYI / LAMPIN PAKAI BUANG,False,,not food,,,,,,,,,,,,,,2026-06 to 2026-08
1971,FITTI,M60,SUSU DAN BARANGAN BAYI,LAMPIN PAKAI BUANG,,unit is not a weight or volume,non-food,SUSU DAN BARANGAN BAYI / LAMPIN PAKAI BUANG,False,,not food,,,,,,,,,,,,,,2026-06 to 2026-08
1972,MAMYPOKO EXTRA DRY,M54,SUSU DAN BARANGAN BAYI,LAMPIN PAKAI BUANG,,unit is not a weight or volume,non-food,SUSU DAN BARANGAN BAYI / LAMPIN PAKAI BUANG,False,,not food,,,,,,,,,,,,,,2026-06 to 2026-08
1973,PETPET DAY NIGHT PANTS,M54,SUSU DAN BARANGAN BAYI,LAMPIN PAKAI BUANG,,unit is not a weight or volume,non-food,SUSU DAN BARANGAN BAYI / LAMPIN PAKAI BUANG,False,,not food,,,,,,,,,,,,,,2026-06 to 2026-08
1974,DRYPERS DRYPANTZ,M60,SUSU DAN BARANGAN BAYI,LAMPIN PAKAI BUANG,,unit is not a weight or volume,non-food,SUSU DAN BARANGAN BAYI / LAMPIN PAKAI BUANG,False,,not food,,,,,,,,,,,,,,2026-06 to 2026-08
1975,HUGGIES DRY PANTS,M60,SUSU DAN BARANGAN BAYI,LAMPIN PAKAI BUANG,,unit is not a weight or volume,non-food,SUSU DAN BARANGAN BAYI / LAMPIN PAKAI BUANG,False,,not food,,,,,,,,,,,,,,2026-06 to 2026-08
1976,MAGGI MI SEGERA PERISA KARI,5 X 79g,BARANGAN BERBUNGKUS,MI SEGERA,0.395,multipack,months,"packaged, dry or long-life food",True,Wheat & Rye,approximate: instant noodles,5.2,4.9,5.5,1976.0,24641.0,5.29,997.0,5.2,1.57,3.85,647.5,13.16,0.62,2026-06 to 2026-08
1977,CINTAN MI SEGERA PERISA AYAM,5 X 75g,BARANGAN BERBUNGKUS,MI SEGERA,0.375,multipack,months,"packaged, dry or long-life food",True,Wheat & Rye,approximate: instant noodles,,,,,,,,,1.57,3.85,647.5,,0.589,2026-06 to 2026-08
1978,MI SEDAP MI GORENG PERISA ASLI,5 X 90g,BARANGAN BERBUNGKUS,MI SEGERA,0.45,multipack,months,"packaged, dry or long-life food",True,Wheat & Rye,approximate: instant noodles,,,,,,,,,1.57,3.85,647.5,,0.706,2026-06 to 2026-08
1979,SABUN MANDIAN LIFEBUOY (COOL FRESH),300ml,PRODUK KEBERSIHAN,PENJAGAAN DIRI,0.3,volume read as 1 kg per litre,non-food,PRODUK KEBERSIHAN / PENJAGAAN DIRI,False,,not food,,,,,,,,,,,,,,2026-06 to 2026-08
1980,SABUN MANDIAN DETTOL ANTIBACTERIAL (FRESH),500 ml,PRODUK KEBERSIHAN,PENJAGAAN DIRI,0.5,volume read as 1 kg per litre,non-food,PRODUK KEBERSIHAN / PENJAGAAN DIRI,False,,not food,,,,,,,,,,,,,,2026-06 to 2026-08
1981,SABUN MANDIAN LUX (MAGICAL SPELL),220 ml,PRODUK KEBERSIHAN,PENJAGAAN DIRI,0.22,volume read as 1 kg per litre,non-food,PRODUK KEBERSIHAN / PENJAGAAN DIRI,False,,not food,,,,,,,,,,,,,,2026-06 to 2026-08
1982,SYAMPU REJOICE (RICH SOFT SMOOTH),340ml,PRODUK KEBERSIHAN,PENJAGAAN DIRI,0.34,volume read as 1 kg per litre,non-food,PRODUK KEBERSIHAN / PENJAGAAN DIRI,False,,not food,,,,,,,,,,,,,,2026-06 to 2026-08
1983,SYAMPU PANTENE PRO-V (HAIR FALL CONTROL),340ml,PRODUK KEBERSIHAN,PENJAGAAN DIRI,0.34,volume read as 1 kg per litre,non-food,PRODUK KEBERSIHAN / PENJAGAAN DIRI,False,,not food,,,,,,,,,,,,,,2026-06 to 2026-08
1984,SYAMPU HEAD & SHOULDERS (SMOOTH & SILKY),330 ml,PRODUK KEBERSIHAN,PENJAGAAN DIRI,0.33,volume read as 1 kg per litre,non-food,PRODUK KEBERSIHAN / PENJAGAAN DIRI,False,,not food,15.99,14.99,17.99,657.0,7634.0,15.94,22.0,15.99,,,,48.45,,2026-06 to 2026-08
1985,TUALA WANITA KOTEX SOFT & SMOOTH (MAXI - NON WING),10 PAD,PRODUK KEBERSIHAN,PENJAGAAN DIRI,,unit is not a weight or volume,non-food,PRODUK KEBERSIHAN / PENJAGAAN DIRI,False,,not food,,,,,,,,,,,,,,2026-06 to 2026-08
1986,TUALA WANITA LIBRESSE (MAXI - NON WING),10 PAD,PRODUK KEBERSIHAN,PENJAGAAN DIRI,,unit is not a weight or volume,non-food,PRODUK KEBERSIHAN / PENJAGAAN DIRI,False,,not food,,,,,,,,,,,,,,2026-06 to 2026-08
1987,DEODORAN NIVEA MAN (BLACK & WHITE INVISIBLE - ORIGINAL),150 ml,PRODUK KEBERSIHAN,PENJAGAAN DIRI,0.15,volume read as 1 kg per litre,non-food,PRODUK KEBERSIHAN / PENJAGAAN DIRI,False,,not food,18.99,16.9,22.4,493.0,5084.0,16.8,13.0,17.9,,,,126.6,,2026-06 to 2026-08
1988,DEODORAN NIVEA (EXTRA BRIGHTENING),150 ml,PRODUK KEBERSIHAN,PENJAGAAN DIRI,0.15,volume read as 1 kg per litre,non-food,PRODUK KEBERSIHAN / PENJAGAAN DIRI,False,,not food,21.5,17.9,22.89,497.0,5138.0,17.3,10.0,21.5,,,,143.33,,2026-06 to 2026-08
1989,DEODORAN REXONA MEN (SPORT DEFENSE),50 ml,PRODUK KEBERSIHAN,PENJAGAAN DIRI,0.05,volume read as 1 kg per litre,non-food,PRODUK KEBERSIHAN / PENJAGAAN DIRI,False,,not food,10.99,7.9,13.3,504.0,5216.0,7.9,17.0,10.99,,,,219.8,,2026-06 to 2026-08
1990,DEODORAN REXONA (POWDER DRY BRIGHTENING),50 ml,PRODUK KEBERSIHAN,PENJAGAAN DIRI,0.05,volume read as 1 kg per litre,non-food,PRODUK KEBERSIHAN / PENJAGAAN DIRI,False,,not food,10.9,8.52,12.99,310.0,2676.0,9.94,12.0,10.9,,,,218.0,,2026-06 to 2026-08
1991,SABUN SERBUK BREEZE (POWER CLEAN),750 g,PRODUK KEBERSIHAN,PENJAGAAN RUMAH,0.75,,non-food,PRODUK KEBERSIHAN / PENJAGAAN RUMAH,False,,not food,,,,,,,,,,,,,,2026-06 to 2026-08
1992,SABUN SERBUK ATTACK (AROMA FRESH + COLOUR),800 g,PRODUK KEBERSIHAN,PENJAGAAN RUMAH,0.8,,non-food,PRODUK KEBERSIHAN / PENJAGAAN RUMAH,False,,not food,10.9,10.5,10.99,345.0,4075.0,10.9,15.0,10.9,,,,13.62,,2026-06 to 2026-08
1993,SABUN SERBUK TOP (SUPER COLOUR),750 g,PRODUK KEBERSIHAN,PENJAGAAN RUMAH,0.75,,non-food,PRODUK KEBERSIHAN / PENJAGAAN RUMAH,False,,not food,,,,,,,,,,,,,,2026-06 to 2026-08
1994,DYNAMO POWER GEL (PERFECT CLEAN),3 kg,PRODUK KEBERSIHAN,PENJAGAAN RUMAH,3.0,,non-food,PRODUK KEBERSIHAN / PENJAGAAN RUMAH,False,,not food,,,,,,,,,,,,,,2026-06 to 2026-08
1995,DAIA EXCELLENT WASHING POWER (EUA DE PARFUM),750 g,PRODUK KEBERSIHAN,PENJAGAAN RUMAH,0.75,,non-food,PRODUK KEBERSIHAN / PENJAGAAN RUMAH,False,,not food,,,,,,,,,,,,,,2026-06 to 2026-08
1996,PELEMBUT PAKAIAN - SOFTLAN (FLORAL FANTASY),1 liter,PRODUK KEBERSIHAN,PENJAGAAN RUMAH,1.0,volume read as 1 kg per litre,non-food,PRODUK KEBERSIHAN / PENJAGAAN RUMAH,False,,not food,,,,,,,,,,,,,,2026-06 to 2026-08
1998,PENCUCI PELBAGAI GUNA DETTOL (LAVENDER),2.5 liter,PRODUK KEBERSIHAN,PENJAGAAN RUMAH,2.5,volume read as 1 kg per litre,non-food,PRODUK KEBERSIHAN / PENJAGAAN RUMAH,False,,not food,24.6,21.5,25.9,177.0,1777.0,20.12,2.0,25.2,,,,9.84,,2026-06 to 2026-08
1999,PENCUCI PELBAGAI GUNA MR MUSCLE (LAVENDER),2 liter,PRODUK KEBERSIHAN,PENJAGAAN RUMAH,2.0,volume read as 1 kg per litre,non-food,PRODUK KEBERSIHAN / PENJAGAAN RUMAH,False,,not food,13.99,12.84,14.99,675.0,7821.0,14.5,17.0,13.9,,,,7.0,,2026-06 to 2026-08
2000,PENCUCI PELBAGAI GUNA AJAX FABULOSO (LAVENDER),2 liter,PRODUK KEBERSIHAN,PENJAGAAN RUMAH,2.0,volume read as 1 kg per litre,non-food,PRODUK KEBERSIHAN / PENJAGAAN RUMAH,False,,not food,14.6,13.49,15.4,772.0,8251.0,14.94,24.0,14.59,,,,7.3,,2026-06 to 2026-08
2001,DUMEX DUPRO 2 (RUMUSAN SUSULAN),850g,SUSU DAN BARANGAN BAYI,SUSU BAYI,0.85,,months,"packaged, dry or long-life food",True,,"no per-kg factor in the source (processed, dried or concentrated)",29.5,28.8,30.1,1332.0,14973.0,29.7,642.0,29.5,,,,34.71,,2026-06 to 2026-08
2002,PELUNTUR CLOROX (ORIGINAL),1 liter,PRODUK KEBERSIHAN,PENJAGAAN RUMAH,1.0,volume read as 1 kg per litre,non-food,PRODUK KEBERSIHAN / PENJAGAAN RUMAH,False,,not food,4.9,4.69,5.5,651.0,7449.0,5.44,18.0,4.9,,,,4.9,,2026-06 to 2026-08
2003,BIHUN KERING IMPORT (PELBAGAI JENAMA),400 g,BARANGAN BERBUNGKUS,BIHUN,0.4,,months,"packaged, dry or long-life food",True,Rice,rice vermicelli,4.15,3.8,5.0,162.0,1481.0,4.8,59.0,4.0,4.45,2.8,2248.4,10.38,1.78,2026-06 to 2026-08
2004,BERAS SUPER IMPORT CAP FAMILY,10 kg,BARANGAN BERBUNGKUS,BERAS,10.0,,months,"packaged, dry or long-life food",True,Rice,category BERAS,27.6,27.4,27.8,2.0,25.0,27.2,1.0,27.6,4.45,2.8,2248.4,2.76,44.5,2026-06 to 2026-08
2008,SUSU TEPUNG PENUH KRIM SEGERA NESPRAY,480 g,BARANGAN BERBUNGKUS,KRIMER DAN SUSU TEPUNG,0.48,,months,"packaged, dry or long-life food",True,,"no per-kg factor in the source (processed, dried or concentrated)",,,,,,,,,,,,,,2026-06 to 2026-08
2009,DUTCH LADY 123 (PELBAGAI PERISA),850g,SUSU DAN BARANGAN BAYI,SUSU BAYI,0.85,,months,"packaged, dry or long-life food",True,,"no per-kg factor in the source (processed, dried or concentrated)",24.8,23.49,25.5,1537.0,19825.0,24.9,745.0,24.75,,,,29.18,,2026-06 to 2026-08
2010,DUTCH LADY 456 (PELBAGAI PERISA),850g,SUSU DAN BARANGAN BAYI,SUSU BAYI,0.85,,months,"packaged, dry or long-life food",True,,"no per-kg factor in the source (processed, dried or concentrated)",24.8,23.49,25.5,1523.0,19650.0,24.9,737.0,24.75,,,,29.18,,2026-06 to 2026-08
2011,KIUB SUP TOM YAM (MAGGI),6 X 10g,BARANGAN BERBUNGKUS,REMPAH RATUS (BERBUNGKUS),0.06,multipack,months,"packaged, dry or long-life food",True,,"no per-kg factor in the source (processed, dried or concentrated)",3.3,3.19,3.4,787.0,9245.0,3.3,22.0,3.3,,,,55.0,,2026-06 to 2026-08
2012,KICAP TAMIN (DARK SOY SAUCE),350ml,BARANGAN BERBUNGKUS,KICAP DAN SOS,0.35,volume read as 1 kg per litre,months,"packaged, dry or long-life food",True,,"no per-kg factor in the source (processed, dried or concentrated)",,,,,,,,,,,,,,2026-06 to 2026-08
2013,KRAFT DAIRYLEA SINGLES CHEESE 12 SLICES,250 g,BARANGAN BERBUNGKUS,SAPUAN (SPREADS),0.25,,months,"packaged, dry or long-life food",True,Cheese,category SAPUAN (SPREADS),,,,,,,,,23.88,87.79,5605.2,,5.97,2026-06 to 2026-08
2014,ENFAGROW A+ MIND PRO LANGKAH 3 (PELBAGAI PERISA) (KOTAK),500 g,SUSU DAN BARANGAN BAYI,SUSU BAYI,0.5,,months,"packaged, dry or long-life food",True,,"no per-kg factor in the source (processed, dried or concentrated)",56.96,56.5,58.16,722.0,8309.0,56.9,249.0,57.49,,,,113.92,,2026-06 to 2026-08
2015,PETPET PANTS GOLD+,M60,SUSU DAN BARANGAN BAYI,LAMPIN PAKAI BUANG,,unit is not a weight or volume,non-food,SUSU DAN BARANGAN BAYI / LAMPIN PAKAI BUANG,False,,not food,,,,,,,,,,,,,,2026-06 to 2026-08
2016,SABUN SERBUK FAB (PERFECT),680g,PRODUK KEBERSIHAN,PENJAGAAN RUMAH,0.68,,non-food,PRODUK KEBERSIHAN / PENJAGAAN RUMAH,False,,not food,,,,,,,,,,,,,,2026-06 to 2026-08
2017,DYNAMO POWER GEL (PERFECT CLEAN),2.6kg,PRODUK KEBERSIHAN,PENJAGAAN RUMAH,2.6,,non-food,PRODUK KEBERSIHAN / PENJAGAAN RUMAH,False,,not food,,,,,,,,,,,,,,2026-06 to 2026-08
2018,SABUN PENCUCI SUNLIGHT (LEMON),900ml,PRODUK KEBERSIHAN,PENJAGAAN RUMAH,0.9,volume read as 1 kg per litre,non-food,PRODUK KEBERSIHAN / PENJAGAAN RUMAH,False,,not food,,,,,,,,,,,,,,2026-06 to 2026-08
2019,NESCAFE 3 IN 1 ORIGINAL (AROMATIC & BALANCED),25 x 18g,MINUMAN,BAHAN-BAHAN MINUMAN,0.45,multipack,months,"packaged, dry or long-life food",True,,drink mix or creamer,14.79,13.79,16.13,824.0,10203.0,15.24,28.0,14.49,,,,32.87,,2026-06 to 2026-08
2020,YOGURT LACTEL (FAT FREE) (STRAWBERRY),130g,MINUMAN,TERSEDIA MINUM,0.13,,days,chilled or fresh product in its name,True,Milk,liquid milk drinks,2.85,2.75,2.99,659.0,7170.0,3.05,15.0,2.8,3.15,8.95,628.2,21.92,0.41,2026-06 to 2026-08
2022,LEPAAN BUTTERCUP,227g,BARANGAN BERBUNGKUS,SAPUAN (SPREADS),0.227,,months,"packaged, dry or long-life food",True,,"no per-kg factor in the source (processed, dried or concentrated)",7.9,7.35,8.51,1360.0,15242.0,7.9,630.0,7.8,,,,34.8,,2026-06 to 2026-08
2025,SUSU TEPUNG SEGERA EVERYDAY,500 g,BARANGAN BERBUNGKUS,KRIMER DAN SUSU TEPUNG,0.5,,months,"packaged, dry or long-life food",True,,"no per-kg factor in the source (processed, dried or concentrated)",18.9,18.2,18.9,1410.0,15839.0,18.9,616.0,18.9,,,,37.8,,2026-06 to 2026-08
2027,NAN LANGKAH 1 RUMUSAN BAYI (KOTAK),600 g,SUSU DAN BARANGAN BAYI,SUSU BAYI,0.6,,months,"packaged, dry or long-life food",True,,"no per-kg factor in the source (processed, dried or concentrated)",71.25,70.95,73.47,354.0,3932.0,70.95,154.0,70.99,,,,118.75,,2026-06 to 2026-08
2030,NAN LANGKAH 2 RUMUSAN SUSULAN (KOTAK),600 g,SUSU DAN BARANGAN BAYI,SUSU BAYI,0.6,,months,"packaged, dry or long-life food",True,,"no per-kg factor in the source (processed, dried or concentrated)",66.9,66.8,69.19,309.0,3197.0,66.8,143.0,66.8,,,,111.5,,2026-06 to 2026-08
2031,S-26 RUMUSAN BAYI LANGKAH 1 - (KOTAK),600 g,SUSU DAN BARANGAN BAYI,SUSU BAYI,0.6,,months,"packaged, dry or long-life food",True,,"no per-kg factor in the source (processed, dried or concentrated)",64.9,62.85,66.19,843.0,8377.0,64.5,295.0,64.9,,,,108.17,,2026-06 to 2026-08
2032,PETPET GOLD+,"M64, L54, XL42",SUSU DAN BARANGAN BAYI,LAMPIN PAKAI BUANG,,unit is not a weight or volume,non-food,SUSU DAN BARANGAN BAYI / LAMPIN PAKAI BUANG,False,,not food,29.99,28.9,30.5,474.0,5311.0,30.5,169.0,29.9,,,,,,2026-06 to 2026-08
2036,TEPUNG GANDUM CAP KUDA HIJAU,1kg,BARANGAN BERBUNGKUS,TEPUNG,1.0,,months,"packaged, dry or long-life food",True,Wheat & Rye,category TEPUNG,3.05,3.0,3.28,10.0,79.0,2.99,3.0,3.05,1.57,3.85,647.5,3.05,1.57,2026-06 to 2026-08
2037,BIHUN KERING (CAP LONGKOU),400 g,BARANGAN BERBUNGKUS,BIHUN,0.4,,months,"packaged, dry or long-life food",True,Rice,rice vermicelli,4.8,4.8,4.8,1.0,14.0,,,4.8,4.45,2.8,2248.4,12.0,1.78,2026-06 to 2026-08
2042,PETPET PANTS GOLD+,"M56, L46, XL38",SUSU DAN BARANGAN BAYI,LAMPIN PAKAI BUANG,,unit is not a weight or volume,non-food,SUSU DAN BARANGAN BAYI / LAMPIN PAKAI BUANG,False,,not food,28.9,27.9,28.99,452.0,4777.0,28.9,188.0,28.9,,,,,,2026-06 to 2026-08
2045,IKAN SELAYANG/SARDIN (ANTARA 8-12 EKOR SEKILOGRAM),1kg,BARANGAN SEGAR,BAHAN LAUT,1.0,,days,group BARANGAN SEGAR,True,Fish (farmed),approximate: the source has no wild-caught seafood,12.0,10.9,14.99,1256.0,64063.0,13.0,295.0,12.0,13.63,8.41,3691.3,12.0,13.63,2026-06 to 2026-08
2047,IKAN TONGKOL/AYA/KAYU HITAM/PUTIH (ANTARA 1 HINGGA 2 EKOR SEKILOGRAM),1kg,BARANGAN SEGAR,BAHAN LAUT,1.0,,days,group BARANGAN SEGAR,True,Fish (farmed),approximate: the source has no wild-caught seafood,12.98,10.99,14.9,1240.0,64590.0,12.9,291.0,12.99,13.63,8.41,3691.3,12.98,13.63,2026-06 to 2026-08
2056,SABUN PENCUCI AXION PASTE (PELBAGAI JENIS),325 g,PRODUK KEBERSIHAN,PENJAGAAN RUMAH,0.325,,non-food,PRODUK KEBERSIHAN / PENJAGAAN RUMAH,False,,not food,4.0,3.99,4.2,1530.0,4149.0,3.99,809.0,4.0,,,,12.31,,2026-06 to 2026-08
2060,SUSU MARIGOLD HL,946ML,MINUMAN,TERSEDIA MINUM,0.946,volume read as 1 kg per litre,months,"packaged, dry or long-life food",True,Milk,liquid milk drinks,8.49,7.99,8.9,969.0,2465.0,8.5,356.0,8.49,3.15,8.95,628.2,8.97,2.98,2026-06 to 2026-08
2062,S-26 SMA RUMUSAN BAYI LANGKAH 1 - (KOTAK) (550g),550 g,SUSU DAN BARANGAN BAYI,SUSU BAYI,0.55,,months,"packaged, dry or long-life food",True,,"no per-kg factor in the source (processed, dried or concentrated)",81.5,79.85,83.9,816.0,8651.0,79.85,259.0,81.99,,,,148.18,,2026-06 to 2026-08
2066,BERAS PUTIH CAP FAIZA EMAS (IMPORT),10 kg,BARANGAN BERBUNGKUS,BERAS,10.0,,months,"packaged, dry or long-life food",True,Rice,category BERAS,31.99,31.5,34.39,999.0,10957.0,31.9,446.0,31.99,4.45,2.8,2248.4,3.2,44.5,2026-06 to 2026-08
2068,BERAS CAP JASMINE SUPER 5 SPECIAL (IMPORT),10 kg,BARANGAN BERBUNGKUS,BERAS,10.0,,months,"packaged, dry or long-life food",True,Rice,category BERAS,34.5,33.99,36.5,847.0,9183.0,34.5,319.0,34.5,4.45,2.8,2248.4,3.45,44.5,2026-06 to 2026-08
2086,SAWI PENDEK/JEPUN/SIOW PAK CHOY (1KG),1kg,BARANGAN SEGAR,SAYUR-SAYURAN,1.0,,days,group BARANGAN SEGAR,True,Brassicas,category SAYUR-SAYURAN,7.0,5.5,8.5,1474.0,75455.0,7.9,452.0,7.0,0.51,0.55,119.4,7.0,0.51,2026-06 to 2026-08
2087,LOBAK PUTIH (1KG),1kg,BARANGAN SEGAR,SAYUR-SAYURAN,1.0,,days,group BARANGAN SEGAR,True,Root Vegetables,category SAYUR-SAYURAN,5.0,3.99,6.5,1421.0,82405.0,6.0,350.0,4.99,0.43,0.33,28.4,5.0,0.43,2026-06 to 2026-08
2097,SUSTAGEN ALL-IN-ONE (PELBAGAI PERISA),600 g,SUSU DAN BARANGAN BAYI,SUSU BAYI,0.6,,months,"packaged, dry or long-life food",True,,"no per-kg factor in the source (processed, dried or concentrated)",20.9,20.9,20.9,1.0,1.0,,,,,,,34.83,,2026-06 to 2026-08
2098,DRYPERS WEE WEE DRY,"S80, M60, L58, XL50",SUSU DAN BARANGAN BAYI,LAMPIN PAKAI BUANG,,unit is not a weight or volume,non-food,SUSU DAN BARANGAN BAYI / LAMPIN PAKAI BUANG,False,,not food,30.9,29.8,33.9,1239.0,15817.0,30.88,526.0,30.9,,,,,,2026-06 to 2026-08
2099,HUGGIES DRY TAPE,"S80, M60, L54, XL42",SUSU DAN BARANGAN BAYI,LAMPIN PAKAI BUANG,,unit is not a weight or volume,non-food,SUSU DAN BARANGAN BAYI / LAMPIN PAKAI BUANG,False,,not food,29.34,27.9,32.98,844.0,9453.0,30.9,225.0,28.99,,,,,,2026-06 to 2026-08
2100,DRYPERS DRYPANTZ,"M58, L48, XL42",SUSU DAN BARANGAN BAYI,LAMPIN PAKAI BUANG,,unit is not a weight or volume,non-food,SUSU DAN BARANGAN BAYI / LAMPIN PAKAI BUANG,False,,not food,29.99,27.99,32.9,1293.0,16328.0,29.99,539.0,29.95,,,,,,2026-06 to 2026-08
2101,HUGGIES DRY PANTS,"S66, M50, L40, XL32",SUSU DAN BARANGAN BAYI,LAMPIN PAKAI BUANG,,unit is not a weight or volume,non-food,SUSU DAN BARANGAN BAYI / LAMPIN PAKAI BUANG,False,,not food,27.99,26.9,30.9,1274.0,15341.0,28.5,535.0,27.99,,,,,,2026-06 to 2026-08
2102,SABUN MANDIAN LIFEBUOY (PELBAGAI JENIS),920 ML,PRODUK KEBERSIHAN,PENJAGAAN DIRI,0.92,volume read as 1 kg per litre,non-food,PRODUK KEBERSIHAN / PENJAGAAN DIRI,False,,not food,19.4,17.99,20.5,1436.0,3973.0,18.99,682.0,19.3,,,,21.09,,2026-06 to 2026-08
2103,SABUN MANDIAN DETTOL (PELBAGAI JENIS),950g,PRODUK KEBERSIHAN,PENJAGAAN DIRI,0.95,,non-food,PRODUK KEBERSIHAN / PENJAGAAN DIRI,False,,not food,19.5,17.99,23.3,1279.0,3531.0,20.18,544.0,19.5,,,,20.53,,2026-06 to 2026-08
2104,FERNLEAF 1-3 TAHUN (PELBAGAI PERISA),850g,SUSU DAN BARANGAN BAYI,SUSU BAYI,0.85,,months,"packaged, dry or long-life food",True,,"no per-kg factor in the source (processed, dried or concentrated)",22.99,21.9,25.0,1285.0,15583.0,24.33,562.0,22.95,,,,27.05,,2026-06 to 2026-08
2105,FERNLEAF 4-6 TAHUN (PELBAGAI PERISA),850g,SUSU DAN BARANGAN BAYI,SUSU BAYI,0.85,,months,"packaged, dry or long-life food",True,,"no per-kg factor in the source (processed, dried or concentrated)",22.99,21.9,24.99,1271.0,15634.0,23.99,548.0,22.95,,,,27.05,,2026-06 to 2026-08
2106,SYAMPU REJOICE (PELBAGAI JENIS),600 ml,PRODUK KEBERSIHAN,PENJAGAAN DIRI,0.6,volume read as 1 kg per litre,non-food,PRODUK KEBERSIHAN / PENJAGAAN DIRI,False,,not food,17.99,16.85,19.99,916.0,2556.0,16.94,282.0,17.99,,,,29.98,,2026-06 to 2026-08
2107,UBI KENTANG IMPORT (PAKISTAN),1kg,BARANGAN KERING,UBI KENTANG,1.0,,weeks,category UBI KENTANG,True,Potatoes,category UBI KENTANG,2.9,2.29,3.85,339.0,11496.0,3.5,73.0,2.99,0.46,0.88,59.1,2.9,0.46,2026-06 to 2026-08
2108,SYAMPU SUNSILK (PELBAGAI JENIS),625ml,PRODUK KEBERSIHAN,PENJAGAAN DIRI,0.625,volume read as 1 kg per litre,non-food,PRODUK KEBERSIHAN / PENJAGAAN DIRI,False,,not food,17.9,16.7,23.99,1053.0,2921.0,17.9,381.0,17.99,,,,28.64,,2026-06 to 2026-08
2109,SABUN SERBUK BREEZE (PELBAGAI JENIS),2.1kg,PRODUK KEBERSIHAN,PENJAGAAN RUMAH,2.1,,non-food,PRODUK KEBERSIHAN / PENJAGAAN RUMAH,False,,not food,15.55,14.5,16.49,1394.0,3648.0,15.8,663.0,15.59,,,,7.4,,2026-06 to 2026-08
2110,SABUN DETERGEN TOP (PELBAGAI JENIS),3.6 KG,PRODUK KEBERSIHAN,PENJAGAAN RUMAH,3.6,,non-food,PRODUK KEBERSIHAN / PENJAGAAN RUMAH,False,,not food,21.9,20.5,23.9,1415.0,3804.0,22.9,651.0,21.8,,,,6.08,,2026-06 to 2026-08
2111,SABUN DAIA EXCELLENT WASHING POWER (PELBAGAI JENIS),2.1kg,PRODUK KEBERSIHAN,PENJAGAAN RUMAH,2.1,,non-food,PRODUK KEBERSIHAN / PENJAGAAN RUMAH,False,,not food,14.8,13.4,15.9,1388.0,3693.0,14.99,676.0,14.5,,,,7.05,,2026-06 to 2026-08
2112,SABUN PENCUCI SUNLIGHT (PELBAGAI JENIS),800ml,PRODUK KEBERSIHAN,PENJAGAAN RUMAH,0.8,volume read as 1 kg per litre,non-food,PRODUK KEBERSIHAN / PENJAGAAN RUMAH,False,,not food,6.75,5.99,7.0,1798.0,5019.0,6.8,907.0,6.5,,,,8.44,,2026-06 to 2026-08
2113,KORDIAL SUNQUICK (OREN),700ml,MINUMAN,BAHAN-BAHAN MINUMAN,0.7,volume read as 1 kg per litre,months,"packaged, dry or long-life food",True,,"no per-kg factor in the source (processed, dried or concentrated)",13.9,12.95,14.8,1724.0,4657.0,13.9,858.0,13.9,,,,19.86,,2026-06 to 2026-08
2114,MILO (PAKET),900 g,MINUMAN,BAHAN-BAHAN MINUMAN,0.9,,months,"packaged, dry or long-life food",True,,"no per-kg factor in the source (processed, dried or concentrated)",20.5,19.69,21.8,1736.0,4779.0,20.89,879.0,20.5,,,,22.78,,2026-06 to 2026-08
2115,INDOCAFE (ORIGINAL BLEND) (PAKET),200 g,MINUMAN,BAHAN-BAHAN MINUMAN,0.2,,months,"packaged, dry or long-life food",True,,"no per-kg factor in the source (processed, dried or concentrated)",19.5,18.65,20.5,1255.0,3133.0,19.5,592.0,19.5,,,,97.5,,2026-06 to 2026-08
