item_code,item,unit,state,price_median_rm,price_p25_rm,price_p75_rm,price_n_premises,price_n_prices
1,AYAM BERSIH - STANDARD,1kg,Johor,9.09,8.99,9.8,180,9627
1,AYAM BERSIH - STANDARD,1kg,Kedah,9.2,8.99,9.7,77,5376
1,AYAM BERSIH - STANDARD,1kg,Kelantan,9.3,8.99,9.67,94,6472
1,AYAM BERSIH - STANDARD,1kg,Melaka,9.19,8.84,9.95,39,1995
1,AYAM BERSIH - STANDARD,1kg,Negeri Sembilan,9.8,8.99,10.5,51,2994
1,AYAM BERSIH - STANDARD,1kg,Pahang,9.39,9.09,10.48,110,6774
1,AYAM BERSIH - STANDARD,1kg,Perak,8.99,8.99,9.9,126,8654
1,AYAM BERSIH - STANDARD,1kg,Perlis,9.07,8.99,10.2,19,1300
1,AYAM BERSIH - STANDARD,1kg,Pulau Pinang,9.35,8.99,10.8,90,5595
1,AYAM BERSIH - STANDARD,1kg,Sabah,12.9,12.5,13.0,25,969
1,AYAM BERSIH - STANDARD,1kg,Sarawak,10.9,10.62,10.99,78,3366
1,AYAM BERSIH - STANDARD,1kg,Selangor,9.29,8.99,10.15,102,6993
1,AYAM BERSIH - STANDARD,1kg,Terengganu,9.65,9.2,10.0,91,5209
1,AYAM BERSIH - STANDARD,1kg,W.P. Kuala Lumpur,9.62,9.2,9.99,122,8469
1,AYAM BERSIH - STANDARD,1kg,W.P. Labuan,12.5,12.5,12.5,1,84
1,AYAM BERSIH - STANDARD,1kg,W.P. Putrajaya,9.44,9.2,9.9,22,1353
2,AYAM BERSIH - SUPER,1kg,Johor,11.29,11.2,11.5,9,485
2,AYAM BERSIH - SUPER,1kg,Kedah,11.0,11.0,11.0,1,86
2,AYAM BERSIH - SUPER,1kg,Kelantan,9.9,9.8,10.6,7,122
2,AYAM BERSIH - SUPER,1kg,Melaka,11.2,11.2,11.2,1,83
2,AYAM BERSIH - SUPER,1kg,Negeri Sembilan,10.8,9.95,11.0,3,115
2,AYAM BERSIH - SUPER,1kg,Pahang,10.89,10.89,10.89,1,80
2,AYAM BERSIH - SUPER,1kg,Perak,11.2,10.6,11.2,6,364
2,AYAM BERSIH - SUPER,1kg,Pulau Pinang,11.0,10.62,11.45,14,879
2,AYAM BERSIH - SUPER,1kg,Sabah,12.39,11.99,12.9,144,6608
2,AYAM BERSIH - SUPER,1kg,Sarawak,11.5,10.9,11.9,148,6318
2,AYAM BERSIH - SUPER,1kg,Selangor,11.0,10.94,11.59,8,470
2,AYAM BERSIH - SUPER,1kg,W.P. Kuala Lumpur,11.29,11.1,11.29,39,2604
2,AYAM BERSIH - SUPER,1kg,W.P. Labuan,12.9,12.34,13.0,15,897
2,AYAM BERSIH - SUPER,1kg,W.P. Putrajaya,11.2,11.1,11.24,3,214
9,DAGING KAMBING BEBIRI IMPORT BERTULANG (MUTTON) (AUSTRALIA - KOTAK),1kg,Johor,33.99,32.96,36.74,50,544
9,DAGING KAMBING BEBIRI IMPORT BERTULANG (MUTTON) (AUSTRALIA - KOTAK),1kg,Kedah,32.99,31.99,35.99,13,95
9,DAGING KAMBING BEBIRI IMPORT BERTULANG (MUTTON) (AUSTRALIA - KOTAK),1kg,Kelantan,32.99,32.0,35.84,3,20
9,DAGING KAMBING BEBIRI IMPORT BERTULANG (MUTTON) (AUSTRALIA - KOTAK),1kg,Melaka,33.99,32.9,35.0,5,22
9,DAGING KAMBING BEBIRI IMPORT BERTULANG (MUTTON) (AUSTRALIA - KOTAK),1kg,Negeri Sembilan,32.0,31.5,34.9,13,113
9,DAGING KAMBING BEBIRI IMPORT BERTULANG (MUTTON) (AUSTRALIA - KOTAK),1kg,Perak,32.99,31.7,33.75,55,567
9,DAGING KAMBING BEBIRI IMPORT BERTULANG (MUTTON) (AUSTRALIA - KOTAK),1kg,Perlis,32.0,32.0,32.0,1,14
9,DAGING KAMBING BEBIRI IMPORT BERTULANG (MUTTON) (AUSTRALIA - KOTAK),1kg,Pulau Pinang,33.99,32.37,39.17,20,173
9,DAGING KAMBING BEBIRI IMPORT BERTULANG (MUTTON) (AUSTRALIA - KOTAK),1kg,Sabah,41.5,40.5,42.5,4,9
9,DAGING KAMBING BEBIRI IMPORT BERTULANG (MUTTON) (AUSTRALIA - KOTAK),1kg,Sarawak,39.5,38.4,42.55,11,93
9,DAGING KAMBING BEBIRI IMPORT BERTULANG (MUTTON) (AUSTRALIA - KOTAK),1kg,Selangor,33.9,31.99,36.9,51,502
9,DAGING KAMBING BEBIRI IMPORT BERTULANG (MUTTON) (AUSTRALIA - KOTAK),1kg,Terengganu,32.0,31.3,33.49,19,116
9,DAGING KAMBING BEBIRI IMPORT BERTULANG (MUTTON) (AUSTRALIA - KOTAK),1kg,W.P. Kuala Lumpur,35.5,33.37,38.92,32,263
9,DAGING KAMBING BEBIRI IMPORT BERTULANG (MUTTON) (AUSTRALIA - KOTAK),1kg,W.P. Putrajaya,32.39,30.64,34.4,4,19
10,DAGING KAMBING BEBIRI IMPORT BERTULANG (MUTTON) (NEW ZEALAND - KOTAK),1kg,Johor,36.0,35.5,38.4,7,92
10,DAGING KAMBING BEBIRI IMPORT BERTULANG (MUTTON) (NEW ZEALAND - KOTAK),1kg,Kedah,38.2,38.2,38.2,1,1
10,DAGING KAMBING BEBIRI IMPORT BERTULANG (MUTTON) (NEW ZEALAND - KOTAK),1kg,Negeri Sembilan,32.0,32.0,32.0,1,3
10,DAGING KAMBING BEBIRI IMPORT BERTULANG (MUTTON) (NEW ZEALAND - KOTAK),1kg,Perlis,32.0,32.0,32.0,1,14
10,DAGING KAMBING BEBIRI IMPORT BERTULANG (MUTTON) (NEW ZEALAND - KOTAK),1kg,Pulau Pinang,40.0,40.0,40.0,1,4
10,DAGING KAMBING BEBIRI IMPORT BERTULANG (MUTTON) (NEW ZEALAND - KOTAK),1kg,Sabah,37.99,37.99,40.94,3,7
10,DAGING KAMBING BEBIRI IMPORT BERTULANG (MUTTON) (NEW ZEALAND - KOTAK),1kg,Selangor,33.0,32.38,33.62,4,21
10,DAGING KAMBING BEBIRI IMPORT BERTULANG (MUTTON) (NEW ZEALAND - KOTAK),1kg,Terengganu,33.99,32.0,34.0,3,14
10,DAGING KAMBING BEBIRI IMPORT BERTULANG (MUTTON) (NEW ZEALAND - KOTAK),1kg,W.P. Kuala Lumpur,32.99,31.99,49.95,3,25
10,DAGING KAMBING BEBIRI IMPORT BERTULANG (MUTTON) (NEW ZEALAND - KOTAK),1kg,W.P. Labuan,39.9,39.9,39.9,1,2
11,DAGING KAMBING BEBIRI IMPORT TANPA TULANG (MUTTON) (TIDAK TERMASUK PAHA - AUSTRALIA),1kg,Johor,48.0,42.5,51.68,7,77
11,DAGING KAMBING BEBIRI IMPORT TANPA TULANG (MUTTON) (TIDAK TERMASUK PAHA - AUSTRALIA),1kg,Negeri Sembilan,44.0,43.5,44.5,2,27
11,DAGING KAMBING BEBIRI IMPORT TANPA TULANG (MUTTON) (TIDAK TERMASUK PAHA - AUSTRALIA),1kg,Perak,47.59,44.1,49.24,15,127
11,DAGING KAMBING BEBIRI IMPORT TANPA TULANG (MUTTON) (TIDAK TERMASUK PAHA - AUSTRALIA),1kg,Pulau Pinang,37.9,37.9,37.9,1,1
11,DAGING KAMBING BEBIRI IMPORT TANPA TULANG (MUTTON) (TIDAK TERMASUK PAHA - AUSTRALIA),1kg,Sabah,43.44,39.89,46.9,4,4
11,DAGING KAMBING BEBIRI IMPORT TANPA TULANG (MUTTON) (TIDAK TERMASUK PAHA - AUSTRALIA),1kg,Selangor,49.99,48.0,59.8,13,99
11,DAGING KAMBING BEBIRI IMPORT TANPA TULANG (MUTTON) (TIDAK TERMASUK PAHA - AUSTRALIA),1kg,W.P. Kuala Lumpur,47.94,45.22,50.92,4,25
11,DAGING KAMBING BEBIRI IMPORT TANPA TULANG (MUTTON) (TIDAK TERMASUK PAHA - AUSTRALIA),1kg,W.P. Putrajaya,50.0,50.0,50.0,1,6
12,DAGING KAMBING BEBIRI IMPORT TANPA TULANG (MUTTON) (TIDAK TERMASUK PAHA - NEW ZEALAND),1kg,Johor,49.0,46.0,52.5,4,52
12,DAGING KAMBING BEBIRI IMPORT TANPA TULANG (MUTTON) (TIDAK TERMASUK PAHA - NEW ZEALAND),1kg,Melaka,45.0,45.0,45.0,1,11
12,DAGING KAMBING BEBIRI IMPORT TANPA TULANG (MUTTON) (TIDAK TERMASUK PAHA - NEW ZEALAND),1kg,Perak,34.9,34.9,34.9,1,1
12,DAGING KAMBING BEBIRI IMPORT TANPA TULANG (MUTTON) (TIDAK TERMASUK PAHA - NEW ZEALAND),1kg,Sabah,37.99,37.99,37.99,1,2
12,DAGING KAMBING BEBIRI IMPORT TANPA TULANG (MUTTON) (TIDAK TERMASUK PAHA - NEW ZEALAND),1kg,Selangor,46.0,46.0,46.0,1,14
14,DAGING KERBAU IMPORT (INDIA) * (TOP SIDE),1kg,Johor,23.94,22.99,25.25,32,371
14,DAGING KERBAU IMPORT (INDIA) * (TOP SIDE),1kg,Kedah,24.99,22.97,25.35,12,128
14,DAGING KERBAU IMPORT (INDIA) * (TOP SIDE),1kg,Kelantan,24.99,24.49,24.99,3,24
14,DAGING KERBAU IMPORT (INDIA) * (TOP SIDE),1kg,Melaka,24.04,23.72,25.8,4,35
14,DAGING KERBAU IMPORT (INDIA) * (TOP SIDE),1kg,Negeri Sembilan,23.14,22.67,25.79,12,107
14,DAGING KERBAU IMPORT (INDIA) * (TOP SIDE),1kg,Pahang,23.9,22.92,24.8,22,271
14,DAGING KERBAU IMPORT (INDIA) * (TOP SIDE),1kg,Perak,24.0,22.99,26.0,69,823
14,DAGING KERBAU IMPORT (INDIA) * (TOP SIDE),1kg,Perlis,22.0,22.0,22.0,6,49
14,DAGING KERBAU IMPORT (INDIA) * (TOP SIDE),1kg,Pulau Pinang,23.9,22.99,24.9,5,56
14,DAGING KERBAU IMPORT (INDIA) * (TOP SIDE),1kg,Sabah,27.9,26.35,28.9,40,208
14,DAGING KERBAU IMPORT (INDIA) * (TOP SIDE),1kg,Sarawak,28.9,26.92,29.9,54,520
14,DAGING KERBAU IMPORT (INDIA) * (TOP SIDE),1kg,Selangor,26.9,23.0,28.0,36,354
14,DAGING KERBAU IMPORT (INDIA) * (TOP SIDE),1kg,Terengganu,23.99,23.0,24.99,9,93
14,DAGING KERBAU IMPORT (INDIA) * (TOP SIDE),1kg,W.P. Kuala Lumpur,24.9,23.1,26.97,34,354
14,DAGING KERBAU IMPORT (INDIA) * (TOP SIDE),1kg,W.P. Labuan,28.2,26.88,28.92,4,31
14,DAGING KERBAU IMPORT (INDIA) * (TOP SIDE),1kg,W.P. Putrajaya,26.8,24.68,26.9,6,51
16,BETIK BIASA,1kg,Johor,7.44,7.22,7.67,2,10
16,BETIK BIASA,1kg,Kelantan,5.0,4.99,5.7,11,68
16,BETIK BIASA,1kg,Melaka,6.49,4.99,6.9,13,103
16,BETIK BIASA,1kg,Negeri Sembilan,7.5,6.74,7.99,15,22
16,BETIK BIASA,1kg,Pahang,6.24,5.99,6.49,5,29
16,BETIK BIASA,1kg,Perak,5.99,5.79,6.99,59,490
16,BETIK BIASA,1kg,Pulau Pinang,6.49,5.67,6.54,15,130
16,BETIK BIASA,1kg,Sabah,4.4,4.2,4.9,50,341
16,BETIK BIASA,1kg,Sarawak,4.59,4.59,4.59,1,1
16,BETIK BIASA,1kg,Selangor,8.5,8.5,8.5,1,13
16,BETIK BIASA,1kg,W.P. Kuala Lumpur,7.8,6.49,8.49,107,1204
16,BETIK BIASA,1kg,W.P. Labuan,4.6,4.5,5.0,9,68
16,BETIK BIASA,1kg,W.P. Putrajaya,7.1,6.63,7.5,14,150
18,PISANG BERANGAN,1kg,Kelantan,5.9,5.47,6.24,16,122
18,PISANG BERANGAN,1kg,Melaka,6.99,5.97,7.59,16,133
18,PISANG BERANGAN,1kg,Negeri Sembilan,6.99,6.74,7.76,16,30
18,PISANG BERANGAN,1kg,Pahang,7.74,7.12,7.99,6,18
18,PISANG BERANGAN,1kg,Perak,7.5,6.99,7.79,53,481
18,PISANG BERANGAN,1kg,Pulau Pinang,7.24,6.99,7.59,12,131
18,PISANG BERANGAN,1kg,Sabah,6.5,6.37,6.92,24,70
18,PISANG BERANGAN,1kg,Selangor,8.14,7.57,8.72,2,7
18,PISANG BERANGAN,1kg,W.P. Kuala Lumpur,7.9,6.9,8.7,102,1041
18,PISANG BERANGAN,1kg,W.P. Labuan,6.9,6.9,7.35,6,25
18,PISANG BERANGAN,1kg,W.P. Putrajaya,7.7,7.15,8.18,12,112
19,PISANG EMAS,1kg,Melaka,5.99,5.99,7.99,5,23
19,PISANG EMAS,1kg,Negeri Sembilan,6.99,6.9,7.99,5,9
19,PISANG EMAS,1kg,Pahang,6.49,6.24,7.24,3,13
19,PISANG EMAS,1kg,Perak,6.99,5.99,7.92,28,196
19,PISANG EMAS,1kg,Pulau Pinang,7.5,6.49,7.94,7,51
19,PISANG EMAS,1kg,Sabah,5.25,4.99,5.5,7,33
19,PISANG EMAS,1kg,Selangor,9.3,9.3,9.3,1,6
19,PISANG EMAS,1kg,W.P. Kuala Lumpur,7.94,7.3,8.86,68,548
19,PISANG EMAS,1kg,W.P. Labuan,5.7,5.1,6.3,2,4
19,PISANG EMAS,1kg,W.P. Putrajaya,7.94,7.0,8.52,10,39
20,TEMBIKAI MERAH BERBIJI,1kg,Johor,2.49,2.24,2.74,2,2
20,TEMBIKAI MERAH BERBIJI,1kg,Kedah,3.39,2.94,4.74,7,50
20,TEMBIKAI MERAH BERBIJI,1kg,Kelantan,3.79,3.09,4.1,3,9
20,TEMBIKAI MERAH BERBIJI,1kg,Melaka,3.5,3.5,3.5,1,1
20,TEMBIKAI MERAH BERBIJI,1kg,Negeri Sembilan,3.4,3.11,3.7,2,3
20,TEMBIKAI MERAH BERBIJI,1kg,Pahang,3.94,3.79,4.22,4,9
20,TEMBIKAI MERAH BERBIJI,1kg,Perak,3.89,3.49,4.9,45,377
20,TEMBIKAI MERAH BERBIJI,1kg,Sabah,3.89,3.5,4.49,66,665
20,TEMBIKAI MERAH BERBIJI,1kg,Selangor,7.7,7.7,7.7,1,8
20,TEMBIKAI MERAH BERBIJI,1kg,W.P. Kuala Lumpur,6.24,4.31,7.7,86,914
20,TEMBIKAI MERAH BERBIJI,1kg,W.P. Labuan,4.5,4.5,4.62,8,49
20,TEMBIKAI MERAH BERBIJI,1kg,W.P. Putrajaya,4.85,3.99,5.55,14,105
21,TEMBIKAI MERAH TANPA BIJI,1kg,Kedah,2.19,1.94,2.44,2,8
21,TEMBIKAI MERAH TANPA BIJI,1kg,Kelantan,3.6,3.2,3.9,14,74
21,TEMBIKAI MERAH TANPA BIJI,1kg,Melaka,3.64,3.49,3.89,15,171
21,TEMBIKAI MERAH TANPA BIJI,1kg,Negeri Sembilan,3.74,3.54,3.94,18,34
21,TEMBIKAI MERAH TANPA BIJI,1kg,Pahang,3.99,3.69,4.29,5,24
21,TEMBIKAI MERAH TANPA BIJI,1kg,Perak,3.64,3.44,3.92,64,724
21,TEMBIKAI MERAH TANPA BIJI,1kg,Pulau Pinang,3.42,2.54,3.68,18,178
21,TEMBIKAI MERAH TANPA BIJI,1kg,Sabah,4.54,4.2,5.47,52,423
21,TEMBIKAI MERAH TANPA BIJI,1kg,Sarawak,1.4,1.4,1.4,1,1
21,TEMBIKAI MERAH TANPA BIJI,1kg,Selangor,6.5,6.5,6.5,1,12
21,TEMBIKAI MERAH TANPA BIJI,1kg,W.P. Kuala Lumpur,4.39,3.69,5.3,117,1448
21,TEMBIKAI MERAH TANPA BIJI,1kg,W.P. Labuan,5.5,5.43,5.5,6,40
21,TEMBIKAI MERAH TANPA BIJI,1kg,W.P. Putrajaya,3.99,3.69,4.74,13,144
22,DRAGON FRUIT MERAH,1kg,Johor,6.99,6.49,11.9,5,29
22,DRAGON FRUIT MERAH,1kg,Kedah,4.99,4.99,4.99,1,2
22,DRAGON FRUIT MERAH,1kg,Kelantan,6.9,6.38,7.04,24,142
22,DRAGON FRUIT MERAH,1kg,Melaka,6.9,5.99,7.24,15,127
22,DRAGON FRUIT MERAH,1kg,Negeri Sembilan,6.99,6.44,7.35,15,27
22,DRAGON FRUIT MERAH,1kg,Pahang,7.49,6.99,8.12,8,42
22,DRAGON FRUIT MERAH,1kg,Perak,5.99,4.99,6.99,45,452
22,DRAGON FRUIT MERAH,1kg,Pulau Pinang,6.2,5.49,6.99,13,111
22,DRAGON FRUIT MERAH,1kg,Sabah,14.9,14.36,15.5,56,395
22,DRAGON FRUIT MERAH,1kg,Sarawak,7.9,6.9,9.0,35,239
22,DRAGON FRUIT MERAH,1kg,Selangor,8.44,7.22,9.67,2,14
22,DRAGON FRUIT MERAH,1kg,W.P. Kuala Lumpur,8.0,5.99,9.9,83,824
22,DRAGON FRUIT MERAH,1kg,W.P. Labuan,16.35,14.9,18.62,6,31
22,DRAGON FRUIT MERAH,1kg,W.P. Putrajaya,8.3,7.0,9.08,8,84
24,TEMBIKAI SUSU,1kg,Kedah,5.99,5.99,5.99,1,4
24,TEMBIKAI SUSU,1kg,Kelantan,4.9,3.9,5.99,9,32
24,TEMBIKAI SUSU,1kg,Melaka,5.9,5.79,6.44,13,136
24,TEMBIKAI SUSU,1kg,Negeri Sembilan,6.12,5.92,7.54,18,29
24,TEMBIKAI SUSU,1kg,Pahang,7.24,6.86,7.99,8,41
24,TEMBIKAI SUSU,1kg,Perak,5.99,5.89,6.5,59,534
24,TEMBIKAI SUSU,1kg,Pulau Pinang,5.99,5.99,6.74,17,137
24,TEMBIKAI SUSU,1kg,Sabah,4.5,4.3,4.99,61,538
24,TEMBIKAI SUSU,1kg,Sarawak,6.9,6.9,6.9,1,1
24,TEMBIKAI SUSU,1kg,Selangor,8.2,8.2,8.2,1,12
24,TEMBIKAI SUSU,1kg,W.P. Kuala Lumpur,7.49,5.99,8.09,103,1090
24,TEMBIKAI SUSU,1kg,W.P. Labuan,6.0,4.97,6.68,8,59
24,TEMBIKAI SUSU,1kg,W.P. Putrajaya,7.2,6.05,7.9,13,128
25,NENAS BIASA (JOSAPINE/MORRIS/SARAWAK),1 biji,Kedah,4.5,4.5,4.5,1,9
25,NENAS BIASA (JOSAPINE/MORRIS/SARAWAK),1 biji,Kelantan,3.99,3.69,4.15,6,29
25,NENAS BIASA (JOSAPINE/MORRIS/SARAWAK),1 biji,Melaka,3.99,3.75,3.99,14,170
25,NENAS BIASA (JOSAPINE/MORRIS/SARAWAK),1 biji,Negeri Sembilan,3.99,3.84,4.52,19,35
25,NENAS BIASA (JOSAPINE/MORRIS/SARAWAK),1 biji,Pahang,4.94,4.34,4.99,8,45
25,NENAS BIASA (JOSAPINE/MORRIS/SARAWAK),1 biji,Perak,3.99,3.99,4.9,66,835
25,NENAS BIASA (JOSAPINE/MORRIS/SARAWAK),1 biji,Pulau Pinang,3.99,3.74,4.24,19,216
25,NENAS BIASA (JOSAPINE/MORRIS/SARAWAK),1 biji,Sabah,6.9,6.75,7.4,15,67
25,NENAS BIASA (JOSAPINE/MORRIS/SARAWAK),1 biji,Selangor,3.99,3.99,5.27,16,91
25,NENAS BIASA (JOSAPINE/MORRIS/SARAWAK),1 biji,W.P. Kuala Lumpur,5.05,3.99,5.99,100,1228
25,NENAS BIASA (JOSAPINE/MORRIS/SARAWAK),1 biji,W.P. Labuan,9.43,7.5,10.7,7,37
25,NENAS BIASA (JOSAPINE/MORRIS/SARAWAK),1 biji,W.P. Putrajaya,3.99,3.99,5.0,13,157
26,ANGGUR HIJAU BERBIJI,1kg,Johor,13.98,13.98,13.98,1,1
26,ANGGUR HIJAU BERBIJI,1kg,Negeri Sembilan,13.99,13.99,13.99,1,1
26,ANGGUR HIJAU BERBIJI,1kg,Sabah,25.5,15.99,29.9,21,48
26,ANGGUR HIJAU BERBIJI,1kg,Sarawak,18.44,15.67,21.22,2,2
26,ANGGUR HIJAU BERBIJI,1kg,Selangor,12.5,10.24,14.75,2,2
26,ANGGUR HIJAU BERBIJI,1kg,W.P. Labuan,12.5,12.5,12.5,1,2
26,ANGGUR HIJAU BERBIJI,1kg,W.P. Putrajaya,23.6,21.3,25.9,2,5
27,ANGGUR MERAH BERBIJI,1kg,Johor,13.98,10.74,16.48,47,333
27,ANGGUR MERAH BERBIJI,1kg,Kedah,10.49,9.99,13.98,17,103
27,ANGGUR MERAH BERBIJI,1kg,Kelantan,10.99,9.9,13.45,43,298
27,ANGGUR MERAH BERBIJI,1kg,Melaka,9.99,8.99,14.9,5,38
27,ANGGUR MERAH BERBIJI,1kg,Negeri Sembilan,10.99,9.44,13.2,11,64
27,ANGGUR MERAH BERBIJI,1kg,Pahang,10.99,10.43,12.99,32,263
27,ANGGUR MERAH BERBIJI,1kg,Perak,10.99,10.12,13.99,54,427
27,ANGGUR MERAH BERBIJI,1kg,Pulau Pinang,9.99,9.94,11.49,15,103
27,ANGGUR MERAH BERBIJI,1kg,Sabah,17.9,14.3,18.99,79,611
27,ANGGUR MERAH BERBIJI,1kg,Sarawak,15.9,14.42,19.9,82,593
27,ANGGUR MERAH BERBIJI,1kg,Selangor,13.48,9.99,15.59,28,140
27,ANGGUR MERAH BERBIJI,1kg,Terengganu,8.69,8.34,9.84,3,18
27,ANGGUR MERAH BERBIJI,1kg,W.P. Kuala Lumpur,13.74,10.99,15.94,26,194
27,ANGGUR MERAH BERBIJI,1kg,W.P. Labuan,14.59,13.9,16.3,9,70
27,ANGGUR MERAH BERBIJI,1kg,W.P. Putrajaya,15.5,12.98,17.12,8,22
31,LAI KUNING (SAIZ M),1 biji,Johor,2.99,2.2,3.49,25,257
31,LAI KUNING (SAIZ M),1 biji,Kedah,2.1,1.99,2.4,4,19
31,LAI KUNING (SAIZ M),1 biji,Kelantan,2.25,2.04,2.44,6,30
31,LAI KUNING (SAIZ M),1 biji,Negeri Sembilan,1.74,1.62,1.86,2,11
31,LAI KUNING (SAIZ M),1 biji,Pahang,2.2,2.2,2.3,7,72
31,LAI KUNING (SAIZ M),1 biji,Perak,2.2,1.79,2.2,32,242
31,LAI KUNING (SAIZ M),1 biji,Pulau Pinang,2.99,2.99,2.99,1,1
31,LAI KUNING (SAIZ M),1 biji,Sabah,1.7,1.5,3.25,21,74
31,LAI KUNING (SAIZ M),1 biji,Sarawak,1.5,1.3,1.5,7,16
31,LAI KUNING (SAIZ M),1 biji,Selangor,2.2,2.2,2.2,2,16
31,LAI KUNING (SAIZ M),1 biji,W.P. Kuala Lumpur,2.29,2.0,2.4,13,158
31,LAI KUNING (SAIZ M),1 biji,W.P. Labuan,3.9,3.9,3.9,1,1
31,LAI KUNING (SAIZ M),1 biji,W.P. Putrajaya,2.6,2.12,2.92,6,19
38,JAMBU BATU BERBIJI,1kg,Johor,7.64,7.28,7.92,4,20
38,JAMBU BATU BERBIJI,1kg,Kedah,4.9,4.9,4.9,1,9
38,JAMBU BATU BERBIJI,1kg,Kelantan,6.9,6.5,7.09,15,74
38,JAMBU BATU BERBIJI,1kg,Melaka,5.64,4.59,5.99,8,46
38,JAMBU BATU BERBIJI,1kg,Negeri Sembilan,4.99,4.59,6.99,13,21
38,JAMBU BATU BERBIJI,1kg,Pahang,6.99,6.99,8.9,5,17
38,JAMBU BATU BERBIJI,1kg,Perak,7.29,6.5,7.99,60,548
38,JAMBU BATU BERBIJI,1kg,Pulau Pinang,7.5,6.9,7.99,13,99
38,JAMBU BATU BERBIJI,1kg,Sabah,8.9,8.5,9.9,50,331
38,JAMBU BATU BERBIJI,1kg,Selangor,11.9,11.9,11.9,1,12
38,JAMBU BATU BERBIJI,1kg,W.P. Kuala Lumpur,7.8,6.94,8.5,51,485
38,JAMBU BATU BERBIJI,1kg,W.P. Labuan,9.02,8.27,9.48,10,74
38,JAMBU BATU BERBIJI,1kg,W.P. Putrajaya,8.5,7.24,9.37,14,141
39,JAMBU BATU TANPA BIJI,1kg,Johor,8.99,6.99,12.5,9,46
39,JAMBU BATU TANPA BIJI,1kg,Kedah,7.49,7.24,7.74,2,8
39,JAMBU BATU TANPA BIJI,1kg,Kelantan,8.4,7.94,9.4,19,122
39,JAMBU BATU TANPA BIJI,1kg,Melaka,8.99,8.55,10.24,8,49
39,JAMBU BATU TANPA BIJI,1kg,Negeri Sembilan,9.94,8.92,11.74,10,14
39,JAMBU BATU TANPA BIJI,1kg,Pahang,9.99,9.99,10.49,3,16
39,JAMBU BATU TANPA BIJI,1kg,Perak,7.99,7.99,10.36,46,288
39,JAMBU BATU TANPA BIJI,1kg,Pulau Pinang,8.94,7.74,10.74,11,92
39,JAMBU BATU TANPA BIJI,1kg,Sabah,9.8,8.75,10.9,11,33
39,JAMBU BATU TANPA BIJI,1kg,Sarawak,25.9,25.9,25.9,1,1
39,JAMBU BATU TANPA BIJI,1kg,Selangor,10.99,8.59,11.49,5,19
39,JAMBU BATU TANPA BIJI,1kg,W.P. Kuala Lumpur,10.99,9.99,11.5,65,693
39,JAMBU BATU TANPA BIJI,1kg,W.P. Labuan,9.0,8.0,10.0,2,6
39,JAMBU BATU TANPA BIJI,1kg,W.P. Putrajaya,10.99,9.12,11.27,12,92
43,IKAN BAWAL HITAM (ANTARA 2 HINGGA 5 EKOR SEKILOGRAM),1kg,Johor,27.9,25.9,29.9,119,1029
43,IKAN BAWAL HITAM (ANTARA 2 HINGGA 5 EKOR SEKILOGRAM),1kg,Kedah,26.0,24.0,28.0,49,444
43,IKAN BAWAL HITAM (ANTARA 2 HINGGA 5 EKOR SEKILOGRAM),1kg,Kelantan,24.0,22.9,25.0,65,665
43,IKAN BAWAL HITAM (ANTARA 2 HINGGA 5 EKOR SEKILOGRAM),1kg,Melaka,26.99,24.4,29.0,31,297
43,IKAN BAWAL HITAM (ANTARA 2 HINGGA 5 EKOR SEKILOGRAM),1kg,Negeri Sembilan,26.94,25.0,30.0,34,330
43,IKAN BAWAL HITAM (ANTARA 2 HINGGA 5 EKOR SEKILOGRAM),1kg,Pahang,28.7,26.99,30.5,70,552
43,IKAN BAWAL HITAM (ANTARA 2 HINGGA 5 EKOR SEKILOGRAM),1kg,Perak,25.9,23.99,28.0,89,862
43,IKAN BAWAL HITAM (ANTARA 2 HINGGA 5 EKOR SEKILOGRAM),1kg,Perlis,25.2,23.62,26.0,14,96
43,IKAN BAWAL HITAM (ANTARA 2 HINGGA 5 EKOR SEKILOGRAM),1kg,Pulau Pinang,28.0,25.25,30.0,67,658
43,IKAN BAWAL HITAM (ANTARA 2 HINGGA 5 EKOR SEKILOGRAM),1kg,Sabah,20.0,17.5,25.99,40,135
43,IKAN BAWAL HITAM (ANTARA 2 HINGGA 5 EKOR SEKILOGRAM),1kg,Sarawak,25.9,23.9,28.0,149,1456
43,IKAN BAWAL HITAM (ANTARA 2 HINGGA 5 EKOR SEKILOGRAM),1kg,Selangor,28.0,26.59,30.98,70,582
43,IKAN BAWAL HITAM (ANTARA 2 HINGGA 5 EKOR SEKILOGRAM),1kg,Terengganu,26.99,25.45,28.0,39,238
43,IKAN BAWAL HITAM (ANTARA 2 HINGGA 5 EKOR SEKILOGRAM),1kg,W.P. Kuala Lumpur,30.9,26.9,39.9,97,924
43,IKAN BAWAL HITAM (ANTARA 2 HINGGA 5 EKOR SEKILOGRAM),1kg,W.P. Labuan,24.9,24.9,24.95,7,23
43,IKAN BAWAL HITAM (ANTARA 2 HINGGA 5 EKOR SEKILOGRAM),1kg,W.P. Putrajaya,30.7,28.78,32.65,16,149
47,IKAN CENCARU (ANTARA 4 HINGGA 6 EKOR SEKILOGRAM),1kg,Johor,10.99,8.99,12.0,163,8005
47,IKAN CENCARU (ANTARA 4 HINGGA 6 EKOR SEKILOGRAM),1kg,Kedah,9.99,8.0,10.99,60,3215
47,IKAN CENCARU (ANTARA 4 HINGGA 6 EKOR SEKILOGRAM),1kg,Kelantan,10.0,9.86,11.0,86,5646
47,IKAN CENCARU (ANTARA 4 HINGGA 6 EKOR SEKILOGRAM),1kg,Melaka,9.9,8.9,12.0,39,1854
47,IKAN CENCARU (ANTARA 4 HINGGA 6 EKOR SEKILOGRAM),1kg,Negeri Sembilan,10.9,9.9,12.9,41,2447
47,IKAN CENCARU (ANTARA 4 HINGGA 6 EKOR SEKILOGRAM),1kg,Pahang,11.99,9.99,12.38,90,4971
47,IKAN CENCARU (ANTARA 4 HINGGA 6 EKOR SEKILOGRAM),1kg,Perak,9.9,8.06,10.0,114,7270
47,IKAN CENCARU (ANTARA 4 HINGGA 6 EKOR SEKILOGRAM),1kg,Perlis,9.9,8.99,10.0,15,551
47,IKAN CENCARU (ANTARA 4 HINGGA 6 EKOR SEKILOGRAM),1kg,Pulau Pinang,10.99,9.5,12.0,95,4846
47,IKAN CENCARU (ANTARA 4 HINGGA 6 EKOR SEKILOGRAM),1kg,Sabah,9.94,7.99,10.99,70,1268
47,IKAN CENCARU (ANTARA 4 HINGGA 6 EKOR SEKILOGRAM),1kg,Sarawak,9.98,8.9,11.99,99,3942
47,IKAN CENCARU (ANTARA 4 HINGGA 6 EKOR SEKILOGRAM),1kg,Selangor,10.9,9.0,12.0,93,6343
47,IKAN CENCARU (ANTARA 4 HINGGA 6 EKOR SEKILOGRAM),1kg,Terengganu,11.0,10.0,12.0,65,3025
47,IKAN CENCARU (ANTARA 4 HINGGA 6 EKOR SEKILOGRAM),1kg,W.P. Kuala Lumpur,11.9,9.99,13.88,122,6960
47,IKAN CENCARU (ANTARA 4 HINGGA 6 EKOR SEKILOGRAM),1kg,W.P. Labuan,11.9,11.4,11.9,11,245
47,IKAN CENCARU (ANTARA 4 HINGGA 6 EKOR SEKILOGRAM),1kg,W.P. Putrajaya,11.9,10.99,14.49,21,1172
49,IKAN GELAMA (ANTARA 5 HINGGA 10 EKOR SEKILOGRAM),1kg,Sabah,0.01,0.01,0.01,1,1
52,KEPALA IKAN JENAHAK,1kg,Johor,22.99,19.9,27.99,59,421
52,KEPALA IKAN JENAHAK,1kg,Kedah,22.99,22.99,29.94,19,164
52,KEPALA IKAN JENAHAK,1kg,Kelantan,30.35,25.35,35.37,10,68
52,KEPALA IKAN JENAHAK,1kg,Melaka,22.99,19.9,27.99,13,131
52,KEPALA IKAN JENAHAK,1kg,Negeri Sembilan,22.99,21.74,28.9,21,171
52,KEPALA IKAN JENAHAK,1kg,Pahang,30.99,29.24,34.74,30,293
52,KEPALA IKAN JENAHAK,1kg,Perak,22.9,20.17,29.97,50,472
52,KEPALA IKAN JENAHAK,1kg,Perlis,25.2,25.2,25.2,1,1
52,KEPALA IKAN JENAHAK,1kg,Pulau Pinang,22.99,19.9,22.99,17,139
52,KEPALA IKAN JENAHAK,1kg,Sarawak,24.0,22.0,28.0,11,43
52,KEPALA IKAN JENAHAK,1kg,Selangor,22.9,19.97,24.9,48,378
52,KEPALA IKAN JENAHAK,1kg,Terengganu,25.22,22.72,25.66,6,32
52,KEPALA IKAN JENAHAK,1kg,W.P. Kuala Lumpur,22.99,19.9,25.2,39,386
52,KEPALA IKAN JENAHAK,1kg,W.P. Putrajaya,22.99,21.9,25.8,9,74
55,IKAN KEMBUNG KECIL/PELALING (ANTARA 10 HINGGA 18 EKOR SEKILOGRAM),1kg,Johor,14.99,12.9,16.9,152,5843
55,IKAN KEMBUNG KECIL/PELALING (ANTARA 10 HINGGA 18 EKOR SEKILOGRAM),1kg,Kedah,10.7,9.99,13.0,46,1639
55,IKAN KEMBUNG KECIL/PELALING (ANTARA 10 HINGGA 18 EKOR SEKILOGRAM),1kg,Kelantan,11.0,10.0,12.98,58,780
55,IKAN KEMBUNG KECIL/PELALING (ANTARA 10 HINGGA 18 EKOR SEKILOGRAM),1kg,Melaka,14.99,12.9,16.0,37,1377
55,IKAN KEMBUNG KECIL/PELALING (ANTARA 10 HINGGA 18 EKOR SEKILOGRAM),1kg,Negeri Sembilan,14.9,13.25,16.9,41,1779
55,IKAN KEMBUNG KECIL/PELALING (ANTARA 10 HINGGA 18 EKOR SEKILOGRAM),1kg,Pahang,14.99,13.99,16.0,90,4445
55,IKAN KEMBUNG KECIL/PELALING (ANTARA 10 HINGGA 18 EKOR SEKILOGRAM),1kg,Perak,11.99,10.54,13.97,87,3121
55,IKAN KEMBUNG KECIL/PELALING (ANTARA 10 HINGGA 18 EKOR SEKILOGRAM),1kg,Perlis,12.0,11.44,12.12,16,820
55,IKAN KEMBUNG KECIL/PELALING (ANTARA 10 HINGGA 18 EKOR SEKILOGRAM),1kg,Pulau Pinang,12.0,10.0,13.8,81,2229
55,IKAN KEMBUNG KECIL/PELALING (ANTARA 10 HINGGA 18 EKOR SEKILOGRAM),1kg,Sabah,10.0,8.0,11.65,30,245
55,IKAN KEMBUNG KECIL/PELALING (ANTARA 10 HINGGA 18 EKOR SEKILOGRAM),1kg,Sarawak,10.95,10.0,13.0,70,1100
55,IKAN KEMBUNG KECIL/PELALING (ANTARA 10 HINGGA 18 EKOR SEKILOGRAM),1kg,Selangor,14.9,13.0,15.9,90,4790
55,IKAN KEMBUNG KECIL/PELALING (ANTARA 10 HINGGA 18 EKOR SEKILOGRAM),1kg,Terengganu,11.15,10.0,12.0,36,638
55,IKAN KEMBUNG KECIL/PELALING (ANTARA 10 HINGGA 18 EKOR SEKILOGRAM),1kg,W.P. Kuala Lumpur,15.99,13.9,18.0,116,5633
55,IKAN KEMBUNG KECIL/PELALING (ANTARA 10 HINGGA 18 EKOR SEKILOGRAM),1kg,W.P. Labuan,12.0,9.95,14.2,7,18
55,IKAN KEMBUNG KECIL/PELALING (ANTARA 10 HINGGA 18 EKOR SEKILOGRAM),1kg,W.P. Putrajaya,16.9,14.9,19.22,20,898
60,IKAN MERAH (b	% 1 KILOGRAM SEEKOR),1kg,Sabah,7.0,7.0,7.0,1,1
64,KEPALA IKAN MERAH,1kg,Johor,25.9,22.9,29.9,49,303
64,KEPALA IKAN MERAH,1kg,Kedah,24.99,24.99,28.9,13,75
64,KEPALA IKAN MERAH,1kg,Kelantan,39.9,35.15,40.92,24,103
64,KEPALA IKAN MERAH,1kg,Melaka,24.99,22.79,30.4,11,105
64,KEPALA IKAN MERAH,1kg,Negeri Sembilan,25.8,24.59,29.99,21,164
64,KEPALA IKAN MERAH,1kg,Pahang,37.49,31.99,40.0,38,345
64,KEPALA IKAN MERAH,1kg,Perak,24.99,23.9,32.5,47,365
64,KEPALA IKAN MERAH,1kg,Pulau Pinang,24.99,19.9,24.99,13,87
64,KEPALA IKAN MERAH,1kg,Sabah,28.44,15.9,32.37,6,6
64,KEPALA IKAN MERAH,1kg,Sarawak,28.0,21.0,29.45,11,19
64,KEPALA IKAN MERAH,1kg,Selangor,24.64,23.9,25.88,46,319
64,KEPALA IKAN MERAH,1kg,Terengganu,21.9,20.9,23.9,3,21
64,KEPALA IKAN MERAH,1kg,W.P. Kuala Lumpur,24.99,19.9,26.9,46,385
64,KEPALA IKAN MERAH,1kg,W.P. Labuan,35.5,35.5,35.5,1,2
64,KEPALA IKAN MERAH,1kg,W.P. Putrajaya,25.8,22.99,25.9,9,70
69,IKAN SELAR KUNING (≥ 11 EKOR SEKILOGRAM),1kg,Johor,12.9,10.99,14.5,138,4808
69,IKAN SELAR KUNING (≥ 11 EKOR SEKILOGRAM),1kg,Kedah,11.0,9.99,13.74,27,394
69,IKAN SELAR KUNING (≥ 11 EKOR SEKILOGRAM),1kg,Kelantan,12.0,10.92,13.0,70,2197
69,IKAN SELAR KUNING (≥ 11 EKOR SEKILOGRAM),1kg,Melaka,12.99,11.0,15.5,33,1031
69,IKAN SELAR KUNING (≥ 11 EKOR SEKILOGRAM),1kg,Negeri Sembilan,12.99,11.99,14.94,39,1377
69,IKAN SELAR KUNING (≥ 11 EKOR SEKILOGRAM),1kg,Pahang,13.9,12.99,14.99,88,3446
69,IKAN SELAR KUNING (≥ 11 EKOR SEKILOGRAM),1kg,Perak,11.99,9.99,12.9,77,1427
69,IKAN SELAR KUNING (≥ 11 EKOR SEKILOGRAM),1kg,Pulau Pinang,12.25,9.99,15.0,50,897
69,IKAN SELAR KUNING (≥ 11 EKOR SEKILOGRAM),1kg,Sabah,11.99,10.0,14.0,49,671
69,IKAN SELAR KUNING (≥ 11 EKOR SEKILOGRAM),1kg,Sarawak,10.0,7.99,13.0,41,353
69,IKAN SELAR KUNING (≥ 11 EKOR SEKILOGRAM),1kg,Selangor,13.65,12.9,14.98,82,2728
69,IKAN SELAR KUNING (≥ 11 EKOR SEKILOGRAM),1kg,Terengganu,11.9,10.0,12.0,29,547
69,IKAN SELAR KUNING (≥ 11 EKOR SEKILOGRAM),1kg,W.P. Kuala Lumpur,13.99,11.9,16.99,91,3038
69,IKAN SELAR KUNING (≥ 11 EKOR SEKILOGRAM),1kg,W.P. Labuan,6.95,6.43,7.48,2,44
69,IKAN SELAR KUNING (≥ 11 EKOR SEKILOGRAM),1kg,W.P. Putrajaya,15.9,12.9,18.9,13,406
70,IKAN SELAR/PELATA (≤ 7 EKOR SEKILOGRAM),1kg,Johor,17.99,16.0,19.99,165,7472
70,IKAN SELAR/PELATA (≤ 7 EKOR SEKILOGRAM),1kg,Kedah,15.5,12.94,16.92,55,1699
70,IKAN SELAR/PELATA (≤ 7 EKOR SEKILOGRAM),1kg,Kelantan,16.94,16.0,18.0,87,5366
70,IKAN SELAR/PELATA (≤ 7 EKOR SEKILOGRAM),1kg,Melaka,17.8,16.67,19.48,39,1832
70,IKAN SELAR/PELATA (≤ 7 EKOR SEKILOGRAM),1kg,Negeri Sembilan,17.99,16.86,20.0,46,2334
70,IKAN SELAR/PELATA (≤ 7 EKOR SEKILOGRAM),1kg,Pahang,18.9,17.0,20.0,100,5356
70,IKAN SELAR/PELATA (≤ 7 EKOR SEKILOGRAM),1kg,Perak,16.85,14.99,18.9,105,5213
70,IKAN SELAR/PELATA (≤ 7 EKOR SEKILOGRAM),1kg,Perlis,12.0,11.25,14.25,8,27
70,IKAN SELAR/PELATA (≤ 7 EKOR SEKILOGRAM),1kg,Pulau Pinang,17.0,16.0,18.0,93,3914
70,IKAN SELAR/PELATA (≤ 7 EKOR SEKILOGRAM),1kg,Sabah,12.5,10.0,14.9,59,1342
70,IKAN SELAR/PELATA (≤ 7 EKOR SEKILOGRAM),1kg,Sarawak,13.98,11.32,16.0,98,3073
70,IKAN SELAR/PELATA (≤ 7 EKOR SEKILOGRAM),1kg,Selangor,19.0,16.94,20.0,99,5980
70,IKAN SELAR/PELATA (≤ 7 EKOR SEKILOGRAM),1kg,Terengganu,17.99,16.0,18.89,60,2515
70,IKAN SELAR/PELATA (≤ 7 EKOR SEKILOGRAM),1kg,W.P. Kuala Lumpur,20.5,17.88,25.0,144,9340
70,IKAN SELAR/PELATA (≤ 7 EKOR SEKILOGRAM),1kg,W.P. Labuan,15.9,15.45,16.4,11,335
70,IKAN SELAR/PELATA (≤ 7 EKOR SEKILOGRAM),1kg,W.P. Putrajaya,21.78,19.9,23.55,22,1144
88,IKAN KELI (ANTARA 2 HINGGA 5 EKOR SEKILOGRAM),1kg,Johor,9.99,8.99,11.99,110,5990
88,IKAN KELI (ANTARA 2 HINGGA 5 EKOR SEKILOGRAM),1kg,Kedah,9.9,8.5,10.99,49,2700
88,IKAN KELI (ANTARA 2 HINGGA 5 EKOR SEKILOGRAM),1kg,Kelantan,9.9,8.99,10.0,73,4470
88,IKAN KELI (ANTARA 2 HINGGA 5 EKOR SEKILOGRAM),1kg,Melaka,8.99,6.9,10.99,23,1306
88,IKAN KELI (ANTARA 2 HINGGA 5 EKOR SEKILOGRAM),1kg,Negeri Sembilan,9.94,8.34,11.99,36,1983
88,IKAN KELI (ANTARA 2 HINGGA 5 EKOR SEKILOGRAM),1kg,Pahang,11.24,9.99,12.0,66,4273
88,IKAN KELI (ANTARA 2 HINGGA 5 EKOR SEKILOGRAM),1kg,Perak,9.9,8.99,10.0,105,7001
88,IKAN KELI (ANTARA 2 HINGGA 5 EKOR SEKILOGRAM),1kg,Perlis,9.25,7.99,10.5,12,556
88,IKAN KELI (ANTARA 2 HINGGA 5 EKOR SEKILOGRAM),1kg,Pulau Pinang,9.9,8.79,11.9,61,3001
88,IKAN KELI (ANTARA 2 HINGGA 5 EKOR SEKILOGRAM),1kg,Sabah,11.5,10.9,12.6,23,529
88,IKAN KELI (ANTARA 2 HINGGA 5 EKOR SEKILOGRAM),1kg,Sarawak,11.0,9.9,12.59,76,3489
88,IKAN KELI (ANTARA 2 HINGGA 5 EKOR SEKILOGRAM),1kg,Selangor,9.99,9.0,11.9,88,5693
88,IKAN KELI (ANTARA 2 HINGGA 5 EKOR SEKILOGRAM),1kg,Terengganu,11.95,9.98,12.0,47,2772
88,IKAN KELI (ANTARA 2 HINGGA 5 EKOR SEKILOGRAM),1kg,W.P. Kuala Lumpur,10.99,9.9,12.9,99,5893
88,IKAN KELI (ANTARA 2 HINGGA 5 EKOR SEKILOGRAM),1kg,W.P. Labuan,15.4,14.65,16.15,2,32
88,IKAN KELI (ANTARA 2 HINGGA 5 EKOR SEKILOGRAM),1kg,W.P. Putrajaya,11.2,10.2,12.7,19,927
92,CILI HIJAU,1kg,Johor,11.99,9.99,14.1,187,9631
92,CILI HIJAU,1kg,Kedah,10.0,8.9,11.85,64,3728
92,CILI HIJAU,1kg,Kelantan,9.99,8.99,10.99,73,3956
92,CILI HIJAU,1kg,Melaka,11.9,9.94,14.98,47,2086
92,CILI HIJAU,1kg,Negeri Sembilan,11.2,9.99,14.0,56,3098
92,CILI HIJAU,1kg,Pahang,10.0,9.14,12.44,107,6585
92,CILI HIJAU,1kg,Perak,10.99,9.03,13.0,126,8088
92,CILI HIJAU,1kg,Perlis,10.99,10.9,12.0,13,809
92,CILI HIJAU,1kg,Pulau Pinang,10.99,9.9,12.0,117,6391
92,CILI HIJAU,1kg,Sabah,18.59,16.99,20.0,89,3465
92,CILI HIJAU,1kg,Sarawak,19.9,17.12,20.9,118,4377
92,CILI HIJAU,1kg,Selangor,11.9,10.0,14.0,112,6995
92,CILI HIJAU,1kg,Terengganu,10.5,9.54,12.6,72,3899
92,CILI HIJAU,1kg,W.P. Kuala Lumpur,12.4,10.8,14.5,149,9812
92,CILI HIJAU,1kg,W.P. Labuan,20.9,17.9,21.9,9,243
92,CILI HIJAU,1kg,W.P. Putrajaya,14.0,11.5,15.0,25,1284
93,CILI MERAH - KULAI,1kg,Johor,13.99,12.5,16.99,115,4272
93,CILI MERAH - KULAI,1kg,Kedah,16.99,13.0,18.0,59,2172
93,CILI MERAH - KULAI,1kg,Kelantan,12.9,10.9,15.0,100,5820
93,CILI MERAH - KULAI,1kg,Melaka,13.99,11.94,17.0,43,1350
93,CILI MERAH - KULAI,1kg,Negeri Sembilan,14.0,9.99,18.0,9,125
93,CILI MERAH - KULAI,1kg,Pahang,13.99,10.99,17.0,27,1080
93,CILI MERAH - KULAI,1kg,Perak,15.99,14.9,17.45,79,3420
93,CILI MERAH - KULAI,1kg,Perlis,14.7,13.39,20.0,21,318
93,CILI MERAH - KULAI,1kg,Pulau Pinang,17.85,16.37,18.0,88,4236
93,CILI MERAH - KULAI,1kg,Sabah,18.9,16.97,21.46,128,5052
93,CILI MERAH - KULAI,1kg,Sarawak,20.0,20.0,24.5,5,5
93,CILI MERAH - KULAI,1kg,Selangor,18.0,14.5,20.5,27,1065
93,CILI MERAH - KULAI,1kg,Terengganu,14.0,12.0,16.0,71,3166
93,CILI MERAH - KULAI,1kg,W.P. Kuala Lumpur,15.0,14.99,17.75,34,1298
93,CILI MERAH - KULAI,1kg,W.P. Labuan,22.45,20.23,22.9,14,502
93,CILI MERAH - KULAI,1kg,W.P. Putrajaya,12.94,12.04,16.67,26,1286
94,CILI MERAH - MINYAK,1kg,Johor,12.99,10.77,15.0,130,6527
94,CILI MERAH - MINYAK,1kg,Kedah,12.58,11.15,15.0,76,3650
94,CILI MERAH - MINYAK,1kg,Kelantan,12.9,10.99,15.5,33,1256
94,CILI MERAH - MINYAK,1kg,Melaka,11.95,10.5,12.99,29,865
94,CILI MERAH - MINYAK,1kg,Negeri Sembilan,14.0,10.97,15.62,56,3075
94,CILI MERAH - MINYAK,1kg,Pahang,12.99,10.99,15.0,115,6331
94,CILI MERAH - MINYAK,1kg,Perak,12.39,10.99,15.0,116,6542
94,CILI MERAH - MINYAK,1kg,Perlis,13.99,12.9,18.0,27,1299
94,CILI MERAH - MINYAK,1kg,Pulau Pinang,12.0,10.99,15.0,93,3643
94,CILI MERAH - MINYAK,1kg,Sabah,18.55,16.9,21.42,72,1059
94,CILI MERAH - MINYAK,1kg,Sarawak,22.0,19.99,25.0,173,8788
94,CILI MERAH - MINYAK,1kg,Selangor,12.64,10.82,15.0,112,6608
94,CILI MERAH - MINYAK,1kg,Terengganu,10.99,9.99,12.99,54,2715
94,CILI MERAH - MINYAK,1kg,W.P. Kuala Lumpur,13.5,10.99,15.95,149,9556
94,CILI MERAH - MINYAK,1kg,W.P. Labuan,18.9,18.9,18.9,1,1
94,CILI MERAH - MINYAK,1kg,W.P. Putrajaya,12.9,10.85,15.06,7,10
95,HALIA BASAH (TUA),1kg,Johor,8.99,6.99,10.0,210,10575
95,HALIA BASAH (TUA),1kg,Kedah,8.0,6.64,9.75,110,5765
95,HALIA BASAH (TUA),1kg,Kelantan,7.99,6.5,10.0,135,7377
95,HALIA BASAH (TUA),1kg,Melaka,8.99,7.9,10.9,53,2228
95,HALIA BASAH (TUA),1kg,Negeri Sembilan,9.0,7.25,11.75,59,3097
95,HALIA BASAH (TUA),1kg,Pahang,8.99,6.99,10.0,151,7343
95,HALIA BASAH (TUA),1kg,Perak,9.5,6.99,9.95,181,9108
95,HALIA BASAH (TUA),1kg,Perlis,8.0,6.5,10.0,33,1703
95,HALIA BASAH (TUA),1kg,Pulau Pinang,9.5,7.0,10.0,133,6874
95,HALIA BASAH (TUA),1kg,Sabah,13.0,7.98,15.0,177,8139
95,HALIA BASAH (TUA),1kg,Sarawak,8.0,6.9,10.0,227,11772
95,HALIA BASAH (TUA),1kg,Selangor,8.9,6.49,10.0,121,7195
95,HALIA BASAH (TUA),1kg,Terengganu,8.0,6.5,10.0,119,5759
95,HALIA BASAH (TUA),1kg,W.P. Kuala Lumpur,8.05,6.5,9.99,162,10960
95,HALIA BASAH (TUA),1kg,W.P. Labuan,7.94,7.9,9.38,14,677
95,HALIA BASAH (TUA),1kg,W.P. Putrajaya,8.95,7.67,11.05,28,1355
96,KACANG BENDI,1kg,Johor,8.0,6.97,10.0,196,9426
96,KACANG BENDI,1kg,Kedah,6.94,5.99,8.0,84,4928
96,KACANG BENDI,1kg,Kelantan,8.9,8.0,10.5,111,5966
96,KACANG BENDI,1kg,Melaka,7.0,6.25,8.62,47,1980
96,KACANG BENDI,1kg,Negeri Sembilan,7.74,6.5,9.6,56,2936
96,KACANG BENDI,1kg,Pahang,8.0,6.97,11.1,152,7131
96,KACANG BENDI,1kg,Perak,8.0,6.9,10.0,153,7900
96,KACANG BENDI,1kg,Perlis,9.0,6.9,10.0,24,1295
96,KACANG BENDI,1kg,Pulau Pinang,8.0,6.59,10.0,127,6346
96,KACANG BENDI,1kg,Sabah,8.5,7.12,9.9,122,6111
96,KACANG BENDI,1kg,Sarawak,8.0,6.5,9.9,175,9219
96,KACANG BENDI,1kg,Selangor,8.0,6.9,9.94,115,6490
96,KACANG BENDI,1kg,Terengganu,9.5,7.49,11.5,98,5114
96,KACANG BENDI,1kg,W.P. Kuala Lumpur,8.25,6.71,10.8,134,8084
96,KACANG BENDI,1kg,W.P. Labuan,8.19,7.62,8.85,14,607
96,KACANG BENDI,1kg,W.P. Putrajaya,9.45,8.0,11.22,26,1062
97,KACANG BUNCIS,1kg,Johor,12.0,9.9,14.0,192,9157
97,KACANG BUNCIS,1kg,Kedah,10.9,9.0,13.98,83,4722
97,KACANG BUNCIS,1kg,Kelantan,10.6,8.99,12.89,78,4879
97,KACANG BUNCIS,1kg,Melaka,11.25,8.99,14.0,46,1875
97,KACANG BUNCIS,1kg,Negeri Sembilan,12.0,9.99,13.0,53,2842
97,KACANG BUNCIS,1kg,Pahang,11.9,9.99,15.0,147,6900
97,KACANG BUNCIS,1kg,Perak,11.0,8.99,15.0,156,7995
97,KACANG BUNCIS,1kg,Perlis,13.0,10.6,15.0,23,1213
97,KACANG BUNCIS,1kg,Pulau Pinang,11.0,9.49,12.0,126,6291
97,KACANG BUNCIS,1kg,Sabah,8.85,7.9,9.99,126,6042
97,KACANG BUNCIS,1kg,Sarawak,13.75,11.9,15.0,165,6744
97,KACANG BUNCIS,1kg,Selangor,12.0,10.0,14.25,111,6415
97,KACANG BUNCIS,1kg,Terengganu,11.4,9.1,14.0,82,4657
97,KACANG BUNCIS,1kg,W.P. Kuala Lumpur,12.99,11.0,15.0,131,8062
97,KACANG BUNCIS,1kg,W.P. Labuan,8.9,8.1,9.43,14,697
97,KACANG BUNCIS,1kg,W.P. Putrajaya,13.73,11.6,15.94,26,1223
98,KACANG PANJANG,1kg,Johor,9.99,8.91,11.94,190,9426
98,KACANG PANJANG,1kg,Kedah,7.89,6.29,8.0,81,4841
98,KACANG PANJANG,1kg,Kelantan,9.55,8.0,11.0,105,5806
98,KACANG PANJANG,1kg,Melaka,8.99,7.93,10.99,46,1968
98,KACANG PANJANG,1kg,Negeri Sembilan,8.0,7.9,9.04,56,2916
98,KACANG PANJANG,1kg,Pahang,8.99,7.99,10.6,146,6791
98,KACANG PANJANG,1kg,Perak,8.0,7.34,10.0,151,7708
98,KACANG PANJANG,1kg,Perlis,8.0,7.38,10.0,20,1232
98,KACANG PANJANG,1kg,Pulau Pinang,8.0,7.82,9.98,126,6397
98,KACANG PANJANG,1kg,Sabah,6.99,6.5,8.0,116,5264
98,KACANG PANJANG,1kg,Sarawak,7.99,6.9,9.0,170,8381
98,KACANG PANJANG,1kg,Selangor,8.9,7.99,10.0,113,6884
98,KACANG PANJANG,1kg,Terengganu,9.0,8.0,10.18,91,5023
98,KACANG PANJANG,1kg,W.P. Kuala Lumpur,9.0,7.99,11.5,135,8228
98,KACANG PANJANG,1kg,W.P. Labuan,8.0,7.9,8.9,14,554
98,KACANG PANJANG,1kg,W.P. Putrajaya,9.9,8.5,11.5,25,1132
101,KELAPA BIJI,1 biji,Johor,3.44,3.0,3.99,94,1113
101,KELAPA BIJI,1 biji,Kedah,3.0,3.0,3.59,5,43
101,KELAPA BIJI,1 biji,Kelantan,3.5,3.0,3.99,11,60
101,KELAPA BIJI,1 biji,Melaka,3.0,2.99,3.39,18,195
101,KELAPA BIJI,1 biji,Negeri Sembilan,3.5,3.2,3.58,28,349
101,KELAPA BIJI,1 biji,Pahang,3.0,2.99,3.5,41,422
101,KELAPA BIJI,1 biji,Perak,3.0,2.5,3.59,39,427
101,KELAPA BIJI,1 biji,Pulau Pinang,3.5,3.0,3.52,20,241
101,KELAPA BIJI,1 biji,Sabah,3.0,3.0,3.63,28,264
101,KELAPA BIJI,1 biji,Sarawak,2.5,2.0,3.0,9,78
101,KELAPA BIJI,1 biji,Selangor,3.5,3.0,3.59,40,382
101,KELAPA BIJI,1 biji,Terengganu,3.5,3.19,4.0,20,244
101,KELAPA BIJI,1 biji,W.P. Kuala Lumpur,3.5,3.5,3.8,42,461
101,KELAPA BIJI,1 biji,W.P. Labuan,3.0,3.0,3.0,1,11
101,KELAPA BIJI,1 biji,W.P. Putrajaya,3.4,3.15,3.99,8,78
102,KELAPA PARUT (BIASA),1kg,Johor,11.5,10.0,12.0,29,310
102,KELAPA PARUT (BIASA),1kg,Kedah,13.0,11.5,17.23,19,219
102,KELAPA PARUT (BIASA),1kg,Kelantan,10.0,10.0,12.0,24,288
102,KELAPA PARUT (BIASA),1kg,Melaka,11.5,10.95,11.5,7,55
102,KELAPA PARUT (BIASA),1kg,Negeri Sembilan,11.0,10.12,11.38,10,104
102,KELAPA PARUT (BIASA),1kg,Pahang,12.0,11.38,12.25,8,88
102,KELAPA PARUT (BIASA),1kg,Perak,12.0,11.0,14.0,36,440
102,KELAPA PARUT (BIASA),1kg,Perlis,10.0,10.0,11.0,5,59
102,KELAPA PARUT (BIASA),1kg,Pulau Pinang,12.0,11.0,14.0,39,448
102,KELAPA PARUT (BIASA),1kg,Sabah,8.0,8.0,9.5,13,134
102,KELAPA PARUT (BIASA),1kg,Sarawak,8.75,8.0,9.0,8,65
102,KELAPA PARUT (BIASA),1kg,Selangor,12.0,11.62,15.0,30,239
102,KELAPA PARUT (BIASA),1kg,Terengganu,13.0,12.0,14.0,17,214
102,KELAPA PARUT (BIASA),1kg,W.P. Kuala Lumpur,12.0,11.0,14.18,26,236
102,KELAPA PARUT (BIASA),1kg,W.P. Labuan,3.0,3.0,3.0,1,1
102,KELAPA PARUT (BIASA),1kg,W.P. Putrajaya,15.0,14.0,18.45,9,44
103,SANTAN KELAPA SEGAR (BIASA),1kg,Johor,10.7,8.88,12.0,46,454
103,SANTAN KELAPA SEGAR (BIASA),1kg,Kedah,10.98,8.96,15.75,18,185
103,SANTAN KELAPA SEGAR (BIASA),1kg,Kelantan,12.0,10.0,14.0,9,69
103,SANTAN KELAPA SEGAR (BIASA),1kg,Melaka,8.59,7.99,9.38,8,74
103,SANTAN KELAPA SEGAR (BIASA),1kg,Negeri Sembilan,11.88,10.09,14.0,26,271
103,SANTAN KELAPA SEGAR (BIASA),1kg,Pahang,9.8,8.4,11.0,41,463
103,SANTAN KELAPA SEGAR (BIASA),1kg,Perak,10.36,8.5,14.0,83,957
103,SANTAN KELAPA SEGAR (BIASA),1kg,Pulau Pinang,16.0,14.0,17.0,28,310
103,SANTAN KELAPA SEGAR (BIASA),1kg,Sabah,12.75,10.25,14.5,6,18
103,SANTAN KELAPA SEGAR (BIASA),1kg,Sarawak,12.0,12.0,12.0,1,7
103,SANTAN KELAPA SEGAR (BIASA),1kg,Selangor,8.5,7.0,10.4,52,537
103,SANTAN KELAPA SEGAR (BIASA),1kg,Terengganu,15.0,13.0,16.0,11,117
103,SANTAN KELAPA SEGAR (BIASA),1kg,W.P. Kuala Lumpur,10.18,7.42,11.0,60,668
103,SANTAN KELAPA SEGAR (BIASA),1kg,W.P. Labuan,14.75,14.12,15.38,2,6
103,SANTAN KELAPA SEGAR (BIASA),1kg,W.P. Putrajaya,9.2,7.0,10.38,13,117
104,KUBIS BULAT IMPORT (CHINA),1kg,Johor,2.69,1.99,3.5,163,8830
104,KUBIS BULAT IMPORT (CHINA),1kg,Kedah,2.8,1.99,3.5,83,5281
104,KUBIS BULAT IMPORT (CHINA),1kg,Kelantan,2.5,1.99,3.5,101,5986
104,KUBIS BULAT IMPORT (CHINA),1kg,Melaka,2.9,2.26,4.0,40,1668
104,KUBIS BULAT IMPORT (CHINA),1kg,Negeri Sembilan,2.99,1.99,4.0,43,2053
104,KUBIS BULAT IMPORT (CHINA),1kg,Pahang,2.8,2.3,3.5,103,6255
104,KUBIS BULAT IMPORT (CHINA),1kg,Perak,2.55,1.99,4.0,111,6588
104,KUBIS BULAT IMPORT (CHINA),1kg,Perlis,2.78,2.2,4.5,26,1305
104,KUBIS BULAT IMPORT (CHINA),1kg,Pulau Pinang,3.2,2.19,4.0,101,5324
104,KUBIS BULAT IMPORT (CHINA),1kg,Sabah,4.9,3.9,5.9,42,656
104,KUBIS BULAT IMPORT (CHINA),1kg,Sarawak,3.59,3.0,4.5,177,9433
104,KUBIS BULAT IMPORT (CHINA),1kg,Selangor,2.99,2.04,3.5,106,6387
104,KUBIS BULAT IMPORT (CHINA),1kg,Terengganu,2.99,2.19,4.0,84,4455
104,KUBIS BULAT IMPORT (CHINA),1kg,W.P. Kuala Lumpur,2.72,2.16,3.5,124,7695
104,KUBIS BULAT IMPORT (CHINA),1kg,W.P. Labuan,8.9,8.0,9.0,5,70
104,KUBIS BULAT IMPORT (CHINA),1kg,W.P. Putrajaya,3.5,2.1,5.0,24,1097
105,KUBIS BULAT (TEMPATAN),1kg,Johor,4.99,3.99,5.99,82,4118
105,KUBIS BULAT (TEMPATAN),1kg,Kedah,4.9,3.99,5.0,35,1993
105,KUBIS BULAT (TEMPATAN),1kg,Kelantan,4.0,3.3,4.92,48,1636
105,KUBIS BULAT (TEMPATAN),1kg,Melaka,4.1,3.9,6.0,17,581
105,KUBIS BULAT (TEMPATAN),1kg,Negeri Sembilan,5.0,4.49,5.99,37,1768
105,KUBIS BULAT (TEMPATAN),1kg,Pahang,4.99,3.99,5.99,48,3160
105,KUBIS BULAT (TEMPATAN),1kg,Perak,4.49,3.84,5.54,103,5930
105,KUBIS BULAT (TEMPATAN),1kg,Perlis,5.5,4.0,5.99,10,277
105,KUBIS BULAT (TEMPATAN),1kg,Pulau Pinang,5.5,4.5,6.0,83,4291
105,KUBIS BULAT (TEMPATAN),1kg,Sabah,4.7,3.9,5.5,151,7056
105,KUBIS BULAT (TEMPATAN),1kg,Sarawak,6.0,5.9,7.0,21,909
105,KUBIS BULAT (TEMPATAN),1kg,Selangor,4.99,3.99,6.12,48,2495
105,KUBIS BULAT (TEMPATAN),1kg,Terengganu,4.0,3.5,5.45,25,1174
105,KUBIS BULAT (TEMPATAN),1kg,W.P. Kuala Lumpur,5.75,4.1,6.5,85,5573
105,KUBIS BULAT (TEMPATAN),1kg,W.P. Labuan,4.9,4.42,5.65,15,700
105,KUBIS BULAT (TEMPATAN),1kg,W.P. Putrajaya,5.0,4.1,5.9,5,143
108,KUNYIT HIDUP,1kg,Johor,9.9,7.99,10.5,191,10081
108,KUNYIT HIDUP,1kg,Kedah,10.0,8.8,12.0,84,5270
108,KUNYIT HIDUP,1kg,Kelantan,8.0,7.5,10.0,120,7216
108,KUNYIT HIDUP,1kg,Melaka,10.0,8.27,12.0,50,2177
108,KUNYIT HIDUP,1kg,Negeri Sembilan,10.0,7.99,12.0,56,3160
108,KUNYIT HIDUP,1kg,Pahang,9.99,8.0,10.99,119,6943
108,KUNYIT HIDUP,1kg,Perak,10.0,8.0,12.0,124,8153
108,KUNYIT HIDUP,1kg,Perlis,11.2,9.24,14.68,22,1395
108,KUNYIT HIDUP,1kg,Pulau Pinang,11.9,8.99,12.7,119,6511
108,KUNYIT HIDUP,1kg,Sabah,15.0,12.95,17.19,103,4759
108,KUNYIT HIDUP,1kg,Sarawak,10.9,8.9,13.0,129,6853
108,KUNYIT HIDUP,1kg,Selangor,8.99,7.99,10.0,114,6922
108,KUNYIT HIDUP,1kg,Terengganu,9.0,7.99,10.99,104,5573
108,KUNYIT HIDUP,1kg,W.P. Kuala Lumpur,10.0,8.05,12.38,154,10529
108,KUNYIT HIDUP,1kg,W.P. Labuan,18.0,16.27,18.94,12,606
108,KUNYIT HIDUP,1kg,W.P. Putrajaya,9.98,9.0,12.97,26,1305
109,LOBAK MERAH,1kg,Johor,3.04,2.47,4.92,196,10387
109,LOBAK MERAH,1kg,Kedah,2.99,2.29,4.0,88,5565
109,LOBAK MERAH,1kg,Kelantan,2.9,2.29,4.0,122,7165
109,LOBAK MERAH,1kg,Melaka,2.99,2.37,4.5,48,2133
109,LOBAK MERAH,1kg,Negeri Sembilan,4.0,2.8,5.0,56,3157
109,LOBAK MERAH,1kg,Pahang,3.19,2.5,4.9,121,6997
109,LOBAK MERAH,1kg,Perak,3.5,2.39,4.24,134,8645
109,LOBAK MERAH,1kg,Perlis,4.0,2.5,4.9,27,1612
109,LOBAK MERAH,1kg,Pulau Pinang,4.0,2.75,5.0,119,6748
109,LOBAK MERAH,1kg,Sabah,4.9,3.9,6.0,157,7679
109,LOBAK MERAH,1kg,Sarawak,4.9,3.99,5.94,195,11046
109,LOBAK MERAH,1kg,Selangor,3.6,2.49,5.0,111,7196
109,LOBAK MERAH,1kg,Terengganu,3.7,2.49,4.5,104,5532
109,LOBAK MERAH,1kg,W.P. Kuala Lumpur,4.0,2.9,5.98,159,10823
109,LOBAK MERAH,1kg,W.P. Labuan,4.0,3.9,5.5,15,759
109,LOBAK MERAH,1kg,W.P. Putrajaya,3.99,2.94,6.0,27,1411
112,TERUNG PANJANG,1kg,Sabah,8.39,8.39,8.39,1,1
113,TIMUN,1kg,Johor,3.99,2.99,5.0,196,10231
113,TIMUN,1kg,Kedah,3.5,2.97,4.0,88,5598
113,TIMUN,1kg,Kelantan,3.9,3.5,5.0,117,7192
113,TIMUN,1kg,Melaka,3.94,3.0,4.9,48,2116
113,TIMUN,1kg,Negeri Sembilan,4.0,3.29,5.0,57,3146
113,TIMUN,1kg,Pahang,3.85,3.29,4.64,124,7004
113,TIMUN,1kg,Perak,3.8,3.29,4.99,135,8574
113,TIMUN,1kg,Perlis,4.35,3.49,5.0,26,1527
113,TIMUN,1kg,Pulau Pinang,4.0,3.44,5.0,119,6735
113,TIMUN,1kg,Sabah,4.05,3.9,4.9,137,7230
113,TIMUN,1kg,Sarawak,4.0,3.5,5.0,197,10736
113,TIMUN,1kg,Selangor,4.0,3.39,4.99,116,7282
113,TIMUN,1kg,Terengganu,4.0,3.3,5.0,102,5534
113,TIMUN,1kg,W.P. Kuala Lumpur,4.6,3.5,5.25,160,10915
113,TIMUN,1kg,W.P. Labuan,4.25,3.91,4.5,14,784
113,TIMUN,1kg,W.P. Putrajaya,4.94,3.92,5.5,26,1392
114,TOMATO,1kg,Johor,8.36,7.62,9.84,198,10218
114,TOMATO,1kg,Kedah,8.89,7.99,9.99,87,5587
114,TOMATO,1kg,Kelantan,8.9,8.0,9.91,120,7188
114,TOMATO,1kg,Melaka,8.62,7.94,9.9,48,2128
114,TOMATO,1kg,Negeri Sembilan,8.4,7.9,9.5,57,3105
114,TOMATO,1kg,Pahang,8.99,8.0,9.99,123,7021
114,TOMATO,1kg,Perak,8.75,7.9,9.49,136,8644
114,TOMATO,1kg,Perlis,9.5,8.98,10.0,28,1613
114,TOMATO,1kg,Pulau Pinang,8.5,7.99,9.0,120,6738
114,TOMATO,1kg,Sabah,6.9,5.99,8.0,151,6614
114,TOMATO,1kg,Sarawak,11.5,10.0,12.3,185,8402
114,TOMATO,1kg,Selangor,8.5,7.99,9.06,116,7221
114,TOMATO,1kg,Terengganu,9.76,8.5,10.35,104,5516
114,TOMATO,1kg,W.P. Kuala Lumpur,8.3,7.99,8.99,166,11249
114,TOMATO,1kg,W.P. Labuan,7.0,6.9,9.0,13,409
114,TOMATO,1kg,W.P. Putrajaya,8.99,8.35,9.94,27,1421
118,TELUR AYAM GRED A (BERAT 65.0 GM HINGGA 69.9 GM SEBIJI),10 biji,Johor,13.5,13.5,13.5,1,1
118,TELUR AYAM GRED A (BERAT 65.0 GM HINGGA 69.9 GM SEBIJI),10 biji,Pulau Pinang,4.8,4.75,4.9,3,7
118,TELUR AYAM GRED A (BERAT 65.0 GM HINGGA 69.9 GM SEBIJI),10 biji,W.P. Kuala Lumpur,4.95,4.82,9.52,3,3
119,TELUR AYAM GRED B (BERAT 60.0 GM HINGGA 64.9 GM),10 biji,Johor,11.5,11.5,11.5,1,1
119,TELUR AYAM GRED B (BERAT 60.0 GM HINGGA 64.9 GM),10 biji,Pahang,13.99,13.99,13.99,1,1
119,TELUR AYAM GRED B (BERAT 60.0 GM HINGGA 64.9 GM),10 biji,Pulau Pinang,4.4,4.25,4.5,4,11
119,TELUR AYAM GRED B (BERAT 60.0 GM HINGGA 64.9 GM),10 biji,W.P. Kuala Lumpur,8.6,6.55,10.65,2,5
120,TELUR AYAM GRED C (BERAT 55.0 GM HINGGA 59.9 GM SEBIJI),10 biji,Johor,10.99,10.99,10.99,1,1
120,TELUR AYAM GRED C (BERAT 55.0 GM HINGGA 59.9 GM SEBIJI),10 biji,Pulau Pinang,4.25,4.18,4.32,2,8
120,TELUR AYAM GRED C (BERAT 55.0 GM HINGGA 59.9 GM SEBIJI),10 biji,W.P. Kuala Lumpur,4.4,4.28,8.25,3,9
129,BAWANG BESAR KUNING/HOLLAND,1kg,Johor,3.9,2.9,4.5,197,10215
129,BAWANG BESAR KUNING/HOLLAND,1kg,Kedah,3.9,2.85,4.0,107,5689
129,BAWANG BESAR KUNING/HOLLAND,1kg,Kelantan,3.99,2.99,4.0,168,7766
129,BAWANG BESAR KUNING/HOLLAND,1kg,Melaka,3.99,3.2,4.8,53,2254
129,BAWANG BESAR KUNING/HOLLAND,1kg,Negeri Sembilan,3.99,3.35,4.5,63,3111
129,BAWANG BESAR KUNING/HOLLAND,1kg,Pahang,3.6,2.69,4.0,145,6809
129,BAWANG BESAR KUNING/HOLLAND,1kg,Perak,3.5,2.79,4.0,158,8724
129,BAWANG BESAR KUNING/HOLLAND,1kg,Perlis,4.0,2.9,5.0,29,1502
129,BAWANG BESAR KUNING/HOLLAND,1kg,Pulau Pinang,3.99,2.99,5.0,126,6631
129,BAWANG BESAR KUNING/HOLLAND,1kg,Sabah,4.0,3.2,5.0,191,8958
129,BAWANG BESAR KUNING/HOLLAND,1kg,Sarawak,3.99,2.99,5.0,223,11778
129,BAWANG BESAR KUNING/HOLLAND,1kg,Selangor,3.9,2.99,4.5,120,7055
129,BAWANG BESAR KUNING/HOLLAND,1kg,Terengganu,3.75,2.99,4.0,133,5804
129,BAWANG BESAR KUNING/HOLLAND,1kg,W.P. Kuala Lumpur,4.29,3.5,4.9,168,11331
129,BAWANG BESAR KUNING/HOLLAND,1kg,W.P. Labuan,3.9,3.5,4.0,15,1011
129,BAWANG BESAR KUNING/HOLLAND,1kg,W.P. Putrajaya,4.0,3.9,5.1,27,1399
131,BAWANG KECIL MERAH ROSE IMPORT (INDIA),1kg,Johor,5.99,3.9,8.0,173,7976
131,BAWANG KECIL MERAH ROSE IMPORT (INDIA),1kg,Kedah,5.98,4.0,8.0,75,4169
131,BAWANG KECIL MERAH ROSE IMPORT (INDIA),1kg,Kelantan,2.69,2.5,4.75,14,511
131,BAWANG KECIL MERAH ROSE IMPORT (INDIA),1kg,Melaka,5.1,2.99,6.6,30,1194
131,BAWANG KECIL MERAH ROSE IMPORT (INDIA),1kg,Negeri Sembilan,5.94,3.92,8.0,58,2447
131,BAWANG KECIL MERAH ROSE IMPORT (INDIA),1kg,Pahang,5.5,3.99,7.93,92,3962
131,BAWANG KECIL MERAH ROSE IMPORT (INDIA),1kg,Perak,5.9,3.6,8.0,134,7161
131,BAWANG KECIL MERAH ROSE IMPORT (INDIA),1kg,Perlis,7.75,4.75,9.8,23,843
131,BAWANG KECIL MERAH ROSE IMPORT (INDIA),1kg,Pulau Pinang,6.0,4.99,8.12,88,3795
131,BAWANG KECIL MERAH ROSE IMPORT (INDIA),1kg,Sabah,5.9,3.99,7.0,185,8137
131,BAWANG KECIL MERAH ROSE IMPORT (INDIA),1kg,Sarawak,4.5,3.5,6.0,200,9960
131,BAWANG KECIL MERAH ROSE IMPORT (INDIA),1kg,Selangor,5.9,3.9,7.0,89,4747
131,BAWANG KECIL MERAH ROSE IMPORT (INDIA),1kg,Terengganu,3.98,2.59,9.49,9,470
131,BAWANG KECIL MERAH ROSE IMPORT (INDIA),1kg,W.P. Kuala Lumpur,5.0,3.79,6.5,97,5891
131,BAWANG KECIL MERAH ROSE IMPORT (INDIA),1kg,W.P. Labuan,5.0,4.35,5.7,15,975
131,BAWANG KECIL MERAH ROSE IMPORT (INDIA),1kg,W.P. Putrajaya,5.75,4.22,9.9,24,825
132,BAWANG KECIL MERAH IMPORT (THAILAND),1kg,Johor,11.0,9.9,12.98,69,2253
132,BAWANG KECIL MERAH IMPORT (THAILAND),1kg,Kedah,14.0,11.98,15.0,43,2078
132,BAWANG KECIL MERAH IMPORT (THAILAND),1kg,Kelantan,10.94,9.9,13.34,6,124
132,BAWANG KECIL MERAH IMPORT (THAILAND),1kg,Melaka,12.0,10.0,13.38,32,867
132,BAWANG KECIL MERAH IMPORT (THAILAND),1kg,Negeri Sembilan,10.5,9.7,12.0,35,1396
132,BAWANG KECIL MERAH IMPORT (THAILAND),1kg,Pahang,9.9,7.96,12.9,13,223
132,BAWANG KECIL MERAH IMPORT (THAILAND),1kg,Perak,9.9,7.96,12.0,74,2370
132,BAWANG KECIL MERAH IMPORT (THAILAND),1kg,Perlis,11.25,10.62,11.88,2,87
132,BAWANG KECIL MERAH IMPORT (THAILAND),1kg,Pulau Pinang,12.0,11.25,14.0,87,3737
132,BAWANG KECIL MERAH IMPORT (THAILAND),1kg,Sabah,3.99,3.99,3.99,1,2
132,BAWANG KECIL MERAH IMPORT (THAILAND),1kg,Selangor,10.0,8.95,12.5,59,2223
132,BAWANG KECIL MERAH IMPORT (THAILAND),1kg,Terengganu,9.94,9.9,10.98,4,114
132,BAWANG KECIL MERAH IMPORT (THAILAND),1kg,W.P. Kuala Lumpur,12.0,9.99,13.39,84,4376
132,BAWANG KECIL MERAH IMPORT (THAILAND),1kg,W.P. Putrajaya,10.0,7.9,11.98,9,224
152,KACANG HIJAU (IMPORT),1kg,Sabah,7.99,7.99,7.99,1,1
180,TEH BOH (UNCANG),100 beg,Johor,14.1,13.5,14.89,121,327
180,TEH BOH (UNCANG),100 beg,Kedah,14.15,13.5,14.7,56,156
180,TEH BOH (UNCANG),100 beg,Kelantan,14.3,13.9,14.9,85,217
180,TEH BOH (UNCANG),100 beg,Melaka,14.0,13.4,14.75,27,69
180,TEH BOH (UNCANG),100 beg,Negeri Sembilan,14.15,13.4,14.89,28,79
180,TEH BOH (UNCANG),100 beg,Pahang,14.0,13.5,14.45,114,327
180,TEH BOH (UNCANG),100 beg,Perak,13.5,13.5,14.3,97,272
180,TEH BOH (UNCANG),100 beg,Perlis,13.9,13.8,14.53,21,54
180,TEH BOH (UNCANG),100 beg,Pulau Pinang,13.9,13.5,14.5,53,140
180,TEH BOH (UNCANG),100 beg,Sabah,14.5,14.29,14.99,113,289
180,TEH BOH (UNCANG),100 beg,Sarawak,14.3,14.02,14.8,126,325
180,TEH BOH (UNCANG),100 beg,Selangor,14.0,13.5,14.89,79,224
180,TEH BOH (UNCANG),100 beg,Terengganu,14.3,13.95,14.9,70,188
180,TEH BOH (UNCANG),100 beg,W.P. Kuala Lumpur,14.5,14.0,14.89,113,304
180,TEH BOH (UNCANG),100 beg,W.P. Labuan,14.6,14.42,14.8,10,21
180,TEH BOH (UNCANG),100 beg,W.P. Putrajaya,14.5,14.1,16.25,19,53
191,SARDIN CAP AYAM (SOS TOMATO),425 g,Johor,10.39,9.99,10.7,191,2020
191,SARDIN CAP AYAM (SOS TOMATO),425 g,Kedah,10.0,9.8,10.5,103,1110
191,SARDIN CAP AYAM (SOS TOMATO),425 g,Kelantan,10.5,10.28,10.89,163,1717
191,SARDIN CAP AYAM (SOS TOMATO),425 g,Melaka,10.41,9.9,10.5,47,491
191,SARDIN CAP AYAM (SOS TOMATO),425 g,Negeri Sembilan,10.3,9.95,10.5,61,653
191,SARDIN CAP AYAM (SOS TOMATO),425 g,Pahang,10.45,9.8,10.5,163,1799
191,SARDIN CAP AYAM (SOS TOMATO),425 g,Perak,10.0,9.65,10.5,177,1993
191,SARDIN CAP AYAM (SOS TOMATO),425 g,Perlis,10.35,10.2,10.5,30,338
191,SARDIN CAP AYAM (SOS TOMATO),425 g,Pulau Pinang,10.4,9.85,10.68,131,1544
191,SARDIN CAP AYAM (SOS TOMATO),425 g,Sabah,10.5,10.3,10.9,131,1222
191,SARDIN CAP AYAM (SOS TOMATO),425 g,Sarawak,10.5,10.4,10.9,181,1890
191,SARDIN CAP AYAM (SOS TOMATO),425 g,Selangor,10.35,9.8,10.88,126,1318
191,SARDIN CAP AYAM (SOS TOMATO),425 g,Terengganu,10.5,10.39,10.9,129,1421
191,SARDIN CAP AYAM (SOS TOMATO),425 g,W.P. Kuala Lumpur,10.45,10.1,10.9,155,1759
191,SARDIN CAP AYAM (SOS TOMATO),425 g,W.P. Labuan,10.5,10.4,10.7,14,149
191,SARDIN CAP AYAM (SOS TOMATO),425 g,W.P. Putrajaya,10.43,9.8,11.35,26,251
193,SARDIN CAP KING CUP (SOS TOMATO),425 g,Johor,8.85,8.7,9.65,69,834
193,SARDIN CAP KING CUP (SOS TOMATO),425 g,Kedah,8.9,8.62,9.2,106,1392
193,SARDIN CAP KING CUP (SOS TOMATO),425 g,Kelantan,9.65,8.8,9.69,16,185
193,SARDIN CAP KING CUP (SOS TOMATO),425 g,Melaka,9.32,8.7,9.61,22,283
193,SARDIN CAP KING CUP (SOS TOMATO),425 g,Negeri Sembilan,8.99,8.8,9.5,43,504
193,SARDIN CAP KING CUP (SOS TOMATO),425 g,Pahang,9.9,9.5,10.1,63,777
193,SARDIN CAP KING CUP (SOS TOMATO),425 g,Perak,9.0,8.8,9.5,143,1804
193,SARDIN CAP KING CUP (SOS TOMATO),425 g,Perlis,8.99,8.9,9.29,29,382
193,SARDIN CAP KING CUP (SOS TOMATO),425 g,Pulau Pinang,9.0,8.79,9.8,100,1256
193,SARDIN CAP KING CUP (SOS TOMATO),425 g,Sabah,9.79,9.39,9.9,100,903
193,SARDIN CAP KING CUP (SOS TOMATO),425 g,Sarawak,9.6,9.4,9.9,137,1535
193,SARDIN CAP KING CUP (SOS TOMATO),425 g,Selangor,9.0,8.8,9.5,99,1195
193,SARDIN CAP KING CUP (SOS TOMATO),425 g,Terengganu,9.47,8.99,10.01,16,196
193,SARDIN CAP KING CUP (SOS TOMATO),425 g,W.P. Kuala Lumpur,9.45,8.99,9.94,127,1601
193,SARDIN CAP KING CUP (SOS TOMATO),425 g,W.P. Labuan,11.6,11.5,11.9,9,83
193,SARDIN CAP KING CUP (SOS TOMATO),425 g,W.P. Putrajaya,9.7,9.36,9.92,20,230
201,JEM STRAWBERI LADY'S CHOICE,400 g,Johor,9.39,9.3,9.69,70,855
201,JEM STRAWBERI LADY'S CHOICE,400 g,Kedah,9.3,9.2,9.35,35,444
201,JEM STRAWBERI LADY'S CHOICE,400 g,Kelantan,9.5,9.3,9.6,51,637
201,JEM STRAWBERI LADY'S CHOICE,400 g,Melaka,9.3,9.22,9.35,14,170
201,JEM STRAWBERI LADY'S CHOICE,400 g,Negeri Sembilan,9.5,9.3,9.62,18,215
201,JEM STRAWBERI LADY'S CHOICE,400 g,Pahang,9.3,9.22,9.5,42,499
201,JEM STRAWBERI LADY'S CHOICE,400 g,Perak,9.3,9.29,9.5,38,492
201,JEM STRAWBERI LADY'S CHOICE,400 g,Perlis,9.35,9.3,9.57,11,102
201,JEM STRAWBERI LADY'S CHOICE,400 g,Pulau Pinang,9.3,9.3,9.5,29,375
201,JEM STRAWBERI LADY'S CHOICE,400 g,Sabah,9.5,9.12,9.59,26,135
201,JEM STRAWBERI LADY'S CHOICE,400 g,Sarawak,9.28,9.0,9.5,56,423
201,JEM STRAWBERI LADY'S CHOICE,400 g,Selangor,9.3,9.3,9.65,31,367
201,JEM STRAWBERI LADY'S CHOICE,400 g,Terengganu,9.35,9.3,9.5,32,383
201,JEM STRAWBERI LADY'S CHOICE,400 g,W.P. Kuala Lumpur,9.5,9.3,9.65,65,760
201,JEM STRAWBERI LADY'S CHOICE,400 g,W.P. Putrajaya,9.35,9.14,9.73,11,91
203,MAINLAND CHESDALE CHEDDAR CHEESE SPREAD 12 CHEDDAR,250 g,Johor,12.04,11.7,12.9,91,1124
203,MAINLAND CHESDALE CHEDDAR CHEESE SPREAD 12 CHEDDAR,250 g,Kedah,12.6,11.75,13.1,39,500
203,MAINLAND CHESDALE CHEDDAR CHEESE SPREAD 12 CHEDDAR,250 g,Kelantan,12.9,12.3,13.5,56,662
203,MAINLAND CHESDALE CHEDDAR CHEESE SPREAD 12 CHEDDAR,250 g,Melaka,11.75,11.59,12.18,17,185
203,MAINLAND CHESDALE CHEDDAR CHEESE SPREAD 12 CHEDDAR,250 g,Negeri Sembilan,12.08,11.7,12.9,24,313
203,MAINLAND CHESDALE CHEDDAR CHEESE SPREAD 12 CHEDDAR,250 g,Pahang,12.2,11.59,12.9,59,707
203,MAINLAND CHESDALE CHEDDAR CHEESE SPREAD 12 CHEDDAR,250 g,Perak,12.59,11.7,12.92,63,816
203,MAINLAND CHESDALE CHEDDAR CHEESE SPREAD 12 CHEDDAR,250 g,Perlis,12.9,12.6,13.55,7,90
203,MAINLAND CHESDALE CHEDDAR CHEESE SPREAD 12 CHEDDAR,250 g,Pulau Pinang,11.8,11.55,12.6,31,385
203,MAINLAND CHESDALE CHEDDAR CHEESE SPREAD 12 CHEDDAR,250 g,Sabah,13.98,13.4,14.29,62,506
203,MAINLAND CHESDALE CHEDDAR CHEESE SPREAD 12 CHEDDAR,250 g,Sarawak,13.9,13.27,14.3,96,945
203,MAINLAND CHESDALE CHEDDAR CHEESE SPREAD 12 CHEDDAR,250 g,Selangor,12.5,11.7,13.2,55,714
203,MAINLAND CHESDALE CHEDDAR CHEESE SPREAD 12 CHEDDAR,250 g,Terengganu,12.3,11.59,12.6,37,418
203,MAINLAND CHESDALE CHEDDAR CHEESE SPREAD 12 CHEDDAR,250 g,W.P. Kuala Lumpur,12.6,11.99,13.5,97,1256
203,MAINLAND CHESDALE CHEDDAR CHEESE SPREAD 12 CHEDDAR,250 g,W.P. Labuan,14.3,13.9,14.55,7,59
203,MAINLAND CHESDALE CHEDDAR CHEESE SPREAD 12 CHEDDAR,250 g,W.P. Putrajaya,12.6,11.75,13.49,12,141
205,MARJERIN DAISY,480 g,Johor,9.5,9.15,9.9,132,1638
205,MARJERIN DAISY,480 g,Kedah,9.5,9.2,9.88,69,878
205,MARJERIN DAISY,480 g,Kelantan,9.8,9.48,9.9,124,1448
205,MARJERIN DAISY,480 g,Melaka,9.45,8.99,9.8,32,366
205,MARJERIN DAISY,480 g,Negeri Sembilan,9.55,9.15,9.9,36,419
205,MARJERIN DAISY,480 g,Pahang,9.5,8.99,9.7,59,714
205,MARJERIN DAISY,480 g,Perak,9.2,9.0,9.5,86,1022
205,MARJERIN DAISY,480 g,Perlis,9.5,9.5,9.89,20,215
205,MARJERIN DAISY,480 g,Pulau Pinang,9.7,9.25,10.21,86,1089
205,MARJERIN DAISY,480 g,Sabah,9.5,9.3,9.9,133,1225
205,MARJERIN DAISY,480 g,Sarawak,9.3,9.2,9.6,156,1667
205,MARJERIN DAISY,480 g,Selangor,9.72,9.15,9.9,66,811
205,MARJERIN DAISY,480 g,Terengganu,9.5,9.2,9.9,67,732
205,MARJERIN DAISY,480 g,W.P. Kuala Lumpur,9.8,9.16,9.9,93,1058
205,MARJERIN DAISY,480 g,W.P. Labuan,9.5,9.28,9.5,12,117
205,MARJERIN DAISY,480 g,W.P. Putrajaya,9.9,9.7,10.82,20,214
206,MARJERIN PLANTA,480 g,Johor,11.3,10.39,11.99,172,2125
206,MARJERIN PLANTA,480 g,Kedah,10.8,9.9,11.9,81,1033
206,MARJERIN PLANTA,480 g,Kelantan,11.8,10.84,12.5,140,1596
206,MARJERIN PLANTA,480 g,Melaka,10.9,10.38,12.0,44,550
206,MARJERIN PLANTA,480 g,Negeri Sembilan,11.3,10.39,12.35,48,580
206,MARJERIN PLANTA,480 g,Pahang,10.9,9.9,11.82,137,1761
206,MARJERIN PLANTA,480 g,Perak,10.49,9.9,11.0,137,1646
206,MARJERIN PLANTA,480 g,Perlis,10.95,10.9,11.9,25,285
206,MARJERIN PLANTA,480 g,Pulau Pinang,11.59,10.35,12.5,103,1280
206,MARJERIN PLANTA,480 g,Sabah,9.0,9.0,9.0,1,2
206,MARJERIN PLANTA,480 g,Sarawak,10.8,10.65,11.35,3,11
206,MARJERIN PLANTA,480 g,Selangor,11.08,10.35,12.19,94,1106
206,MARJERIN PLANTA,480 g,Terengganu,12.1,10.95,12.88,106,1235
206,MARJERIN PLANTA,480 g,W.P. Kuala Lumpur,11.76,10.95,12.6,138,1631
206,MARJERIN PLANTA,480 g,W.P. Putrajaya,11.74,11.38,13.2,19,237
214,KICAP LEMAK MANIS CAP KIPAS UDANG,345ml,Johor,7.04,6.5,7.5,202,2558
214,KICAP LEMAK MANIS CAP KIPAS UDANG,345ml,Kedah,6.6,6.1,6.9,109,1385
214,KICAP LEMAK MANIS CAP KIPAS UDANG,345ml,Kelantan,6.5,6.4,6.9,204,2565
214,KICAP LEMAK MANIS CAP KIPAS UDANG,345ml,Melaka,6.9,6.3,7.2,53,669
214,KICAP LEMAK MANIS CAP KIPAS UDANG,345ml,Negeri Sembilan,6.9,6.5,7.12,60,774
214,KICAP LEMAK MANIS CAP KIPAS UDANG,345ml,Pahang,6.75,6.1,7.0,179,2282
214,KICAP LEMAK MANIS CAP KIPAS UDANG,345ml,Perak,6.3,6.1,6.6,185,2378
214,KICAP LEMAK MANIS CAP KIPAS UDANG,345ml,Perlis,6.5,6.3,6.9,34,410
214,KICAP LEMAK MANIS CAP KIPAS UDANG,345ml,Pulau Pinang,6.69,6.15,7.0,127,1515
214,KICAP LEMAK MANIS CAP KIPAS UDANG,345ml,Sabah,8.5,7.9,8.6,101,846
214,KICAP LEMAK MANIS CAP KIPAS UDANG,345ml,Sarawak,7.5,7.22,7.7,106,1023
214,KICAP LEMAK MANIS CAP KIPAS UDANG,345ml,Selangor,6.88,6.21,7.0,128,1548
214,KICAP LEMAK MANIS CAP KIPAS UDANG,345ml,Terengganu,6.95,6.5,7.1,138,1813
214,KICAP LEMAK MANIS CAP KIPAS UDANG,345ml,W.P. Kuala Lumpur,6.99,6.55,7.4,161,2017
214,KICAP LEMAK MANIS CAP KIPAS UDANG,345ml,W.P. Labuan,8.4,7.8,8.6,9,74
214,KICAP LEMAK MANIS CAP KIPAS UDANG,345ml,W.P. Putrajaya,7.35,6.7,7.7,27,348
217,SOS TOMATO MAGGI,325 g,Johor,4.2,4.09,4.49,181,2353
217,SOS TOMATO MAGGI,325 g,Kedah,4.2,4.09,4.39,97,1282
217,SOS TOMATO MAGGI,325 g,Kelantan,4.2,4.05,4.35,166,2005
217,SOS TOMATO MAGGI,325 g,Melaka,4.2,4.05,4.4,42,467
217,SOS TOMATO MAGGI,325 g,Negeri Sembilan,4.2,4.05,4.4,52,664
217,SOS TOMATO MAGGI,325 g,Pahang,4.2,4.1,4.32,120,1532
217,SOS TOMATO MAGGI,325 g,Perak,4.2,4.05,4.49,134,1672
217,SOS TOMATO MAGGI,325 g,Perlis,4.2,4.1,4.3,29,354
217,SOS TOMATO MAGGI,325 g,Pulau Pinang,4.2,4.05,4.4,107,1390
217,SOS TOMATO MAGGI,325 g,Sabah,4.15,3.95,4.29,171,1765
217,SOS TOMATO MAGGI,325 g,Sarawak,4.2,4.0,4.3,195,2222
217,SOS TOMATO MAGGI,325 g,Selangor,4.2,4.09,4.49,96,1129
217,SOS TOMATO MAGGI,325 g,Terengganu,4.3,4.1,4.5,127,1563
217,SOS TOMATO MAGGI,325 g,W.P. Kuala Lumpur,4.3,4.2,4.45,148,1855
217,SOS TOMATO MAGGI,325 g,W.P. Labuan,4.1,4.1,4.2,13,144
217,SOS TOMATO MAGGI,325 g,W.P. Putrajaya,4.4,4.09,4.5,25,318
218,SOS CILI LIFE,340 g,Johor,4.49,4.3,4.74,166,1890
218,SOS CILI LIFE,340 g,Kedah,4.45,4.3,4.6,89,1063
218,SOS CILI LIFE,340 g,Kelantan,4.49,4.31,4.6,162,1804
218,SOS CILI LIFE,340 g,Melaka,4.5,4.21,4.5,46,520
218,SOS CILI LIFE,340 g,Negeri Sembilan,4.5,4.2,4.6,42,463
218,SOS CILI LIFE,340 g,Pahang,4.4,4.32,4.5,103,1164
218,SOS CILI LIFE,340 g,Perak,4.4,4.2,4.5,134,1518
218,SOS CILI LIFE,340 g,Perlis,4.45,4.27,4.5,28,314
218,SOS CILI LIFE,340 g,Pulau Pinang,4.5,4.2,4.76,100,1116
218,SOS CILI LIFE,340 g,Sabah,5.5,5.45,5.7,127,1089
218,SOS CILI LIFE,340 g,Sarawak,5.0,4.9,5.2,130,1222
218,SOS CILI LIFE,340 g,Selangor,4.5,4.3,4.75,97,1088
218,SOS CILI LIFE,340 g,Terengganu,4.5,4.4,4.78,107,1242
218,SOS CILI LIFE,340 g,W.P. Kuala Lumpur,4.5,4.3,4.8,126,1427
218,SOS CILI LIFE,340 g,W.P. Labuan,5.8,5.8,5.93,12,104
218,SOS CILI LIFE,340 g,W.P. Putrajaya,4.75,4.4,4.9,23,225
221,DRINHO SOYA (KOTAK),250 ml,Johor,1.2,1.0,1.45,4,44
221,DRINHO SOYA (KOTAK),250 ml,Kedah,1.0,1.0,1.0,2,20
221,DRINHO SOYA (KOTAK),250 ml,Kelantan,1.2,1.2,1.2,1,4
221,DRINHO SOYA (KOTAK),250 ml,Melaka,1.0,1.0,1.0,1,3
221,DRINHO SOYA (KOTAK),250 ml,Pahang,1.0,1.0,1.0,4,35
221,DRINHO SOYA (KOTAK),250 ml,Perak,1.1,1.05,1.15,2,20
221,DRINHO SOYA (KOTAK),250 ml,Perlis,1.0,1.0,1.0,2,16
221,DRINHO SOYA (KOTAK),250 ml,Pulau Pinang,1.15,0.98,1.32,2,17
221,DRINHO SOYA (KOTAK),250 ml,Sabah,1.0,1.0,1.02,8,63
221,DRINHO SOYA (KOTAK),250 ml,Sarawak,1.2,1.15,1.2,4,34
221,DRINHO SOYA (KOTAK),250 ml,Terengganu,1.15,1.08,1.23,2,28
221,DRINHO SOYA (KOTAK),250 ml,W.P. Kuala Lumpur,1.2,1.2,1.2,5,68
221,DRINHO SOYA (KOTAK),250 ml,W.P. Labuan,1.15,1.08,1.25,4,28
221,DRINHO SOYA (KOTAK),250 ml,W.P. Putrajaya,2.5,1.85,2.6,3,9
224,SUSU SEGAR DUTCH LADY,1 liter,Johor,7.99,7.99,9.07,92,233
224,SUSU SEGAR DUTCH LADY,1 liter,Kedah,7.99,7.99,8.61,38,101
224,SUSU SEGAR DUTCH LADY,1 liter,Kelantan,8.65,7.99,9.5,65,156
224,SUSU SEGAR DUTCH LADY,1 liter,Melaka,8.25,7.92,8.94,14,25
224,SUSU SEGAR DUTCH LADY,1 liter,Negeri Sembilan,8.99,8.57,9.52,23,52
224,SUSU SEGAR DUTCH LADY,1 liter,Pahang,7.99,7.99,8.49,64,167
224,SUSU SEGAR DUTCH LADY,1 liter,Perak,7.99,7.9,8.69,88,209
224,SUSU SEGAR DUTCH LADY,1 liter,Perlis,7.99,7.99,9.75,7,13
224,SUSU SEGAR DUTCH LADY,1 liter,Pulau Pinang,8.49,7.99,8.95,53,136
224,SUSU SEGAR DUTCH LADY,1 liter,Sabah,8.6,8.4,8.79,39,69
224,SUSU SEGAR DUTCH LADY,1 liter,Sarawak,8.5,8.27,8.57,10,10
224,SUSU SEGAR DUTCH LADY,1 liter,Selangor,8.5,7.99,9.65,63,164
224,SUSU SEGAR DUTCH LADY,1 liter,Terengganu,9.2,8.52,9.7,54,147
224,SUSU SEGAR DUTCH LADY,1 liter,W.P. Kuala Lumpur,8.88,8.49,9.7,90,236
224,SUSU SEGAR DUTCH LADY,1 liter,W.P. Labuan,8.7,8.65,8.75,2,4
224,SUSU SEGAR DUTCH LADY,1 liter,W.P. Putrajaya,8.65,8.24,9.0,11,30
226,YEO'S LAICI (KOTAK),250 ml,Johor,1.25,1.08,1.39,8,77
226,YEO'S LAICI (KOTAK),250 ml,Kedah,1.2,1.1,1.25,3,33
226,YEO'S LAICI (KOTAK),250 ml,Melaka,1.0,1.0,1.0,1,9
226,YEO'S LAICI (KOTAK),250 ml,Pahang,1.2,1.1,1.4,7,74
226,YEO'S LAICI (KOTAK),250 ml,Perak,1.1,1.05,1.15,2,16
226,YEO'S LAICI (KOTAK),250 ml,Perlis,1.1,1.0,1.27,4,31
226,YEO'S LAICI (KOTAK),250 ml,Pulau Pinang,1.3,1.25,1.34,2,27
226,YEO'S LAICI (KOTAK),250 ml,Sabah,1.0,1.0,1.2,9,53
226,YEO'S LAICI (KOTAK),250 ml,Sarawak,1.2,1.2,1.4,9,79
226,YEO'S LAICI (KOTAK),250 ml,Terengganu,1.2,1.2,1.2,2,24
226,YEO'S LAICI (KOTAK),250 ml,W.P. Kuala Lumpur,1.3,1.2,1.39,4,54
226,YEO'S LAICI (KOTAK),250 ml,W.P. Labuan,1.2,1.1,1.2,5,31
226,YEO'S LAICI (KOTAK),250 ml,W.P. Putrajaya,2.5,2.5,2.5,1,1
228,COCA COLA (BOTOL),1.5 liter,Johor,3.79,3.32,3.99,66,758
228,COCA COLA (BOTOL),1.5 liter,Kedah,3.29,2.89,3.49,21,270
228,COCA COLA (BOTOL),1.5 liter,Kelantan,3.99,3.49,4.4,40,345
228,COCA COLA (BOTOL),1.5 liter,Melaka,3.82,3.52,4.03,12,103
228,COCA COLA (BOTOL),1.5 liter,Negeri Sembilan,3.86,3.44,4.04,20,261
228,COCA COLA (BOTOL),1.5 liter,Pahang,4.04,3.49,4.8,32,326
228,COCA COLA (BOTOL),1.5 liter,Perak,3.49,3.29,3.89,41,493
228,COCA COLA (BOTOL),1.5 liter,Perlis,3.39,3.19,3.54,3,35
228,COCA COLA (BOTOL),1.5 liter,Pulau Pinang,2.99,2.89,3.46,23,293
228,COCA COLA (BOTOL),1.5 liter,Sabah,4.17,3.8,4.4,79,664
228,COCA COLA (BOTOL),1.5 liter,Sarawak,3.9,3.8,4.0,107,1149
228,COCA COLA (BOTOL),1.5 liter,Selangor,3.49,3.23,3.89,48,588
228,COCA COLA (BOTOL),1.5 liter,Terengganu,3.99,3.69,4.45,24,245
228,COCA COLA (BOTOL),1.5 liter,W.P. Kuala Lumpur,4.08,3.6,4.5,103,1249
228,COCA COLA (BOTOL),1.5 liter,W.P. Labuan,4.05,4.0,4.2,10,111
228,COCA COLA (BOTOL),1.5 liter,W.P. Putrajaya,4.01,3.26,4.43,12,141
229,F&N OREN (TIN),325 ml,Johor,1.7,1.65,1.89,58,629
229,F&N OREN (TIN),325 ml,Kedah,1.7,1.5,1.75,20,223
229,F&N OREN (TIN),325 ml,Kelantan,1.7,1.6,1.7,34,368
229,F&N OREN (TIN),325 ml,Melaka,1.7,1.6,1.8,11,87
229,F&N OREN (TIN),325 ml,Negeri Sembilan,1.61,1.6,1.8,17,192
229,F&N OREN (TIN),325 ml,Pahang,1.6,1.6,1.7,35,390
229,F&N OREN (TIN),325 ml,Perak,1.7,1.63,1.7,38,413
229,F&N OREN (TIN),325 ml,Perlis,1.79,1.67,2.01,4,53
229,F&N OREN (TIN),325 ml,Pulau Pinang,1.7,1.6,1.8,16,205
229,F&N OREN (TIN),325 ml,Sabah,1.65,1.59,1.75,73,651
229,F&N OREN (TIN),325 ml,Sarawak,1.7,1.6,1.8,102,1146
229,F&N OREN (TIN),325 ml,Selangor,1.7,1.7,1.8,39,467
229,F&N OREN (TIN),325 ml,Terengganu,1.7,1.6,1.8,23,270
229,F&N OREN (TIN),325 ml,W.P. Kuala Lumpur,1.7,1.62,1.81,78,963
229,F&N OREN (TIN),325 ml,W.P. Labuan,1.67,1.6,1.82,8,68
229,F&N OREN (TIN),325 ml,W.P. Putrajaya,1.8,1.7,1.89,10,96
230,F&N OREN (BOTOL),1.5 liter,Johor,3.19,3.1,3.29,63,791
230,F&N OREN (BOTOL),1.5 liter,Kedah,2.99,2.49,3.19,20,242
230,F&N OREN (BOTOL),1.5 liter,Kelantan,3.55,3.12,3.8,52,598
230,F&N OREN (BOTOL),1.5 liter,Melaka,3.1,2.7,3.2,9,101
230,F&N OREN (BOTOL),1.5 liter,Negeri Sembilan,3.09,2.85,3.2,13,172
230,F&N OREN (BOTOL),1.5 liter,Pahang,3.19,3.09,3.9,37,481
230,F&N OREN (BOTOL),1.5 liter,Perak,3.1,2.99,3.19,47,582
230,F&N OREN (BOTOL),1.5 liter,Perlis,3.2,3.2,3.2,1,12
230,F&N OREN (BOTOL),1.5 liter,Pulau Pinang,3.1,2.95,3.32,28,335
230,F&N OREN (BOTOL),1.5 liter,Sabah,3.7,3.5,3.89,80,618
230,F&N OREN (BOTOL),1.5 liter,Sarawak,3.75,3.6,3.85,103,1098
230,F&N OREN (BOTOL),1.5 liter,Selangor,3.1,2.88,3.47,42,525
230,F&N OREN (BOTOL),1.5 liter,Terengganu,3.29,3.02,3.5,26,344
230,F&N OREN (BOTOL),1.5 liter,W.P. Kuala Lumpur,3.6,3.25,3.79,94,1170
230,F&N OREN (BOTOL),1.5 liter,W.P. Labuan,3.75,3.62,3.98,10,108
230,F&N OREN (BOTOL),1.5 liter,W.P. Putrajaya,3.2,2.5,3.7,13,120
232,MIRINDA OREN (BOTOL),1.5 liter,Johor,2.65,2.3,3.49,65,760
232,MIRINDA OREN (BOTOL),1.5 liter,Kedah,2.6,2.2,3.15,33,406
232,MIRINDA OREN (BOTOL),1.5 liter,Kelantan,2.7,2.22,2.99,55,635
232,MIRINDA OREN (BOTOL),1.5 liter,Melaka,2.4,2.32,2.49,10,109
232,MIRINDA OREN (BOTOL),1.5 liter,Negeri Sembilan,2.49,2.3,2.6,21,262
232,MIRINDA OREN (BOTOL),1.5 liter,Pahang,2.99,2.79,3.0,57,692
232,MIRINDA OREN (BOTOL),1.5 liter,Perak,2.6,2.3,2.91,62,743
232,MIRINDA OREN (BOTOL),1.5 liter,Perlis,2.7,2.5,3.52,8,92
232,MIRINDA OREN (BOTOL),1.5 liter,Pulau Pinang,2.49,2.3,3.02,31,374
232,MIRINDA OREN (BOTOL),1.5 liter,Sabah,2.99,2.49,3.9,81,601
232,MIRINDA OREN (BOTOL),1.5 liter,Sarawak,2.84,2.5,3.7,96,1002
232,MIRINDA OREN (BOTOL),1.5 liter,Selangor,2.6,2.37,3.16,48,617
232,MIRINDA OREN (BOTOL),1.5 liter,Terengganu,3.0,2.79,3.36,35,398
232,MIRINDA OREN (BOTOL),1.5 liter,W.P. Kuala Lumpur,3.46,2.59,4.3,86,977
232,MIRINDA OREN (BOTOL),1.5 liter,W.P. Putrajaya,2.59,2.44,4.05,11,133
235,JUS OREN PEEL FRESH (MARIGOLD),1 liter,Johor,6.55,6.4,6.89,93,1151
235,JUS OREN PEEL FRESH (MARIGOLD),1 liter,Kedah,6.55,6.5,6.9,39,514
235,JUS OREN PEEL FRESH (MARIGOLD),1 liter,Kelantan,6.6,6.4,6.9,56,702
235,JUS OREN PEEL FRESH (MARIGOLD),1 liter,Melaka,6.55,6.47,6.72,16,178
235,JUS OREN PEEL FRESH (MARIGOLD),1 liter,Negeri Sembilan,6.6,6.47,6.8,24,313
235,JUS OREN PEEL FRESH (MARIGOLD),1 liter,Pahang,6.89,6.59,6.9,63,743
235,JUS OREN PEEL FRESH (MARIGOLD),1 liter,Perak,6.55,6.4,6.93,63,797
235,JUS OREN PEEL FRESH (MARIGOLD),1 liter,Perlis,6.77,6.5,6.88,11,125
235,JUS OREN PEEL FRESH (MARIGOLD),1 liter,Pulau Pinang,6.55,6.4,6.7,33,441
235,JUS OREN PEEL FRESH (MARIGOLD),1 liter,Sabah,7.59,7.4,7.99,51,413
235,JUS OREN PEEL FRESH (MARIGOLD),1 liter,Sarawak,7.5,7.3,7.6,76,535
235,JUS OREN PEEL FRESH (MARIGOLD),1 liter,Selangor,6.8,6.55,6.9,55,740
235,JUS OREN PEEL FRESH (MARIGOLD),1 liter,Terengganu,6.89,6.59,6.9,37,443
235,JUS OREN PEEL FRESH (MARIGOLD),1 liter,W.P. Kuala Lumpur,6.9,6.72,6.93,98,1231
235,JUS OREN PEEL FRESH (MARIGOLD),1 liter,W.P. Labuan,7.55,7.5,7.71,6,36
235,JUS OREN PEEL FRESH (MARIGOLD),1 liter,W.P. Putrajaya,6.9,6.8,6.95,13,152
239,RED BULL (BOTOL),150 ml,Johor,2.49,2.3,2.59,60,605
239,RED BULL (BOTOL),150 ml,Kedah,2.3,2.3,2.42,20,247
239,RED BULL (BOTOL),150 ml,Kelantan,2.45,2.2,2.7,40,379
239,RED BULL (BOTOL),150 ml,Melaka,2.49,2.3,2.65,10,119
239,RED BULL (BOTOL),150 ml,Negeri Sembilan,2.35,2.3,2.49,17,154
239,RED BULL (BOTOL),150 ml,Pahang,2.55,2.29,2.6,34,369
239,RED BULL (BOTOL),150 ml,Perak,2.3,2.3,2.49,42,518
239,RED BULL (BOTOL),150 ml,Perlis,2.35,2.3,2.48,6,73
239,RED BULL (BOTOL),150 ml,Pulau Pinang,2.5,2.3,2.54,22,250
239,RED BULL (BOTOL),150 ml,Sabah,2.5,2.35,2.6,69,541
239,RED BULL (BOTOL),150 ml,Sarawak,2.5,2.4,2.59,102,1008
239,RED BULL (BOTOL),150 ml,Selangor,2.52,2.5,2.6,24,253
239,RED BULL (BOTOL),150 ml,Terengganu,2.48,2.3,2.5,20,243
239,RED BULL (BOTOL),150 ml,W.P. Kuala Lumpur,2.52,2.49,2.6,60,672
239,RED BULL (BOTOL),150 ml,W.P. Labuan,2.4,2.4,2.5,9,100
239,RED BULL (BOTOL),150 ml,W.P. Putrajaya,2.55,2.55,2.7,9,86
240,LIVITA WITH HONEY (BOTOL),150 ml,Johor,2.2,2.14,2.25,15,181
240,LIVITA WITH HONEY (BOTOL),150 ml,Kedah,2.1,2.0,2.2,17,200
240,LIVITA WITH HONEY (BOTOL),150 ml,Kelantan,2.2,2.1,2.35,12,103
240,LIVITA WITH HONEY (BOTOL),150 ml,Melaka,2.2,2.19,2.2,5,46
240,LIVITA WITH HONEY (BOTOL),150 ml,Negeri Sembilan,2.15,2.1,2.24,10,112
240,LIVITA WITH HONEY (BOTOL),150 ml,Pahang,2.1,2.1,2.18,14,158
240,LIVITA WITH HONEY (BOTOL),150 ml,Perak,2.1,2.1,2.21,16,156
240,LIVITA WITH HONEY (BOTOL),150 ml,Perlis,2.0,2.0,2.0,2,9
240,LIVITA WITH HONEY (BOTOL),150 ml,Pulau Pinang,2.1,2.0,2.2,8,80
240,LIVITA WITH HONEY (BOTOL),150 ml,Sabah,2.2,2.1,2.29,37,206
240,LIVITA WITH HONEY (BOTOL),150 ml,Sarawak,2.3,2.2,2.4,43,343
240,LIVITA WITH HONEY (BOTOL),150 ml,Selangor,2.15,2.1,2.2,12,129
240,LIVITA WITH HONEY (BOTOL),150 ml,Terengganu,2.2,2.2,2.3,5,60
240,LIVITA WITH HONEY (BOTOL),150 ml,W.P. Kuala Lumpur,2.15,2.1,2.2,34,408
240,LIVITA WITH HONEY (BOTOL),150 ml,W.P. Labuan,2.2,2.18,2.32,8,46
240,LIVITA WITH HONEY (BOTOL),150 ml,W.P. Putrajaya,2.2,2.1,2.2,5,38
246,MINYAK JAGUNG CAP MAZOLA,1kg,Johor,18.92,18.73,19.01,52,592
246,MINYAK JAGUNG CAP MAZOLA,1kg,Kedah,18.8,17.9,18.9,24,329
246,MINYAK JAGUNG CAP MAZOLA,1kg,Kelantan,18.9,18.9,19.65,15,181
246,MINYAK JAGUNG CAP MAZOLA,1kg,Melaka,18.85,17.9,18.9,8,88
246,MINYAK JAGUNG CAP MAZOLA,1kg,Negeri Sembilan,18.9,18.64,19.74,14,163
246,MINYAK JAGUNG CAP MAZOLA,1kg,Pahang,18.9,18.9,19.06,26,340
246,MINYAK JAGUNG CAP MAZOLA,1kg,Perak,18.9,17.9,18.9,30,358
246,MINYAK JAGUNG CAP MAZOLA,1kg,Perlis,18.94,18.48,19.5,8,98
246,MINYAK JAGUNG CAP MAZOLA,1kg,Pulau Pinang,18.89,17.94,18.9,19,232
246,MINYAK JAGUNG CAP MAZOLA,1kg,Sabah,18.7,18.24,18.89,31,320
246,MINYAK JAGUNG CAP MAZOLA,1kg,Sarawak,18.7,17.9,18.9,61,647
246,MINYAK JAGUNG CAP MAZOLA,1kg,Selangor,18.9,18.11,20.1,30,371
246,MINYAK JAGUNG CAP MAZOLA,1kg,Terengganu,19.3,18.9,21.7,17,214
246,MINYAK JAGUNG CAP MAZOLA,1kg,W.P. Kuala Lumpur,19.2,18.9,19.9,81,976
246,MINYAK JAGUNG CAP MAZOLA,1kg,W.P. Labuan,18.35,18.08,18.62,2,12
246,MINYAK JAGUNG CAP MAZOLA,1kg,W.P. Putrajaya,19.2,18.9,19.9,9,102
254,MINYAK MASAK SEBATIAN CAP RED EAGLE,5 kg,Johor,35.5,32.45,36.9,109,1223
254,MINYAK MASAK SEBATIAN CAP RED EAGLE,5 kg,Kedah,35.9,32.45,36.9,53,672
254,MINYAK MASAK SEBATIAN CAP RED EAGLE,5 kg,Kelantan,36.9,36.18,37.5,55,646
254,MINYAK MASAK SEBATIAN CAP RED EAGLE,5 kg,Melaka,35.99,33.45,36.6,27,299
254,MINYAK MASAK SEBATIAN CAP RED EAGLE,5 kg,Negeri Sembilan,35.9,32.79,36.86,24,268
254,MINYAK MASAK SEBATIAN CAP RED EAGLE,5 kg,Pahang,32.4,31.95,36.92,82,1003
254,MINYAK MASAK SEBATIAN CAP RED EAGLE,5 kg,Perak,32.9,31.95,36.5,117,1387
254,MINYAK MASAK SEBATIAN CAP RED EAGLE,5 kg,Perlis,36.55,33.9,37.5,13,131
254,MINYAK MASAK SEBATIAN CAP RED EAGLE,5 kg,Pulau Pinang,34.9,32.44,36.85,84,998
254,MINYAK MASAK SEBATIAN CAP RED EAGLE,5 kg,Sabah,39.5,39.29,40.48,114,1119
254,MINYAK MASAK SEBATIAN CAP RED EAGLE,5 kg,Sarawak,38.9,38.5,39.9,155,1626
254,MINYAK MASAK SEBATIAN CAP RED EAGLE,5 kg,Selangor,33.49,32.01,36.85,62,729
254,MINYAK MASAK SEBATIAN CAP RED EAGLE,5 kg,Terengganu,36.25,35.9,36.9,36,435
254,MINYAK MASAK SEBATIAN CAP RED EAGLE,5 kg,W.P. Kuala Lumpur,36.15,34.99,36.9,103,1250
254,MINYAK MASAK SEBATIAN CAP RED EAGLE,5 kg,W.P. Labuan,41.8,41.52,42.77,8,81
254,MINYAK MASAK SEBATIAN CAP RED EAGLE,5 kg,W.P. Putrajaya,36.62,34.45,36.92,12,151
260,MINYAK MASAK SEBATIAN CAP KNIFE,5 kg,Johor,33.99,32.85,35.8,149,1835
260,MINYAK MASAK SEBATIAN CAP KNIFE,5 kg,Kedah,34.9,32.85,36.5,71,890
260,MINYAK MASAK SEBATIAN CAP KNIFE,5 kg,Kelantan,35.9,34.8,37.59,69,720
260,MINYAK MASAK SEBATIAN CAP KNIFE,5 kg,Melaka,33.9,33.9,35.8,29,332
260,MINYAK MASAK SEBATIAN CAP KNIFE,5 kg,Negeri Sembilan,33.99,32.85,35.9,41,491
260,MINYAK MASAK SEBATIAN CAP KNIFE,5 kg,Pahang,33.99,32.85,35.9,103,1292
260,MINYAK MASAK SEBATIAN CAP KNIFE,5 kg,Perak,32.9,32.4,35.65,123,1467
260,MINYAK MASAK SEBATIAN CAP KNIFE,5 kg,Perlis,36.5,35.2,36.9,19,165
260,MINYAK MASAK SEBATIAN CAP KNIFE,5 kg,Pulau Pinang,33.99,32.78,36.5,94,1120
260,MINYAK MASAK SEBATIAN CAP KNIFE,5 kg,Sabah,38.9,37.97,39.68,120,1123
260,MINYAK MASAK SEBATIAN CAP KNIFE,5 kg,Sarawak,37.9,36.9,38.88,145,1337
260,MINYAK MASAK SEBATIAN CAP KNIFE,5 kg,Selangor,33.94,32.7,35.9,80,1016
260,MINYAK MASAK SEBATIAN CAP KNIFE,5 kg,Terengganu,35.89,34.22,36.5,42,496
260,MINYAK MASAK SEBATIAN CAP KNIFE,5 kg,W.P. Kuala Lumpur,35.9,34.6,36.52,132,1631
260,MINYAK MASAK SEBATIAN CAP KNIFE,5 kg,W.P. Labuan,40.5,37.88,41.35,12,127
260,MINYAK MASAK SEBATIAN CAP KNIFE,5 kg,W.P. Putrajaya,36.2,34.46,36.94,18,204
263,MINYAK MASAK TULEN CAP BURUH,5 kg,Johor,30.83,29.99,30.9,172,2025
263,MINYAK MASAK TULEN CAP BURUH,5 kg,Kedah,30.9,29.9,30.9,80,934
263,MINYAK MASAK TULEN CAP BURUH,5 kg,Kelantan,30.9,30.9,30.9,121,1179
263,MINYAK MASAK TULEN CAP BURUH,5 kg,Melaka,30.9,29.99,30.9,44,469
263,MINYAK MASAK TULEN CAP BURUH,5 kg,Negeri Sembilan,30.9,30.12,30.9,47,504
263,MINYAK MASAK TULEN CAP BURUH,5 kg,Pahang,30.9,29.9,30.9,131,1484
263,MINYAK MASAK TULEN CAP BURUH,5 kg,Perak,30.59,29.9,30.9,144,1600
263,MINYAK MASAK TULEN CAP BURUH,5 kg,Perlis,30.9,30.5,30.9,23,248
263,MINYAK MASAK TULEN CAP BURUH,5 kg,Pulau Pinang,30.9,29.9,30.9,108,1191
263,MINYAK MASAK TULEN CAP BURUH,5 kg,Sabah,30.9,30.9,30.9,148,1193
263,MINYAK MASAK TULEN CAP BURUH,5 kg,Sarawak,30.9,30.9,30.9,163,1278
263,MINYAK MASAK TULEN CAP BURUH,5 kg,Selangor,29.99,29.9,30.9,104,1120
263,MINYAK MASAK TULEN CAP BURUH,5 kg,Terengganu,30.9,30.9,30.9,82,865
263,MINYAK MASAK TULEN CAP BURUH,5 kg,W.P. Kuala Lumpur,30.9,30.66,30.9,138,1661
263,MINYAK MASAK TULEN CAP BURUH,5 kg,W.P. Labuan,30.9,30.9,30.9,14,87
263,MINYAK MASAK TULEN CAP BURUH,5 kg,W.P. Putrajaya,30.9,30.77,30.9,23,258
266,MINYAK MASAK TULEN CAP SERI MURNI,5 kg,Johor,30.89,29.99,30.9,143,1557
266,MINYAK MASAK TULEN CAP SERI MURNI,5 kg,Kedah,30.9,30.5,30.9,90,1032
266,MINYAK MASAK TULEN CAP SERI MURNI,5 kg,Kelantan,30.9,30.9,30.9,148,1397
266,MINYAK MASAK TULEN CAP SERI MURNI,5 kg,Melaka,30.9,30.5,30.9,42,418
266,MINYAK MASAK TULEN CAP SERI MURNI,5 kg,Negeri Sembilan,30.9,30.5,30.9,44,468
266,MINYAK MASAK TULEN CAP SERI MURNI,5 kg,Pahang,30.9,29.95,30.9,128,1512
266,MINYAK MASAK TULEN CAP SERI MURNI,5 kg,Perak,30.6,29.95,30.9,143,1577
266,MINYAK MASAK TULEN CAP SERI MURNI,5 kg,Perlis,30.88,30.5,30.9,20,213
266,MINYAK MASAK TULEN CAP SERI MURNI,5 kg,Pulau Pinang,30.9,30.29,30.9,94,1030
266,MINYAK MASAK TULEN CAP SERI MURNI,5 kg,Sabah,30.9,30.9,30.9,129,1072
266,MINYAK MASAK TULEN CAP SERI MURNI,5 kg,Sarawak,30.9,30.9,30.9,161,1250
266,MINYAK MASAK TULEN CAP SERI MURNI,5 kg,Selangor,30.9,29.96,30.9,91,971
266,MINYAK MASAK TULEN CAP SERI MURNI,5 kg,Terengganu,30.9,30.9,30.9,84,810
266,MINYAK MASAK TULEN CAP SERI MURNI,5 kg,W.P. Kuala Lumpur,30.9,30.87,30.9,125,1357
266,MINYAK MASAK TULEN CAP SERI MURNI,5 kg,W.P. Labuan,30.9,30.9,30.9,9,73
266,MINYAK MASAK TULEN CAP SERI MURNI,5 kg,W.P. Putrajaya,30.9,30.9,30.9,17,180
267,MINYAK MASAK TULEN CAP VESAWIT,1kg,Johor,6.9,6.89,6.9,93,1023
267,MINYAK MASAK TULEN CAP VESAWIT,1kg,Kedah,6.9,6.9,6.9,49,489
267,MINYAK MASAK TULEN CAP VESAWIT,1kg,Kelantan,6.9,6.9,6.9,30,209
267,MINYAK MASAK TULEN CAP VESAWIT,1kg,Melaka,6.9,6.9,6.9,32,259
267,MINYAK MASAK TULEN CAP VESAWIT,1kg,Negeri Sembilan,6.9,6.9,6.9,25,224
267,MINYAK MASAK TULEN CAP VESAWIT,1kg,Pahang,6.9,6.9,6.9,51,547
267,MINYAK MASAK TULEN CAP VESAWIT,1kg,Perak,6.9,6.9,6.9,86,921
267,MINYAK MASAK TULEN CAP VESAWIT,1kg,Perlis,6.9,6.9,6.9,6,44
267,MINYAK MASAK TULEN CAP VESAWIT,1kg,Pulau Pinang,6.9,6.9,6.9,72,649
267,MINYAK MASAK TULEN CAP VESAWIT,1kg,Sabah,6.9,6.9,6.9,126,878
267,MINYAK MASAK TULEN CAP VESAWIT,1kg,Sarawak,6.9,6.9,6.9,148,823
267,MINYAK MASAK TULEN CAP VESAWIT,1kg,Selangor,6.9,6.9,6.9,40,402
267,MINYAK MASAK TULEN CAP VESAWIT,1kg,Terengganu,6.9,6.9,6.9,31,269
267,MINYAK MASAK TULEN CAP VESAWIT,1kg,W.P. Kuala Lumpur,6.9,6.9,6.9,81,794
267,MINYAK MASAK TULEN CAP VESAWIT,1kg,W.P. Labuan,6.9,6.9,6.9,8,49
267,MINYAK MASAK TULEN CAP VESAWIT,1kg,W.P. Putrajaya,6.9,6.9,6.9,11,129
271,MINYAK SAPI CAP QBB,400 g,Johor,35.39,33.9,35.86,38,408
271,MINYAK SAPI CAP QBB,400 g,Kedah,29.95,29.9,35.39,13,135
271,MINYAK SAPI CAP QBB,400 g,Kelantan,35.39,29.95,35.4,7,60
271,MINYAK SAPI CAP QBB,400 g,Melaka,34.9,29.95,36.99,9,108
271,MINYAK SAPI CAP QBB,400 g,Negeri Sembilan,34.64,30.52,35.4,12,106
271,MINYAK SAPI CAP QBB,400 g,Pahang,32.9,30.47,33.94,7,72
271,MINYAK SAPI CAP QBB,400 g,Perak,35.39,34.68,35.39,13,140
271,MINYAK SAPI CAP QBB,400 g,Pulau Pinang,35.39,34.89,35.4,19,228
271,MINYAK SAPI CAP QBB,400 g,Sabah,38.9,38.9,39.74,24,165
271,MINYAK SAPI CAP QBB,400 g,Sarawak,38.2,36.95,39.44,2,24
271,MINYAK SAPI CAP QBB,400 g,Selangor,35.4,35.39,35.66,26,263
271,MINYAK SAPI CAP QBB,400 g,Terengganu,35.4,30.66,35.4,8,58
271,MINYAK SAPI CAP QBB,400 g,W.P. Kuala Lumpur,35.4,35.4,35.9,49,524
271,MINYAK SAPI CAP QBB,400 g,W.P. Labuan,39.9,39.4,41.4,3,31
271,MINYAK SAPI CAP QBB,400 g,W.P. Putrajaya,35.75,35.4,37.47,9,77
292,UBAT GIGI COLGATE (PUDINA SEGAR),250 g,Johor,13.9,11.49,14.99,89,1014
292,UBAT GIGI COLGATE (PUDINA SEGAR),250 g,Kedah,13.9,11.5,14.97,34,409
292,UBAT GIGI COLGATE (PUDINA SEGAR),250 g,Kelantan,14.4,13.2,14.9,57,722
292,UBAT GIGI COLGATE (PUDINA SEGAR),250 g,Melaka,13.7,11.4,14.99,15,170
292,UBAT GIGI COLGATE (PUDINA SEGAR),250 g,Negeri Sembilan,13.92,11.5,14.92,24,302
292,UBAT GIGI COLGATE (PUDINA SEGAR),250 g,Pahang,14.4,13.9,14.6,61,785
292,UBAT GIGI COLGATE (PUDINA SEGAR),250 g,Perak,13.9,11.4,13.99,60,703
292,UBAT GIGI COLGATE (PUDINA SEGAR),250 g,Perlis,14.5,12.38,14.97,10,106
292,UBAT GIGI COLGATE (PUDINA SEGAR),250 g,Pulau Pinang,11.5,11.4,14.99,25,303
292,UBAT GIGI COLGATE (PUDINA SEGAR),250 g,Sabah,13.99,13.05,14.8,79,698
292,UBAT GIGI COLGATE (PUDINA SEGAR),250 g,Sarawak,14.5,12.9,14.9,108,1080
292,UBAT GIGI COLGATE (PUDINA SEGAR),250 g,Selangor,13.99,11.5,15.0,47,537
292,UBAT GIGI COLGATE (PUDINA SEGAR),250 g,Terengganu,14.4,13.7,14.9,31,363
292,UBAT GIGI COLGATE (PUDINA SEGAR),250 g,W.P. Kuala Lumpur,14.99,14.9,15.0,73,918
292,UBAT GIGI COLGATE (PUDINA SEGAR),250 g,W.P. Labuan,14.65,14.18,14.8,10,114
292,UBAT GIGI COLGATE (PUDINA SEGAR),250 g,W.P. Putrajaya,14.9,13.99,15.0,14,151
293,UBAT GIGI DARLIE DOUBLE ACTION (PUDINA ASLI),250 g,Johor,14.0,12.24,15.1,95,1047
293,UBAT GIGI DARLIE DOUBLE ACTION (PUDINA ASLI),250 g,Kedah,14.05,11.9,14.98,32,403
293,UBAT GIGI DARLIE DOUBLE ACTION (PUDINA ASLI),250 g,Kelantan,14.6,14.5,15.18,54,670
293,UBAT GIGI DARLIE DOUBLE ACTION (PUDINA ASLI),250 g,Melaka,12.9,11.8,14.5,15,178
293,UBAT GIGI DARLIE DOUBLE ACTION (PUDINA ASLI),250 g,Negeri Sembilan,13.99,12.9,15.05,23,269
293,UBAT GIGI DARLIE DOUBLE ACTION (PUDINA ASLI),250 g,Pahang,14.5,12.55,15.0,54,658
293,UBAT GIGI DARLIE DOUBLE ACTION (PUDINA ASLI),250 g,Perak,14.5,11.7,14.6,58,708
293,UBAT GIGI DARLIE DOUBLE ACTION (PUDINA ASLI),250 g,Perlis,14.55,14.26,15.2,12,154
293,UBAT GIGI DARLIE DOUBLE ACTION (PUDINA ASLI),250 g,Pulau Pinang,14.9,12.9,15.29,33,403
293,UBAT GIGI DARLIE DOUBLE ACTION (PUDINA ASLI),250 g,Sabah,14.6,12.56,15.19,78,733
293,UBAT GIGI DARLIE DOUBLE ACTION (PUDINA ASLI),250 g,Sarawak,14.9,14.22,15.2,90,983
293,UBAT GIGI DARLIE DOUBLE ACTION (PUDINA ASLI),250 g,Selangor,15.08,14.5,15.3,42,536
293,UBAT GIGI DARLIE DOUBLE ACTION (PUDINA ASLI),250 g,Terengganu,14.6,12.96,15.2,36,452
293,UBAT GIGI DARLIE DOUBLE ACTION (PUDINA ASLI),250 g,W.P. Kuala Lumpur,15.29,14.5,15.3,81,1055
293,UBAT GIGI DARLIE DOUBLE ACTION (PUDINA ASLI),250 g,W.P. Labuan,14.15,14.02,14.38,10,110
293,UBAT GIGI DARLIE DOUBLE ACTION (PUDINA ASLI),250 g,W.P. Putrajaya,15.29,14.5,15.3,13,144
295,UBAT GIGI FRESH & WHITE (PUDINA SEGAR),160 g,Johor,6.59,6.49,6.9,61,698
295,UBAT GIGI FRESH & WHITE (PUDINA SEGAR),160 g,Kedah,6.5,6.49,6.8,30,265
295,UBAT GIGI FRESH & WHITE (PUDINA SEGAR),160 g,Kelantan,6.5,6.1,7.1,48,543
295,UBAT GIGI FRESH & WHITE (PUDINA SEGAR),160 g,Melaka,6.49,6.22,6.6,7,69
295,UBAT GIGI FRESH & WHITE (PUDINA SEGAR),160 g,Negeri Sembilan,6.5,6.2,6.6,17,184
295,UBAT GIGI FRESH & WHITE (PUDINA SEGAR),160 g,Pahang,6.49,6.49,6.78,43,486
295,UBAT GIGI FRESH & WHITE (PUDINA SEGAR),160 g,Perak,6.5,6.49,6.95,42,388
295,UBAT GIGI FRESH & WHITE (PUDINA SEGAR),160 g,Perlis,6.85,6.5,6.9,10,122
295,UBAT GIGI FRESH & WHITE (PUDINA SEGAR),160 g,Pulau Pinang,6.54,6.28,6.9,20,227
295,UBAT GIGI FRESH & WHITE (PUDINA SEGAR),160 g,Sabah,6.7,6.4,6.79,74,691
295,UBAT GIGI FRESH & WHITE (PUDINA SEGAR),160 g,Sarawak,6.55,6.36,6.9,106,1032
295,UBAT GIGI FRESH & WHITE (PUDINA SEGAR),160 g,Selangor,6.59,6.49,7.15,23,250
295,UBAT GIGI FRESH & WHITE (PUDINA SEGAR),160 g,Terengganu,6.49,6.2,6.7,33,357
295,UBAT GIGI FRESH & WHITE (PUDINA SEGAR),160 g,W.P. Kuala Lumpur,6.9,6.5,7.15,27,294
295,UBAT GIGI FRESH & WHITE (PUDINA SEGAR),160 g,W.P. Labuan,6.4,6.3,6.5,11,94
295,UBAT GIGI FRESH & WHITE (PUDINA SEGAR),160 g,W.P. Putrajaya,6.29,6.2,7.07,7,53
299,LACTOGEN 1 RUMUSAN BAYI (KOTAK),650g,Johor,28.75,27.95,30.3,148,1806
299,LACTOGEN 1 RUMUSAN BAYI (KOTAK),650g,Kedah,28.5,27.95,29.5,91,1197
299,LACTOGEN 1 RUMUSAN BAYI (KOTAK),650g,Kelantan,28.58,27.95,30.0,148,1731
299,LACTOGEN 1 RUMUSAN BAYI (KOTAK),650g,Melaka,28.9,27.95,29.3,29,332
299,LACTOGEN 1 RUMUSAN BAYI (KOTAK),650g,Negeri Sembilan,28.52,27.95,29.9,34,407
299,LACTOGEN 1 RUMUSAN BAYI (KOTAK),650g,Pahang,28.49,27.95,29.39,124,1503
299,LACTOGEN 1 RUMUSAN BAYI (KOTAK),650g,Perak,27.95,27.9,28.9,122,1503
299,LACTOGEN 1 RUMUSAN BAYI (KOTAK),650g,Perlis,29.5,28.4,29.99,27,343
299,LACTOGEN 1 RUMUSAN BAYI (KOTAK),650g,Pulau Pinang,28.5,27.95,29.9,80,983
299,LACTOGEN 1 RUMUSAN BAYI (KOTAK),650g,Sabah,29.05,27.9,30.35,144,1426
299,LACTOGEN 1 RUMUSAN BAYI (KOTAK),650g,Sarawak,28.5,27.9,28.99,169,1912
299,LACTOGEN 1 RUMUSAN BAYI (KOTAK),650g,Selangor,28.5,27.95,29.9,73,902
299,LACTOGEN 1 RUMUSAN BAYI (KOTAK),650g,Terengganu,28.5,28.2,29.5,79,955
299,LACTOGEN 1 RUMUSAN BAYI (KOTAK),650g,W.P. Kuala Lumpur,29.9,28.0,30.35,84,1005
299,LACTOGEN 1 RUMUSAN BAYI (KOTAK),650g,W.P. Labuan,30.1,28.5,30.35,13,169
299,LACTOGEN 1 RUMUSAN BAYI (KOTAK),650g,W.P. Putrajaya,28.9,27.95,30.35,16,166
300,LACTOGEN 2 RUMUSAN SUSULAN (KOTAK),650g,Johor,28.9,27.95,30.3,157,1934
300,LACTOGEN 2 RUMUSAN SUSULAN (KOTAK),650g,Kedah,28.5,27.95,29.5,90,1184
300,LACTOGEN 2 RUMUSAN SUSULAN (KOTAK),650g,Kelantan,28.6,28.1,30.0,145,1694
300,LACTOGEN 2 RUMUSAN SUSULAN (KOTAK),650g,Melaka,28.7,27.9,29.31,28,322
300,LACTOGEN 2 RUMUSAN SUSULAN (KOTAK),650g,Negeri Sembilan,28.5,27.9,29.9,33,383
300,LACTOGEN 2 RUMUSAN SUSULAN (KOTAK),650g,Pahang,28.49,27.95,29.39,120,1485
300,LACTOGEN 2 RUMUSAN SUSULAN (KOTAK),650g,Perak,27.95,27.9,28.9,125,1502
300,LACTOGEN 2 RUMUSAN SUSULAN (KOTAK),650g,Perlis,29.5,28.4,29.99,25,280
300,LACTOGEN 2 RUMUSAN SUSULAN (KOTAK),650g,Pulau Pinang,28.5,27.95,29.9,80,988
300,LACTOGEN 2 RUMUSAN SUSULAN (KOTAK),650g,Sabah,28.98,27.9,30.35,148,1520
300,LACTOGEN 2 RUMUSAN SUSULAN (KOTAK),650g,Sarawak,28.5,27.9,29.0,168,1853
300,LACTOGEN 2 RUMUSAN SUSULAN (KOTAK),650g,Selangor,28.5,27.95,29.94,74,915
300,LACTOGEN 2 RUMUSAN SUSULAN (KOTAK),650g,Terengganu,28.7,28.4,29.5,85,988
300,LACTOGEN 2 RUMUSAN SUSULAN (KOTAK),650g,W.P. Kuala Lumpur,29.9,28.0,30.35,85,984
300,LACTOGEN 2 RUMUSAN SUSULAN (KOTAK),650g,W.P. Labuan,30.2,28.6,30.34,14,163
300,LACTOGEN 2 RUMUSAN SUSULAN (KOTAK),650g,W.P. Putrajaya,28.9,27.99,30.35,16,188
350,SERBUK KARI IKAN BABAS,250 g,Johor,6.39,6.0,6.5,210,2821
350,SERBUK KARI IKAN BABAS,250 g,Kedah,6.0,5.8,6.35,117,1564
350,SERBUK KARI IKAN BABAS,250 g,Kelantan,6.37,6.0,6.5,192,2530
350,SERBUK KARI IKAN BABAS,250 g,Melaka,6.16,5.97,6.46,52,666
350,SERBUK KARI IKAN BABAS,250 g,Negeri Sembilan,6.2,5.99,6.5,62,836
350,SERBUK KARI IKAN BABAS,250 g,Pahang,6.3,5.9,6.5,177,2381
350,SERBUK KARI IKAN BABAS,250 g,Perak,5.99,5.65,6.3,188,2438
350,SERBUK KARI IKAN BABAS,250 g,Perlis,6.0,5.8,6.25,35,477
350,SERBUK KARI IKAN BABAS,250 g,Pulau Pinang,6.0,5.8,6.3,137,1701
350,SERBUK KARI IKAN BABAS,250 g,Sabah,6.69,6.44,6.9,176,1761
350,SERBUK KARI IKAN BABAS,250 g,Sarawak,6.5,6.4,6.7,196,2279
350,SERBUK KARI IKAN BABAS,250 g,Selangor,6.15,5.81,6.5,131,1620
350,SERBUK KARI IKAN BABAS,250 g,Terengganu,6.4,6.2,6.5,129,1742
350,SERBUK KARI IKAN BABAS,250 g,W.P. Kuala Lumpur,6.35,6.1,6.7,167,2101
350,SERBUK KARI IKAN BABAS,250 g,W.P. Labuan,6.9,6.72,7.0,14,154
350,SERBUK KARI IKAN BABAS,250 g,W.P. Putrajaya,6.5,6.14,6.99,24,321
364,SERBUK CILI BABAS,250 g,Johor,7.7,7.4,7.99,197,2560
364,SERBUK CILI BABAS,250 g,Kedah,7.5,7.25,7.8,101,1360
364,SERBUK CILI BABAS,250 g,Kelantan,7.7,7.2,7.9,181,2322
364,SERBUK CILI BABAS,250 g,Melaka,7.5,7.3,7.78,50,646
364,SERBUK CILI BABAS,250 g,Negeri Sembilan,7.6,7.35,7.8,60,789
364,SERBUK CILI BABAS,250 g,Pahang,7.5,7.25,7.8,161,2069
364,SERBUK CILI BABAS,250 g,Perak,7.4,7.2,7.79,177,2244
364,SERBUK CILI BABAS,250 g,Perlis,7.5,7.3,7.7,33,419
364,SERBUK CILI BABAS,250 g,Pulau Pinang,7.5,7.2,7.8,125,1546
364,SERBUK CILI BABAS,250 g,Sabah,7.99,7.8,8.3,167,1626
364,SERBUK CILI BABAS,250 g,Sarawak,7.9,7.78,8.1,199,2381
364,SERBUK CILI BABAS,250 g,Selangor,7.55,7.25,7.9,124,1529
364,SERBUK CILI BABAS,250 g,Terengganu,7.65,7.5,7.89,124,1646
364,SERBUK CILI BABAS,250 g,W.P. Kuala Lumpur,7.85,7.6,8.05,159,1943
364,SERBUK CILI BABAS,250 g,W.P. Labuan,8.3,7.98,8.43,12,120
364,SERBUK CILI BABAS,250 g,W.P. Putrajaya,7.9,7.56,8.55,24,312
365,SERBUK KUNYIT CAMPURAN (SEBATIAN) ADABI,250 g,Johor,7.3,6.9,7.5,181,2197
365,SERBUK KUNYIT CAMPURAN (SEBATIAN) ADABI,250 g,Kedah,7.3,6.9,7.5,83,980
365,SERBUK KUNYIT CAMPURAN (SEBATIAN) ADABI,250 g,Kelantan,7.2,6.91,7.39,174,1927
365,SERBUK KUNYIT CAMPURAN (SEBATIAN) ADABI,250 g,Melaka,7.2,6.84,7.5,51,606
365,SERBUK KUNYIT CAMPURAN (SEBATIAN) ADABI,250 g,Negeri Sembilan,7.3,6.9,7.5,51,632
365,SERBUK KUNYIT CAMPURAN (SEBATIAN) ADABI,250 g,Pahang,7.37,6.99,7.8,126,1563
365,SERBUK KUNYIT CAMPURAN (SEBATIAN) ADABI,250 g,Perak,6.94,6.69,7.3,126,1501
365,SERBUK KUNYIT CAMPURAN (SEBATIAN) ADABI,250 g,Perlis,6.94,6.8,7.3,25,234
365,SERBUK KUNYIT CAMPURAN (SEBATIAN) ADABI,250 g,Pulau Pinang,7.2,6.95,7.5,69,787
365,SERBUK KUNYIT CAMPURAN (SEBATIAN) ADABI,250 g,Sabah,7.9,7.5,8.0,149,1253
365,SERBUK KUNYIT CAMPURAN (SEBATIAN) ADABI,250 g,Sarawak,7.0,6.9,7.35,172,1808
365,SERBUK KUNYIT CAMPURAN (SEBATIAN) ADABI,250 g,Selangor,7.15,6.9,7.35,98,1144
365,SERBUK KUNYIT CAMPURAN (SEBATIAN) ADABI,250 g,Terengganu,7.39,7.0,7.8,129,1569
365,SERBUK KUNYIT CAMPURAN (SEBATIAN) ADABI,250 g,W.P. Kuala Lumpur,7.2,6.9,7.5,130,1524
365,SERBUK KUNYIT CAMPURAN (SEBATIAN) ADABI,250 g,W.P. Labuan,8.1,8.1,8.2,12,100
365,SERBUK KUNYIT CAMPURAN (SEBATIAN) ADABI,250 g,W.P. Putrajaya,7.58,7.09,7.96,24,285
368,KACANG TANAH (IMPORT),1kg,Johor,8.65,7.9,9.99,176,2226
368,KACANG TANAH (IMPORT),1kg,Kedah,8.0,7.8,9.9,88,1054
368,KACANG TANAH (IMPORT),1kg,Kelantan,9.5,8.5,10.0,149,1723
368,KACANG TANAH (IMPORT),1kg,Melaka,8.0,7.9,8.99,51,651
368,KACANG TANAH (IMPORT),1kg,Negeri Sembilan,8.9,8.0,9.0,53,663
368,KACANG TANAH (IMPORT),1kg,Pahang,9.5,8.0,11.0,144,1819
368,KACANG TANAH (IMPORT),1kg,Perak,8.99,8.0,11.0,171,2248
368,KACANG TANAH (IMPORT),1kg,Perlis,8.95,7.95,10.25,32,397
368,KACANG TANAH (IMPORT),1kg,Pulau Pinang,8.9,8.0,10.5,109,1345
368,KACANG TANAH (IMPORT),1kg,Sabah,10.0,9.0,11.39,175,1629
368,KACANG TANAH (IMPORT),1kg,Sarawak,9.9,8.9,10.9,181,2042
368,KACANG TANAH (IMPORT),1kg,Selangor,9.0,7.99,10.99,92,1031
368,KACANG TANAH (IMPORT),1kg,Terengganu,9.0,8.0,10.0,116,1453
368,KACANG TANAH (IMPORT),1kg,W.P. Kuala Lumpur,9.94,7.9,15.0,98,1181
368,KACANG TANAH (IMPORT),1kg,W.P. Labuan,10.88,9.6,11.38,14,178
368,KACANG TANAH (IMPORT),1kg,W.P. Putrajaya,12.0,9.9,14.5,19,177
716,CILI API/PADI HIJAU,1kg,Johor,25.99,22.99,30.0,125,1020
716,CILI API/PADI HIJAU,1kg,Kedah,30.0,28.4,34.9,5,12
716,CILI API/PADI HIJAU,1kg,Kelantan,28.99,28.49,29.49,3,8
716,CILI API/PADI HIJAU,1kg,Melaka,29.9,24.99,32.99,37,325
716,CILI API/PADI HIJAU,1kg,Negeri Sembilan,25.0,20.9,30.0,49,532
716,CILI API/PADI HIJAU,1kg,Pahang,23.9,19.24,26.67,58,431
716,CILI API/PADI HIJAU,1kg,Perak,28.0,20.0,34.9,43,291
716,CILI API/PADI HIJAU,1kg,Perlis,27.5,23.75,31.25,2,5
716,CILI API/PADI HIJAU,1kg,Pulau Pinang,19.99,16.99,19.99,3,11
716,CILI API/PADI HIJAU,1kg,Sabah,43.45,26.25,50.5,14,40
716,CILI API/PADI HIJAU,1kg,Sarawak,35.0,35.0,35.0,1,3
716,CILI API/PADI HIJAU,1kg,Selangor,23.99,19.29,28.0,68,641
716,CILI API/PADI HIJAU,1kg,Terengganu,21.99,21.99,21.99,1,3
716,CILI API/PADI HIJAU,1kg,W.P. Kuala Lumpur,24.99,18.0,34.9,104,992
716,CILI API/PADI HIJAU,1kg,W.P. Putrajaya,27.5,23.0,34.98,22,175
845,SOTONG (ANTARA 11 HINGGA17 EKOR SEKILOGRAM),1kg,Johor,38.99,35.99,41.99,161,5533
845,SOTONG (ANTARA 11 HINGGA17 EKOR SEKILOGRAM),1kg,Kedah,35.0,31.99,36.9,63,2859
845,SOTONG (ANTARA 11 HINGGA17 EKOR SEKILOGRAM),1kg,Kelantan,34.7,32.0,36.0,86,4366
845,SOTONG (ANTARA 11 HINGGA17 EKOR SEKILOGRAM),1kg,Melaka,38.5,34.97,41.62,40,1385
845,SOTONG (ANTARA 11 HINGGA17 EKOR SEKILOGRAM),1kg,Negeri Sembilan,37.4,34.31,39.74,42,1903
845,SOTONG (ANTARA 11 HINGGA17 EKOR SEKILOGRAM),1kg,Pahang,40.9,37.5,43.24,87,4190
845,SOTONG (ANTARA 11 HINGGA17 EKOR SEKILOGRAM),1kg,Perak,34.0,28.0,37.92,112,5149
845,SOTONG (ANTARA 11 HINGGA17 EKOR SEKILOGRAM),1kg,Perlis,32.0,31.98,33.25,16,498
845,SOTONG (ANTARA 11 HINGGA17 EKOR SEKILOGRAM),1kg,Pulau Pinang,36.9,33.0,40.0,91,3428
845,SOTONG (ANTARA 11 HINGGA17 EKOR SEKILOGRAM),1kg,Sabah,17.9,15.0,20.0,65,1402
845,SOTONG (ANTARA 11 HINGGA17 EKOR SEKILOGRAM),1kg,Sarawak,28.0,22.74,30.0,107,4209
845,SOTONG (ANTARA 11 HINGGA17 EKOR SEKILOGRAM),1kg,Selangor,35.9,32.0,38.9,94,4754
845,SOTONG (ANTARA 11 HINGGA17 EKOR SEKILOGRAM),1kg,Terengganu,36.99,34.74,39.99,60,1811
845,SOTONG (ANTARA 11 HINGGA17 EKOR SEKILOGRAM),1kg,W.P. Kuala Lumpur,40.0,36.0,45.9,132,6640
845,SOTONG (ANTARA 11 HINGGA17 EKOR SEKILOGRAM),1kg,W.P. Labuan,13.9,11.4,17.73,11,131
845,SOTONG (ANTARA 11 HINGGA17 EKOR SEKILOGRAM),1kg,W.P. Putrajaya,42.7,39.15,44.88,22,1033
847,KETAM RENJONG/BUNGA (≤ 4 EKOR SEKILOGRAM),1kg,Johor,36.0,32.0,39.12,112,2810
847,KETAM RENJONG/BUNGA (≤ 4 EKOR SEKILOGRAM),1kg,Kedah,35.0,32.0,38.9,45,1210
847,KETAM RENJONG/BUNGA (≤ 4 EKOR SEKILOGRAM),1kg,Kelantan,34.9,32.0,36.0,67,3171
847,KETAM RENJONG/BUNGA (≤ 4 EKOR SEKILOGRAM),1kg,Melaka,35.9,32.47,38.9,27,1053
847,KETAM RENJONG/BUNGA (≤ 4 EKOR SEKILOGRAM),1kg,Negeri Sembilan,37.4,34.0,45.0,32,1461
847,KETAM RENJONG/BUNGA (≤ 4 EKOR SEKILOGRAM),1kg,Pahang,39.99,35.5,44.99,63,2364
847,KETAM RENJONG/BUNGA (≤ 4 EKOR SEKILOGRAM),1kg,Perak,35.99,32.92,37.99,94,3514
847,KETAM RENJONG/BUNGA (≤ 4 EKOR SEKILOGRAM),1kg,Perlis,35.0,33.12,37.5,10,203
847,KETAM RENJONG/BUNGA (≤ 4 EKOR SEKILOGRAM),1kg,Pulau Pinang,36.9,34.45,40.0,83,2106
847,KETAM RENJONG/BUNGA (≤ 4 EKOR SEKILOGRAM),1kg,Sabah,20.0,18.0,24.9,45,1006
847,KETAM RENJONG/BUNGA (≤ 4 EKOR SEKILOGRAM),1kg,Sarawak,29.24,25.0,33.7,70,1867
847,KETAM RENJONG/BUNGA (≤ 4 EKOR SEKILOGRAM),1kg,Selangor,37.99,35.0,43.0,81,3957
847,KETAM RENJONG/BUNGA (≤ 4 EKOR SEKILOGRAM),1kg,Terengganu,37.99,34.95,39.99,31,704
847,KETAM RENJONG/BUNGA (≤ 4 EKOR SEKILOGRAM),1kg,W.P. Kuala Lumpur,44.44,36.0,57.98,94,4554
847,KETAM RENJONG/BUNGA (≤ 4 EKOR SEKILOGRAM),1kg,W.P. Labuan,24.9,22.65,24.9,10,143
847,KETAM RENJONG/BUNGA (≤ 4 EKOR SEKILOGRAM),1kg,W.P. Putrajaya,43.5,35.9,46.95,17,783
849,UDANG PUTIH KECIL (b	% 61 EKOR SEKILOGRAM),1kg,Johor,18.8,16.99,19.5,54,416
849,UDANG PUTIH KECIL (b	% 61 EKOR SEKILOGRAM),1kg,Kedah,17.9,16.94,19.99,15,103
849,UDANG PUTIH KECIL (b	% 61 EKOR SEKILOGRAM),1kg,Kelantan,19.4,18.65,21.1,3,10
849,UDANG PUTIH KECIL (b	% 61 EKOR SEKILOGRAM),1kg,Melaka,19.9,18.99,20.84,15,97
849,UDANG PUTIH KECIL (b	% 61 EKOR SEKILOGRAM),1kg,Negeri Sembilan,18.99,18.79,20.9,20,152
849,UDANG PUTIH KECIL (b	% 61 EKOR SEKILOGRAM),1kg,Pahang,20.49,18.99,21.99,19,162
849,UDANG PUTIH KECIL (b	% 61 EKOR SEKILOGRAM),1kg,Perak,18.9,16.79,19.44,51,421
849,UDANG PUTIH KECIL (b	% 61 EKOR SEKILOGRAM),1kg,Pulau Pinang,17.99,16.9,21.32,18,137
849,UDANG PUTIH KECIL (b	% 61 EKOR SEKILOGRAM),1kg,Sabah,36.5,35.75,37.24,2,2
849,UDANG PUTIH KECIL (b	% 61 EKOR SEKILOGRAM),1kg,Selangor,18.9,17.99,21.54,33,212
849,UDANG PUTIH KECIL (b	% 61 EKOR SEKILOGRAM),1kg,W.P. Kuala Lumpur,19.5,17.9,23.9,45,312
849,UDANG PUTIH KECIL (b	% 61 EKOR SEKILOGRAM),1kg,W.P. Putrajaya,20.7,19.65,23.58,8,40
850,UDANG HARIMAU (ANTARA 20 HINGGA 30 EKOR SEKILOGRAM),1kg,Johor,37.5,35.49,41.99,73,517
850,UDANG HARIMAU (ANTARA 20 HINGGA 30 EKOR SEKILOGRAM),1kg,Kedah,35.5,33.9,39.5,26,175
850,UDANG HARIMAU (ANTARA 20 HINGGA 30 EKOR SEKILOGRAM),1kg,Kelantan,40.0,37.99,42.9,33,179
850,UDANG HARIMAU (ANTARA 20 HINGGA 30 EKOR SEKILOGRAM),1kg,Melaka,38.99,33.9,43.82,7,46
850,UDANG HARIMAU (ANTARA 20 HINGGA 30 EKOR SEKILOGRAM),1kg,Negeri Sembilan,38.7,35.75,39.82,8,47
850,UDANG HARIMAU (ANTARA 20 HINGGA 30 EKOR SEKILOGRAM),1kg,Pahang,35.99,34.0,38.0,41,278
850,UDANG HARIMAU (ANTARA 20 HINGGA 30 EKOR SEKILOGRAM),1kg,Perak,36.9,33.29,40.75,47,193
850,UDANG HARIMAU (ANTARA 20 HINGGA 30 EKOR SEKILOGRAM),1kg,Perlis,35.75,35.62,35.88,2,5
850,UDANG HARIMAU (ANTARA 20 HINGGA 30 EKOR SEKILOGRAM),1kg,Pulau Pinang,38.45,37.3,46.9,12,99
850,UDANG HARIMAU (ANTARA 20 HINGGA 30 EKOR SEKILOGRAM),1kg,Sabah,40.0,38.4,43.5,7,23
850,UDANG HARIMAU (ANTARA 20 HINGGA 30 EKOR SEKILOGRAM),1kg,Sarawak,40.0,35.99,45.0,44,103
850,UDANG HARIMAU (ANTARA 20 HINGGA 30 EKOR SEKILOGRAM),1kg,Selangor,39.9,38.0,44.5,25,164
850,UDANG HARIMAU (ANTARA 20 HINGGA 30 EKOR SEKILOGRAM),1kg,Terengganu,39.24,35.25,42.12,14,76
850,UDANG HARIMAU (ANTARA 20 HINGGA 30 EKOR SEKILOGRAM),1kg,W.P. Kuala Lumpur,53.2,45.9,69.9,66,560
850,UDANG HARIMAU (ANTARA 20 HINGGA 30 EKOR SEKILOGRAM),1kg,W.P. Putrajaya,46.25,42.85,57.85,7,72
861,UBI KENTANG HOLLAND,1kg,Johor,4.0,2.99,4.5,37,1380
861,UBI KENTANG HOLLAND,1kg,Kedah,4.0,3.75,4.65,7,417
861,UBI KENTANG HOLLAND,1kg,Kelantan,3.5,2.9,4.0,5,155
861,UBI KENTANG HOLLAND,1kg,Melaka,3.9,3.5,4.65,7,262
861,UBI KENTANG HOLLAND,1kg,Negeri Sembilan,4.5,3.8,4.5,29,1105
861,UBI KENTANG HOLLAND,1kg,Pahang,2.64,2.46,2.82,2,2
861,UBI KENTANG HOLLAND,1kg,Perak,4.0,3.27,5.0,16,755
861,UBI KENTANG HOLLAND,1kg,Perlis,4.5,3.95,5.0,7,127
861,UBI KENTANG HOLLAND,1kg,Pulau Pinang,4.0,3.5,5.0,19,827
861,UBI KENTANG HOLLAND,1kg,Sabah,3.5,3.04,4.75,14,221
861,UBI KENTANG HOLLAND,1kg,Sarawak,4.0,3.88,4.99,24,766
861,UBI KENTANG HOLLAND,1kg,Selangor,4.5,4.0,5.0,21,828
861,UBI KENTANG HOLLAND,1kg,Terengganu,4.5,4.25,4.75,2,101
861,UBI KENTANG HOLLAND,1kg,W.P. Kuala Lumpur,4.0,3.5,5.0,36,1855
861,UBI KENTANG HOLLAND,1kg,W.P. Putrajaya,3.2,3.2,3.2,1,83
869,BIJI SAWI,100 g,Johor,1.09,0.89,1.78,75,875
869,BIJI SAWI,100 g,Kedah,1.0,0.9,2.4,23,258
869,BIJI SAWI,100 g,Kelantan,1.02,0.9,1.29,24,258
869,BIJI SAWI,100 g,Melaka,1.0,0.9,2.15,10,95
869,BIJI SAWI,100 g,Negeri Sembilan,1.0,0.89,1.49,21,260
869,BIJI SAWI,100 g,Pahang,0.9,0.79,1.5,43,499
869,BIJI SAWI,100 g,Perak,0.89,0.89,1.0,53,613
869,BIJI SAWI,100 g,Perlis,1.5,1.3,2.4,5,45
869,BIJI SAWI,100 g,Pulau Pinang,0.94,0.89,1.0,14,179
869,BIJI SAWI,100 g,Sabah,4.0,2.9,5.27,3,16
869,BIJI SAWI,100 g,Sarawak,2.7,2.0,3.22,40,340
869,BIJI SAWI,100 g,Selangor,1.2,0.9,1.5,37,455
869,BIJI SAWI,100 g,Terengganu,1.0,0.89,1.8,17,157
869,BIJI SAWI,100 g,W.P. Kuala Lumpur,1.5,1.1,1.79,49,603
869,BIJI SAWI,100 g,W.P. Labuan,1.35,1.27,1.67,3,25
869,BIJI SAWI,100 g,W.P. Putrajaya,2.6,1.5,2.6,11,98
883,KRIMER MANIS BERVITAMIN CAP F&N,500 g,Johor,4.3,3.99,4.5,198,2466
883,KRIMER MANIS BERVITAMIN CAP F&N,500 g,Kedah,4.25,3.99,4.5,82,960
883,KRIMER MANIS BERVITAMIN CAP F&N,500 g,Kelantan,4.3,4.19,4.5,154,1668
883,KRIMER MANIS BERVITAMIN CAP F&N,500 g,Melaka,4.2,3.99,4.38,51,614
883,KRIMER MANIS BERVITAMIN CAP F&N,500 g,Negeri Sembilan,4.19,3.99,4.4,61,795
883,KRIMER MANIS BERVITAMIN CAP F&N,500 g,Pahang,4.1,3.99,4.4,152,1844
883,KRIMER MANIS BERVITAMIN CAP F&N,500 g,Perak,4.1,3.99,4.3,154,1947
883,KRIMER MANIS BERVITAMIN CAP F&N,500 g,Perlis,4.3,4.19,4.47,27,310
883,KRIMER MANIS BERVITAMIN CAP F&N,500 g,Pulau Pinang,4.35,3.99,4.6,94,1116
883,KRIMER MANIS BERVITAMIN CAP F&N,500 g,Sabah,4.39,4.2,4.5,64,578
883,KRIMER MANIS BERVITAMIN CAP F&N,500 g,Sarawak,4.3,4.2,4.5,41,391
883,KRIMER MANIS BERVITAMIN CAP F&N,500 g,Selangor,4.15,3.99,4.5,120,1476
883,KRIMER MANIS BERVITAMIN CAP F&N,500 g,Terengganu,4.3,3.99,4.49,86,1002
883,KRIMER MANIS BERVITAMIN CAP F&N,500 g,W.P. Kuala Lumpur,4.45,3.99,4.54,162,1973
883,KRIMER MANIS BERVITAMIN CAP F&N,500 g,W.P. Putrajaya,4.5,3.99,4.9,25,296
884,KRIMER MANIS CAP GOLD COIN,500 g,Johor,3.48,3.29,3.6,122,1480
884,KRIMER MANIS CAP GOLD COIN,500 g,Kedah,3.49,3.45,3.6,34,398
884,KRIMER MANIS CAP GOLD COIN,500 g,Kelantan,3.4,3.28,3.5,195,2388
884,KRIMER MANIS CAP GOLD COIN,500 g,Melaka,3.45,3.29,3.55,50,563
884,KRIMER MANIS CAP GOLD COIN,500 g,Negeri Sembilan,3.4,3.27,3.52,35,411
884,KRIMER MANIS CAP GOLD COIN,500 g,Pahang,3.4,3.29,3.55,83,969
884,KRIMER MANIS CAP GOLD COIN,500 g,Perak,3.45,3.45,3.5,48,598
884,KRIMER MANIS CAP GOLD COIN,500 g,Perlis,3.5,3.46,3.6,13,137
884,KRIMER MANIS CAP GOLD COIN,500 g,Pulau Pinang,3.49,3.45,3.55,32,401
884,KRIMER MANIS CAP GOLD COIN,500 g,Sabah,3.59,3.4,3.7,41,264
884,KRIMER MANIS CAP GOLD COIN,500 g,Selangor,3.45,3.45,3.55,45,518
884,KRIMER MANIS CAP GOLD COIN,500 g,Terengganu,3.4,3.29,3.5,114,1386
884,KRIMER MANIS CAP GOLD COIN,500 g,W.P. Kuala Lumpur,3.7,3.5,3.8,73,883
884,KRIMER MANIS CAP GOLD COIN,500 g,W.P. Labuan,3.6,3.55,3.6,3,20
884,KRIMER MANIS CAP GOLD COIN,500 g,W.P. Putrajaya,3.55,3.49,3.9,17,101
904,BERAS SUPER CAP RAMBUTAN 5% (IMPORT),10 kg,Johor,36.39,35.49,36.99,45,513
904,BERAS SUPER CAP RAMBUTAN 5% (IMPORT),10 kg,Kedah,34.9,34.9,36.7,56,696
904,BERAS SUPER CAP RAMBUTAN 5% (IMPORT),10 kg,Kelantan,36.9,35.72,39.0,31,218
904,BERAS SUPER CAP RAMBUTAN 5% (IMPORT),10 kg,Melaka,36.9,36.58,37.9,18,210
904,BERAS SUPER CAP RAMBUTAN 5% (IMPORT),10 kg,Negeri Sembilan,36.9,35.99,37.0,21,218
904,BERAS SUPER CAP RAMBUTAN 5% (IMPORT),10 kg,Pahang,36.5,35.49,36.82,26,300
904,BERAS SUPER CAP RAMBUTAN 5% (IMPORT),10 kg,Perak,35.49,34.9,36.9,78,960
904,BERAS SUPER CAP RAMBUTAN 5% (IMPORT),10 kg,Perlis,35.5,34.38,35.98,18,187
904,BERAS SUPER CAP RAMBUTAN 5% (IMPORT),10 kg,Pulau Pinang,34.99,34.9,36.85,55,723
904,BERAS SUPER CAP RAMBUTAN 5% (IMPORT),10 kg,Selangor,36.6,34.99,38.5,49,518
904,BERAS SUPER CAP RAMBUTAN 5% (IMPORT),10 kg,Terengganu,36.5,35.9,36.99,28,274
904,BERAS SUPER CAP RAMBUTAN 5% (IMPORT),10 kg,W.P. Kuala Lumpur,37.49,35.99,38.11,46,552
904,BERAS SUPER CAP RAMBUTAN 5% (IMPORT),10 kg,W.P. Putrajaya,37.75,37.0,39.0,14,138
910,KORDIAL F&N (PELBAGAI PERISA),2 liter,Johor,11.9,11.45,12.5,134,372
910,KORDIAL F&N (PELBAGAI PERISA),2 liter,Kedah,11.9,11.5,12.36,89,244
910,KORDIAL F&N (PELBAGAI PERISA),2 liter,Kelantan,12.5,11.9,12.9,102,272
910,KORDIAL F&N (PELBAGAI PERISA),2 liter,Melaka,12.27,11.9,12.8,42,112
910,KORDIAL F&N (PELBAGAI PERISA),2 liter,Negeri Sembilan,12.0,11.5,12.73,50,142
910,KORDIAL F&N (PELBAGAI PERISA),2 liter,Pahang,11.9,11.45,12.5,127,369
910,KORDIAL F&N (PELBAGAI PERISA),2 liter,Perak,11.9,11.45,12.49,157,447
910,KORDIAL F&N (PELBAGAI PERISA),2 liter,Perlis,11.9,11.5,12.5,31,85
910,KORDIAL F&N (PELBAGAI PERISA),2 liter,Pulau Pinang,11.9,11.45,12.7,91,255
910,KORDIAL F&N (PELBAGAI PERISA),2 liter,Selangor,11.9,11.4,12.5,104,299
910,KORDIAL F&N (PELBAGAI PERISA),2 liter,Terengganu,12.38,11.9,12.9,74,199
910,KORDIAL F&N (PELBAGAI PERISA),2 liter,W.P. Kuala Lumpur,12.47,11.99,12.9,144,406
910,KORDIAL F&N (PELBAGAI PERISA),2 liter,W.P. Labuan,12.8,12.4,12.99,9,18
910,KORDIAL F&N (PELBAGAI PERISA),2 liter,W.P. Putrajaya,12.5,11.9,13.9,24,60
917,"TEPUNG GANDUM NGP (BERBUNGKUS, CAP SAUH)",1kg,Johor,3.19,2.99,3.5,210,2683
917,"TEPUNG GANDUM NGP (BERBUNGKUS, CAP SAUH)",1kg,Kedah,3.1,2.95,3.3,110,1314
917,"TEPUNG GANDUM NGP (BERBUNGKUS, CAP SAUH)",1kg,Kelantan,3.25,3.1,3.5,187,2340
917,"TEPUNG GANDUM NGP (BERBUNGKUS, CAP SAUH)",1kg,Melaka,3.09,2.95,3.4,53,670
917,"TEPUNG GANDUM NGP (BERBUNGKUS, CAP SAUH)",1kg,Negeri Sembilan,3.2,2.99,3.5,60,773
917,"TEPUNG GANDUM NGP (BERBUNGKUS, CAP SAUH)",1kg,Pahang,3.1,2.95,3.5,177,2034
917,"TEPUNG GANDUM NGP (BERBUNGKUS, CAP SAUH)",1kg,Perak,3.0,2.95,3.22,180,1995
917,"TEPUNG GANDUM NGP (BERBUNGKUS, CAP SAUH)",1kg,Perlis,3.02,2.88,3.3,30,365
917,"TEPUNG GANDUM NGP (BERBUNGKUS, CAP SAUH)",1kg,Pulau Pinang,3.2,2.99,3.5,129,1535
917,"TEPUNG GANDUM NGP (BERBUNGKUS, CAP SAUH)",1kg,Sabah,3.32,2.9,3.79,100,822
917,"TEPUNG GANDUM NGP (BERBUNGKUS, CAP SAUH)",1kg,Sarawak,3.3,3.19,3.5,106,1019
917,"TEPUNG GANDUM NGP (BERBUNGKUS, CAP SAUH)",1kg,Selangor,3.29,2.99,3.5,130,1452
917,"TEPUNG GANDUM NGP (BERBUNGKUS, CAP SAUH)",1kg,Terengganu,3.2,3.0,3.5,136,1796
917,"TEPUNG GANDUM NGP (BERBUNGKUS, CAP SAUH)",1kg,W.P. Kuala Lumpur,3.5,3.2,3.9,169,1974
917,"TEPUNG GANDUM NGP (BERBUNGKUS, CAP SAUH)",1kg,W.P. Labuan,3.4,3.34,3.4,7,45
917,"TEPUNG GANDUM NGP (BERBUNGKUS, CAP SAUH)",1kg,W.P. Putrajaya,3.5,3.42,3.7,26,316
918,MINYAK MASAK PAKET (PELBAGAI JENAMA),1kg,Johor,2.5,2.5,2.5,137,1336
918,MINYAK MASAK PAKET (PELBAGAI JENAMA),1kg,Kedah,2.5,2.5,2.5,83,826
918,MINYAK MASAK PAKET (PELBAGAI JENAMA),1kg,Kelantan,2.5,2.5,2.5,165,1664
918,MINYAK MASAK PAKET (PELBAGAI JENAMA),1kg,Melaka,2.5,2.5,2.5,46,507
918,MINYAK MASAK PAKET (PELBAGAI JENAMA),1kg,Negeri Sembilan,2.5,2.5,2.5,32,220
918,MINYAK MASAK PAKET (PELBAGAI JENAMA),1kg,Pahang,2.5,2.5,2.5,105,815
918,MINYAK MASAK PAKET (PELBAGAI JENAMA),1kg,Perak,2.5,2.5,2.5,97,681
918,MINYAK MASAK PAKET (PELBAGAI JENAMA),1kg,Perlis,2.5,2.5,2.5,27,253
918,MINYAK MASAK PAKET (PELBAGAI JENAMA),1kg,Pulau Pinang,2.5,2.5,2.5,80,642
918,MINYAK MASAK PAKET (PELBAGAI JENAMA),1kg,Sabah,2.5,2.5,2.5,101,584
918,MINYAK MASAK PAKET (PELBAGAI JENAMA),1kg,Sarawak,2.5,2.5,2.5,93,401
918,MINYAK MASAK PAKET (PELBAGAI JENAMA),1kg,Selangor,2.5,2.5,2.5,86,582
918,MINYAK MASAK PAKET (PELBAGAI JENAMA),1kg,Terengganu,2.5,2.5,2.5,116,1171
918,MINYAK MASAK PAKET (PELBAGAI JENAMA),1kg,W.P. Kuala Lumpur,2.5,2.5,2.5,90,812
918,MINYAK MASAK PAKET (PELBAGAI JENAMA),1kg,W.P. Labuan,2.5,2.5,2.5,12,108
918,MINYAK MASAK PAKET (PELBAGAI JENAMA),1kg,W.P. Putrajaya,2.5,2.5,2.5,13,46
929,NESCAFE CLASSIC (PAKET),200 g,Johor,22.99,21.12,24.99,150,373
929,NESCAFE CLASSIC (PAKET),200 g,Kedah,21.94,20.99,23.5,82,206
929,NESCAFE CLASSIC (PAKET),200 g,Kelantan,23.9,22.5,24.99,175,447
929,NESCAFE CLASSIC (PAKET),200 g,Melaka,22.49,21.5,25.5,37,84
929,NESCAFE CLASSIC (PAKET),200 g,Negeri Sembilan,22.9,21.0,24.5,49,121
929,NESCAFE CLASSIC (PAKET),200 g,Pahang,22.99,19.9,25.0,123,297
929,NESCAFE CLASSIC (PAKET),200 g,Perak,22.5,20.5,24.0,133,320
929,NESCAFE CLASSIC (PAKET),200 g,Perlis,21.9,21.12,23.5,26,61
929,NESCAFE CLASSIC (PAKET),200 g,Pulau Pinang,22.9,20.5,24.9,74,176
929,NESCAFE CLASSIC (PAKET),200 g,Sabah,26.19,25.3,26.9,103,240
929,NESCAFE CLASSIC (PAKET),200 g,Sarawak,26.25,25.68,26.82,140,319
929,NESCAFE CLASSIC (PAKET),200 g,Selangor,22.99,20.5,25.92,95,242
929,NESCAFE CLASSIC (PAKET),200 g,Terengganu,23.9,22.85,25.85,103,261
929,NESCAFE CLASSIC (PAKET),200 g,W.P. Kuala Lumpur,24.9,21.9,26.7,125,317
929,NESCAFE CLASSIC (PAKET),200 g,W.P. Labuan,25.25,24.47,25.7,12,22
929,NESCAFE CLASSIC (PAKET),200 g,W.P. Putrajaya,24.9,22.5,27.14,19,38
992,BERAS CAP JATI (SST5%),10 kg,Johor,26.0,26.0,26.0,25,103
992,BERAS CAP JATI (SST5%),10 kg,Kelantan,26.0,26.0,26.0,1,1
992,BERAS CAP JATI (SST5%),10 kg,Melaka,26.0,26.0,26.0,1,1
992,BERAS CAP JATI (SST5%),10 kg,Negeri Sembilan,26.0,26.0,26.0,2,4
992,BERAS CAP JATI (SST5%),10 kg,Pahang,26.0,26.0,26.0,2,7
992,BERAS CAP JATI (SST5%),10 kg,Perak,26.0,26.0,26.0,35,60
992,BERAS CAP JATI (SST5%),10 kg,Perlis,25.99,25.99,25.99,3,4
992,BERAS CAP JATI (SST5%),10 kg,Pulau Pinang,26.0,26.0,26.0,1,1
992,BERAS CAP JATI (SST5%),10 kg,Selangor,26.0,26.0,26.0,11,24
992,BERAS CAP JATI (SST5%),10 kg,W.P. Kuala Lumpur,26.0,26.0,26.0,8,32
992,BERAS CAP JATI (SST5%),10 kg,W.P. Putrajaya,26.0,26.0,26.0,1,1
1070,SOS CILI MAGGI,340 g,Johor,4.3,4.15,4.5,200,2527
1070,SOS CILI MAGGI,340 g,Kedah,4.2,4.15,4.5,108,1429
1070,SOS CILI MAGGI,340 g,Kelantan,4.3,4.2,4.5,187,2352
1070,SOS CILI MAGGI,340 g,Melaka,4.3,4.2,4.5,46,525
1070,SOS CILI MAGGI,340 g,Negeri Sembilan,4.35,4.2,4.6,57,738
1070,SOS CILI MAGGI,340 g,Pahang,4.19,4.15,4.5,166,2037
1070,SOS CILI MAGGI,340 g,Perak,4.2,4.15,4.5,169,2169
1070,SOS CILI MAGGI,340 g,Perlis,4.2,4.2,4.5,32,379
1070,SOS CILI MAGGI,340 g,Pulau Pinang,4.3,4.15,4.5,120,1470
1070,SOS CILI MAGGI,340 g,Sabah,4.2,3.95,4.3,171,1754
1070,SOS CILI MAGGI,340 g,Sarawak,4.2,4.2,4.4,195,2164
1070,SOS CILI MAGGI,340 g,Selangor,4.3,4.12,4.59,115,1368
1070,SOS CILI MAGGI,340 g,Terengganu,4.5,4.2,4.7,128,1542
1070,SOS CILI MAGGI,340 g,W.P. Kuala Lumpur,4.35,4.3,4.57,159,1981
1070,SOS CILI MAGGI,340 g,W.P. Labuan,4.2,4.2,4.2,14,166
1070,SOS CILI MAGGI,340 g,W.P. Putrajaya,4.5,4.3,4.75,27,339
1086,MINYAK JAGUNG CAP DAISY,1kg,Johor,16.32,14.99,16.5,91,1192
1086,MINYAK JAGUNG CAP DAISY,1kg,Kedah,16.32,14.99,16.5,39,507
1086,MINYAK JAGUNG CAP DAISY,1kg,Kelantan,16.75,16.31,17.5,51,572
1086,MINYAK JAGUNG CAP DAISY,1kg,Melaka,15.94,14.92,16.82,14,163
1086,MINYAK JAGUNG CAP DAISY,1kg,Negeri Sembilan,15.95,14.92,16.5,22,251
1086,MINYAK JAGUNG CAP DAISY,1kg,Pahang,16.5,15.9,16.99,45,560
1086,MINYAK JAGUNG CAP DAISY,1kg,Perak,16.32,14.97,16.5,52,676
1086,MINYAK JAGUNG CAP DAISY,1kg,Perlis,16.5,15.5,16.9,9,108
1086,MINYAK JAGUNG CAP DAISY,1kg,Pulau Pinang,16.2,14.9,16.5,33,425
1086,MINYAK JAGUNG CAP DAISY,1kg,Sabah,16.35,15.4,16.7,79,712
1086,MINYAK JAGUNG CAP DAISY,1kg,Sarawak,16.2,15.9,16.9,98,989
1086,MINYAK JAGUNG CAP DAISY,1kg,Selangor,16.5,14.99,16.5,44,563
1086,MINYAK JAGUNG CAP DAISY,1kg,Terengganu,16.5,16.3,17.45,33,418
1086,MINYAK JAGUNG CAP DAISY,1kg,W.P. Kuala Lumpur,16.5,15.9,16.8,91,1107
1086,MINYAK JAGUNG CAP DAISY,1kg,W.P. Labuan,14.65,12.9,15.42,10,64
1086,MINYAK JAGUNG CAP DAISY,1kg,W.P. Putrajaya,16.5,14.84,17.02,12,137
1087,MINYAK JAGUNG CAP DAISY,3 kg,Johor,41.99,35.99,42.5,81,1033
1087,MINYAK JAGUNG CAP DAISY,3 kg,Kedah,41.05,37.04,42.5,34,424
1087,MINYAK JAGUNG CAP DAISY,3 kg,Kelantan,42.5,39.99,46.5,41,428
1087,MINYAK JAGUNG CAP DAISY,3 kg,Melaka,36.9,35.9,42.5,13,144
1087,MINYAK JAGUNG CAP DAISY,3 kg,Negeri Sembilan,38.88,36.65,42.55,23,283
1087,MINYAK JAGUNG CAP DAISY,3 kg,Pahang,42.5,39.99,44.99,37,481
1087,MINYAK JAGUNG CAP DAISY,3 kg,Perak,39.94,35.9,42.5,44,589
1087,MINYAK JAGUNG CAP DAISY,3 kg,Perlis,42.55,42.5,44.32,6,82
1087,MINYAK JAGUNG CAP DAISY,3 kg,Pulau Pinang,37.7,35.9,42.5,30,397
1087,MINYAK JAGUNG CAP DAISY,3 kg,Sabah,42.99,41.5,44.8,73,703
1087,MINYAK JAGUNG CAP DAISY,3 kg,Sarawak,42.45,40.0,43.9,92,964
1087,MINYAK JAGUNG CAP DAISY,3 kg,Selangor,38.49,35.9,42.5,40,499
1087,MINYAK JAGUNG CAP DAISY,3 kg,Terengganu,44.45,42.34,45.77,26,305
1087,MINYAK JAGUNG CAP DAISY,3 kg,W.P. Kuala Lumpur,42.5,41.5,43.46,74,895
1087,MINYAK JAGUNG CAP DAISY,3 kg,W.P. Labuan,39.9,37.5,42.3,9,62
1087,MINYAK JAGUNG CAP DAISY,3 kg,W.P. Putrajaya,42.6,41.99,44.18,9,122
1088,MINYAK JAGUNG CAP MAZOLA,3 kg,Johor,47.9,46.99,48.5,47,596
1088,MINYAK JAGUNG CAP MAZOLA,3 kg,Kedah,48.5,46.9,48.5,9,119
1088,MINYAK JAGUNG CAP MAZOLA,3 kg,Kelantan,48.5,48.35,48.5,8,105
1088,MINYAK JAGUNG CAP MAZOLA,3 kg,Melaka,47.5,44.55,48.5,11,132
1088,MINYAK JAGUNG CAP MAZOLA,3 kg,Negeri Sembilan,47.9,46.44,48.5,10,129
1088,MINYAK JAGUNG CAP MAZOLA,3 kg,Pahang,48.5,48.5,48.5,21,270
1088,MINYAK JAGUNG CAP MAZOLA,3 kg,Perak,48.5,47.9,48.5,34,460
1088,MINYAK JAGUNG CAP MAZOLA,3 kg,Pulau Pinang,47.95,45.49,48.5,16,197
1088,MINYAK JAGUNG CAP MAZOLA,3 kg,Sabah,45.69,45.69,45.69,1,12
1088,MINYAK JAGUNG CAP MAZOLA,3 kg,Sarawak,45.5,45.5,47.37,16,165
1088,MINYAK JAGUNG CAP MAZOLA,3 kg,Selangor,47.9,45.8,48.5,24,306
1088,MINYAK JAGUNG CAP MAZOLA,3 kg,Terengganu,48.5,43.5,48.5,10,122
1088,MINYAK JAGUNG CAP MAZOLA,3 kg,W.P. Kuala Lumpur,48.5,48.5,51.25,53,664
1088,MINYAK JAGUNG CAP MAZOLA,3 kg,W.P. Putrajaya,48.5,46.24,49.88,3,40
1089,MINYAK JAGUNG CAP VECORN,3 kg,Johor,42.1,41.05,43.91,14,155
1089,MINYAK JAGUNG CAP VECORN,3 kg,Kedah,41.78,39.4,42.98,12,113
1089,MINYAK JAGUNG CAP VECORN,3 kg,Kelantan,42.64,38.5,43.42,16,151
1089,MINYAK JAGUNG CAP VECORN,3 kg,Melaka,41.35,40.67,41.62,3,39
1089,MINYAK JAGUNG CAP VECORN,3 kg,Negeri Sembilan,41.15,40.34,42.08,4,38
1089,MINYAK JAGUNG CAP VECORN,3 kg,Pahang,44.25,44.25,44.28,11,129
1089,MINYAK JAGUNG CAP VECORN,3 kg,Perak,42.67,38.55,44.25,22,268
1089,MINYAK JAGUNG CAP VECORN,3 kg,Perlis,42.67,42.67,42.67,1,14
1089,MINYAK JAGUNG CAP VECORN,3 kg,Pulau Pinang,38.74,37.24,41.86,10,117
1089,MINYAK JAGUNG CAP VECORN,3 kg,Sabah,45.5,44.44,45.5,44,403
1089,MINYAK JAGUNG CAP VECORN,3 kg,Sarawak,42.9,40.9,43.9,73,740
1089,MINYAK JAGUNG CAP VECORN,3 kg,Selangor,41.25,37.99,43.24,8,107
1089,MINYAK JAGUNG CAP VECORN,3 kg,Terengganu,39.89,39.5,41.9,11,113
1089,MINYAK JAGUNG CAP VECORN,3 kg,W.P. Kuala Lumpur,41.35,38.31,42.6,27,328
1089,MINYAK JAGUNG CAP VECORN,3 kg,W.P. Putrajaya,39.67,38.83,40.51,2,28
1090,MINYAK JAGUNG CAP VECORN,1kg,Johor,14.9,14.1,16.13,31,354
1090,MINYAK JAGUNG CAP VECORN,1kg,Kedah,14.9,13.65,16.3,17,203
1090,MINYAK JAGUNG CAP VECORN,1kg,Kelantan,15.96,14.6,16.79,14,126
1090,MINYAK JAGUNG CAP VECORN,1kg,Melaka,14.94,14.59,15.22,4,55
1090,MINYAK JAGUNG CAP VECORN,1kg,Negeri Sembilan,14.9,14.59,15.16,8,87
1090,MINYAK JAGUNG CAP VECORN,1kg,Pahang,16.7,15.91,16.75,17,218
1090,MINYAK JAGUNG CAP VECORN,1kg,Perak,15.24,13.9,16.75,30,394
1090,MINYAK JAGUNG CAP VECORN,1kg,Perlis,15.9,15.4,15.9,3,38
1090,MINYAK JAGUNG CAP VECORN,1kg,Pulau Pinang,13.9,13.65,14.9,21,269
1090,MINYAK JAGUNG CAP VECORN,1kg,Sabah,16.6,15.99,16.9,52,433
1090,MINYAK JAGUNG CAP VECORN,1kg,Sarawak,15.4,14.5,16.5,80,776
1090,MINYAK JAGUNG CAP VECORN,1kg,Selangor,13.99,13.65,15.2,19,247
1090,MINYAK JAGUNG CAP VECORN,1kg,Terengganu,14.94,14.9,16.8,18,188
1090,MINYAK JAGUNG CAP VECORN,1kg,W.P. Kuala Lumpur,15.5,14.9,16.75,64,766
1090,MINYAK JAGUNG CAP VECORN,1kg,W.P. Labuan,15.5,15.5,15.5,1,13
1090,MINYAK JAGUNG CAP VECORN,1kg,W.P. Putrajaya,14.9,14.44,15.6,7,85
1091,MINYAK MASAK SEBATIAN CAP RED EAGLE,1kg,Johor,8.29,8.18,8.75,88,1037
1091,MINYAK MASAK SEBATIAN CAP RED EAGLE,1kg,Kedah,8.5,8.19,8.75,36,437
1091,MINYAK MASAK SEBATIAN CAP RED EAGLE,1kg,Kelantan,8.17,8.02,8.75,11,127
1091,MINYAK MASAK SEBATIAN CAP RED EAGLE,1kg,Melaka,8.5,8.21,8.88,22,238
1091,MINYAK MASAK SEBATIAN CAP RED EAGLE,1kg,Negeri Sembilan,8.2,8.11,8.76,16,183
1091,MINYAK MASAK SEBATIAN CAP RED EAGLE,1kg,Pahang,8.5,8.28,8.8,38,491
1091,MINYAK MASAK SEBATIAN CAP RED EAGLE,1kg,Perak,8.2,8.05,8.75,72,934
1091,MINYAK MASAK SEBATIAN CAP RED EAGLE,1kg,Perlis,8.5,8.27,8.8,6,68
1091,MINYAK MASAK SEBATIAN CAP RED EAGLE,1kg,Pulau Pinang,8.5,8.2,8.9,63,682
1091,MINYAK MASAK SEBATIAN CAP RED EAGLE,1kg,Sabah,8.9,8.69,9.17,118,1136
1091,MINYAK MASAK SEBATIAN CAP RED EAGLE,1kg,Sarawak,8.9,8.8,9.2,151,1339
1091,MINYAK MASAK SEBATIAN CAP RED EAGLE,1kg,Selangor,8.2,8.08,8.5,37,432
1091,MINYAK MASAK SEBATIAN CAP RED EAGLE,1kg,Terengganu,8.2,8.06,8.82,14,173
1091,MINYAK MASAK SEBATIAN CAP RED EAGLE,1kg,W.P. Kuala Lumpur,8.2,8.1,8.5,88,996
1091,MINYAK MASAK SEBATIAN CAP RED EAGLE,1kg,W.P. Labuan,9.3,9.1,9.65,6,61
1091,MINYAK MASAK SEBATIAN CAP RED EAGLE,1kg,W.P. Putrajaya,8.4,8.2,9.16,10,137
1093,MINYAK MASAK SEBATIAN CAP KNIFE,1kg,Johor,8.4,8.2,8.85,135,1578
1093,MINYAK MASAK SEBATIAN CAP KNIFE,1kg,Kedah,8.4,8.25,8.9,57,656
1093,MINYAK MASAK SEBATIAN CAP KNIFE,1kg,Kelantan,8.9,8.38,9.59,39,393
1093,MINYAK MASAK SEBATIAN CAP KNIFE,1kg,Melaka,8.5,8.38,8.9,27,306
1093,MINYAK MASAK SEBATIAN CAP KNIFE,1kg,Negeri Sembilan,8.5,8.35,8.9,34,378
1093,MINYAK MASAK SEBATIAN CAP KNIFE,1kg,Pahang,8.35,8.2,8.5,97,1182
1093,MINYAK MASAK SEBATIAN CAP KNIFE,1kg,Perak,8.3,8.2,8.5,114,1385
1093,MINYAK MASAK SEBATIAN CAP KNIFE,1kg,Perlis,8.49,8.3,8.9,11,109
1093,MINYAK MASAK SEBATIAN CAP KNIFE,1kg,Pulau Pinang,8.45,8.35,8.9,88,947
1093,MINYAK MASAK SEBATIAN CAP KNIFE,1kg,Sabah,8.9,8.6,9.12,115,1032
1093,MINYAK MASAK SEBATIAN CAP KNIFE,1kg,Sarawak,8.9,8.7,9.0,134,895
1093,MINYAK MASAK SEBATIAN CAP KNIFE,1kg,Selangor,8.35,8.2,8.49,66,710
1093,MINYAK MASAK SEBATIAN CAP KNIFE,1kg,Terengganu,8.9,8.49,8.9,21,238
1093,MINYAK MASAK SEBATIAN CAP KNIFE,1kg,W.P. Kuala Lumpur,8.45,8.35,8.5,109,1228
1093,MINYAK MASAK SEBATIAN CAP KNIFE,1kg,W.P. Labuan,9.2,8.77,9.2,14,111
1093,MINYAK MASAK SEBATIAN CAP KNIFE,1kg,W.P. Putrajaya,8.48,8.34,9.04,16,179
1094,MINYAK MASAK TULEN CAP BURUH,1kg,Johor,6.9,6.9,6.9,153,1613
1094,MINYAK MASAK TULEN CAP BURUH,1kg,Kedah,6.9,6.9,6.9,51,556
1094,MINYAK MASAK TULEN CAP BURUH,1kg,Kelantan,6.9,6.9,6.9,68,567
1094,MINYAK MASAK TULEN CAP BURUH,1kg,Melaka,6.9,6.9,6.9,39,361
1094,MINYAK MASAK TULEN CAP BURUH,1kg,Negeri Sembilan,6.9,6.9,6.9,44,444
1094,MINYAK MASAK TULEN CAP BURUH,1kg,Pahang,6.9,6.9,6.9,81,841
1094,MINYAK MASAK TULEN CAP BURUH,1kg,Perak,6.9,6.82,6.9,94,1057
1094,MINYAK MASAK TULEN CAP BURUH,1kg,Perlis,6.9,6.9,6.9,12,99
1094,MINYAK MASAK TULEN CAP BURUH,1kg,Pulau Pinang,6.9,6.9,6.9,97,967
1094,MINYAK MASAK TULEN CAP BURUH,1kg,Sabah,6.9,6.9,6.9,135,985
1094,MINYAK MASAK TULEN CAP BURUH,1kg,Sarawak,6.9,6.9,6.9,139,727
1094,MINYAK MASAK TULEN CAP BURUH,1kg,Selangor,6.9,6.9,6.9,84,859
1094,MINYAK MASAK TULEN CAP BURUH,1kg,Terengganu,6.9,6.9,6.9,52,491
1094,MINYAK MASAK TULEN CAP BURUH,1kg,W.P. Kuala Lumpur,6.9,6.9,6.9,129,1395
1094,MINYAK MASAK TULEN CAP BURUH,1kg,W.P. Labuan,6.9,6.9,6.9,13,81
1094,MINYAK MASAK TULEN CAP BURUH,1kg,W.P. Putrajaya,6.9,6.9,6.9,23,229
1095,MINYAK MASAK TULEN CAP VESAWIT,5 kg,Johor,30.9,30.5,30.9,104,1117
1095,MINYAK MASAK TULEN CAP VESAWIT,5 kg,Kedah,30.9,30.9,30.9,60,719
1095,MINYAK MASAK TULEN CAP VESAWIT,5 kg,Kelantan,30.9,30.9,30.9,90,763
1095,MINYAK MASAK TULEN CAP VESAWIT,5 kg,Melaka,30.9,30.85,30.9,33,299
1095,MINYAK MASAK TULEN CAP VESAWIT,5 kg,Negeri Sembilan,30.9,30.5,30.9,21,239
1095,MINYAK MASAK TULEN CAP VESAWIT,5 kg,Pahang,30.9,30.65,30.9,70,762
1095,MINYAK MASAK TULEN CAP VESAWIT,5 kg,Perak,30.9,30.65,30.9,93,1018
1095,MINYAK MASAK TULEN CAP VESAWIT,5 kg,Perlis,30.9,30.9,30.9,16,169
1095,MINYAK MASAK TULEN CAP VESAWIT,5 kg,Pulau Pinang,30.9,30.9,30.9,74,825
1095,MINYAK MASAK TULEN CAP VESAWIT,5 kg,Sabah,30.9,30.9,30.9,139,1069
1095,MINYAK MASAK TULEN CAP VESAWIT,5 kg,Sarawak,30.9,30.9,30.9,156,1142
1095,MINYAK MASAK TULEN CAP VESAWIT,5 kg,Selangor,30.9,30.5,30.9,42,477
1095,MINYAK MASAK TULEN CAP VESAWIT,5 kg,Terengganu,30.9,30.9,30.9,63,507
1095,MINYAK MASAK TULEN CAP VESAWIT,5 kg,W.P. Kuala Lumpur,30.9,30.9,30.9,87,931
1095,MINYAK MASAK TULEN CAP VESAWIT,5 kg,W.P. Labuan,30.9,30.9,30.9,7,24
1095,MINYAK MASAK TULEN CAP VESAWIT,5 kg,W.P. Putrajaya,30.9,30.9,30.9,16,164
1100,MINYAK MASAK TULEN CAP SERI MURNI,1kg,Johor,6.9,6.89,6.9,94,873
1100,MINYAK MASAK TULEN CAP SERI MURNI,1kg,Kedah,6.9,6.9,6.9,41,374
1100,MINYAK MASAK TULEN CAP SERI MURNI,1kg,Kelantan,6.9,6.9,6.9,70,688
1100,MINYAK MASAK TULEN CAP SERI MURNI,1kg,Melaka,6.9,6.9,6.9,16,104
1100,MINYAK MASAK TULEN CAP SERI MURNI,1kg,Negeri Sembilan,6.9,6.9,6.9,24,152
1100,MINYAK MASAK TULEN CAP SERI MURNI,1kg,Pahang,6.9,6.9,6.9,55,490
1100,MINYAK MASAK TULEN CAP SERI MURNI,1kg,Perak,6.9,6.9,6.9,78,725
1100,MINYAK MASAK TULEN CAP SERI MURNI,1kg,Perlis,6.9,6.9,6.9,13,98
1100,MINYAK MASAK TULEN CAP SERI MURNI,1kg,Pulau Pinang,6.9,6.9,6.9,69,487
1100,MINYAK MASAK TULEN CAP SERI MURNI,1kg,Sabah,6.9,6.9,6.9,27,98
1100,MINYAK MASAK TULEN CAP SERI MURNI,1kg,Sarawak,6.9,6.9,6.9,50,251
1100,MINYAK MASAK TULEN CAP SERI MURNI,1kg,Selangor,6.9,6.9,6.9,38,219
1100,MINYAK MASAK TULEN CAP SERI MURNI,1kg,Terengganu,6.9,6.9,6.9,52,503
1100,MINYAK MASAK TULEN CAP SERI MURNI,1kg,W.P. Kuala Lumpur,6.9,6.88,6.9,72,496
1100,MINYAK MASAK TULEN CAP SERI MURNI,1kg,W.P. Putrajaya,6.9,6.9,6.9,9,39
1101,MINYAK MASAK TULEN CAP SERI MURNI,2 kg,Johor,13.3,13.2,13.3,147,1496
1101,MINYAK MASAK TULEN CAP SERI MURNI,2 kg,Kedah,13.3,13.25,13.3,89,927
1101,MINYAK MASAK TULEN CAP SERI MURNI,2 kg,Kelantan,13.3,13.3,13.3,154,1357
1101,MINYAK MASAK TULEN CAP SERI MURNI,2 kg,Melaka,13.3,13.2,13.3,45,385
1101,MINYAK MASAK TULEN CAP SERI MURNI,2 kg,Negeri Sembilan,13.3,13.25,13.3,50,485
1101,MINYAK MASAK TULEN CAP SERI MURNI,2 kg,Pahang,13.3,13.2,13.3,126,1303
1101,MINYAK MASAK TULEN CAP SERI MURNI,2 kg,Perak,13.29,13.2,13.3,149,1477
1101,MINYAK MASAK TULEN CAP SERI MURNI,2 kg,Perlis,13.3,13.27,13.3,20,187
1101,MINYAK MASAK TULEN CAP SERI MURNI,2 kg,Pulau Pinang,13.3,13.2,13.3,96,938
1101,MINYAK MASAK TULEN CAP SERI MURNI,2 kg,Sabah,13.3,13.3,13.3,132,1049
1101,MINYAK MASAK TULEN CAP SERI MURNI,2 kg,Sarawak,13.3,13.3,13.3,163,1156
1101,MINYAK MASAK TULEN CAP SERI MURNI,2 kg,Selangor,13.3,13.2,13.3,84,735
1101,MINYAK MASAK TULEN CAP SERI MURNI,2 kg,Terengganu,13.3,13.3,13.3,80,809
1101,MINYAK MASAK TULEN CAP SERI MURNI,2 kg,W.P. Kuala Lumpur,13.3,13.2,13.3,119,1017
1101,MINYAK MASAK TULEN CAP SERI MURNI,2 kg,W.P. Labuan,13.3,13.3,13.3,10,79
1101,MINYAK MASAK TULEN CAP SERI MURNI,2 kg,W.P. Putrajaya,13.3,13.29,13.3,20,165
1109,TELUR AYAM GRED A,30 biji,Johor,13.5,12.9,13.99,159,8131
1109,TELUR AYAM GRED A,30 biji,Kedah,13.5,12.99,14.0,53,2380
1109,TELUR AYAM GRED A,30 biji,Kelantan,14.0,13.89,14.4,146,4593
1109,TELUR AYAM GRED A,30 biji,Melaka,13.8,13.49,14.4,41,1571
1109,TELUR AYAM GRED A,30 biji,Negeri Sembilan,13.99,13.45,14.42,40,2226
1109,TELUR AYAM GRED A,30 biji,Pahang,13.9,13.6,14.22,96,5363
1109,TELUR AYAM GRED A,30 biji,Perak,13.9,13.25,14.2,123,5992
1109,TELUR AYAM GRED A,30 biji,Perlis,13.5,13.5,13.85,7,400
1109,TELUR AYAM GRED A,30 biji,Pulau Pinang,13.9,13.2,14.8,83,4234
1109,TELUR AYAM GRED A,30 biji,Sabah,16.23,15.99,16.7,100,1172
1109,TELUR AYAM GRED A,30 biji,Sarawak,16.5,16.2,17.52,116,3060
1109,TELUR AYAM GRED A,30 biji,Selangor,13.9,13.5,14.4,88,4526
1109,TELUR AYAM GRED A,30 biji,Terengganu,14.1,13.8,14.7,101,3883
1109,TELUR AYAM GRED A,30 biji,W.P. Kuala Lumpur,13.9,13.5,14.1,134,8643
1109,TELUR AYAM GRED A,30 biji,W.P. Labuan,18.35,17.45,18.8,10,158
1109,TELUR AYAM GRED A,30 biji,W.P. Putrajaya,13.99,13.6,14.8,21,1029
1110,TELUR AYAM GRED B,30 biji,Johor,12.5,11.99,12.9,179,8443
1110,TELUR AYAM GRED B,30 biji,Kedah,12.58,12.0,12.9,70,3203
1110,TELUR AYAM GRED B,30 biji,Kelantan,12.9,12.5,13.2,178,6111
1110,TELUR AYAM GRED B,30 biji,Melaka,12.7,12.34,13.2,41,1861
1110,TELUR AYAM GRED B,30 biji,Negeri Sembilan,12.6,12.0,12.99,48,2314
1110,TELUR AYAM GRED B,30 biji,Pahang,12.6,12.3,13.0,126,5844
1110,TELUR AYAM GRED B,30 biji,Perak,12.3,12.0,12.94,122,6373
1110,TELUR AYAM GRED B,30 biji,Perlis,12.85,12.3,13.48,18,874
1110,TELUR AYAM GRED B,30 biji,Pulau Pinang,12.75,12.1,13.5,115,5143
1110,TELUR AYAM GRED B,30 biji,Sabah,15.8,15.49,16.0,135,2060
1110,TELUR AYAM GRED B,30 biji,Sarawak,15.7,15.5,16.5,155,4109
1110,TELUR AYAM GRED B,30 biji,Selangor,12.6,12.06,13.5,103,4918
1110,TELUR AYAM GRED B,30 biji,Terengganu,12.9,12.6,13.5,109,4070
1110,TELUR AYAM GRED B,30 biji,W.P. Kuala Lumpur,12.9,12.59,13.2,139,8103
1110,TELUR AYAM GRED B,30 biji,W.P. Labuan,17.0,16.5,17.9,9,180
1110,TELUR AYAM GRED B,30 biji,W.P. Putrajaya,12.7,12.1,13.5,20,1117
1111,TELUR AYAM GRED C,30 biji,Johor,10.85,10.42,11.4,174,7909
1111,TELUR AYAM GRED C,30 biji,Kedah,10.85,10.61,11.4,66,2403
1111,TELUR AYAM GRED C,30 biji,Kelantan,11.8,11.25,12.0,134,3716
1111,TELUR AYAM GRED C,30 biji,Melaka,11.39,10.82,11.7,38,1436
1111,TELUR AYAM GRED C,30 biji,Negeri Sembilan,11.39,10.62,11.7,47,2095
1111,TELUR AYAM GRED C,30 biji,Pahang,10.9,10.65,11.5,131,5189
1111,TELUR AYAM GRED C,30 biji,Perak,10.9,10.52,11.4,153,6588
1111,TELUR AYAM GRED C,30 biji,Perlis,10.99,10.7,11.2,13,438
1111,TELUR AYAM GRED C,30 biji,Pulau Pinang,11.0,10.65,12.0,93,4330
1111,TELUR AYAM GRED C,30 biji,Sabah,15.2,14.9,15.4,118,2136
1111,TELUR AYAM GRED C,30 biji,Sarawak,15.0,14.7,15.62,123,3239
1111,TELUR AYAM GRED C,30 biji,Selangor,11.1,10.6,12.0,113,5097
1111,TELUR AYAM GRED C,30 biji,Terengganu,11.6,10.95,12.09,97,3481
1111,TELUR AYAM GRED C,30 biji,W.P. Kuala Lumpur,11.2,10.9,12.0,133,7304
1111,TELUR AYAM GRED C,30 biji,W.P. Labuan,16.3,16.05,16.65,7,160
1111,TELUR AYAM GRED C,30 biji,W.P. Putrajaya,11.39,10.73,11.98,19,924
1128,LADA BENGGALA HIJAU (CAPSICUM),1kg,Johor,9.0,7.49,12.0,163,1945
1128,LADA BENGGALA HIJAU (CAPSICUM),1kg,Kedah,9.0,7.97,10.92,72,770
1128,LADA BENGGALA HIJAU (CAPSICUM),1kg,Kelantan,10.0,7.99,12.0,88,952
1128,LADA BENGGALA HIJAU (CAPSICUM),1kg,Melaka,9.99,8.82,12.49,39,390
1128,LADA BENGGALA HIJAU (CAPSICUM),1kg,Negeri Sembilan,9.0,8.0,12.0,40,432
1128,LADA BENGGALA HIJAU (CAPSICUM),1kg,Pahang,8.99,7.88,11.05,92,1074
1128,LADA BENGGALA HIJAU (CAPSICUM),1kg,Perak,8.7,6.99,11.92,120,1403
1128,LADA BENGGALA HIJAU (CAPSICUM),1kg,Perlis,13.0,9.92,15.0,18,194
1128,LADA BENGGALA HIJAU (CAPSICUM),1kg,Pulau Pinang,9.5,7.99,12.0,106,1281
1128,LADA BENGGALA HIJAU (CAPSICUM),1kg,Sabah,19.8,16.9,21.9,112,693
1128,LADA BENGGALA HIJAU (CAPSICUM),1kg,Sarawak,20.9,18.9,24.9,123,1022
1128,LADA BENGGALA HIJAU (CAPSICUM),1kg,Selangor,9.49,8.2,12.0,97,1115
1128,LADA BENGGALA HIJAU (CAPSICUM),1kg,Terengganu,10.0,8.09,13.0,79,929
1128,LADA BENGGALA HIJAU (CAPSICUM),1kg,W.P. Kuala Lumpur,8.99,8.0,10.9,133,1552
1128,LADA BENGGALA HIJAU (CAPSICUM),1kg,W.P. Labuan,20.0,19.9,21.6,13,76
1128,LADA BENGGALA HIJAU (CAPSICUM),1kg,W.P. Putrajaya,11.35,8.74,13.08,24,256
1131,UBI KENTANG IMPORT (CHINA),1kg,Johor,2.99,2.49,3.78,185,8794
1131,UBI KENTANG IMPORT (CHINA),1kg,Kedah,3.0,2.3,3.5,92,4397
1131,UBI KENTANG IMPORT (CHINA),1kg,Kelantan,3.2,2.69,4.0,107,3764
1131,UBI KENTANG IMPORT (CHINA),1kg,Melaka,3.5,2.9,4.0,52,1987
1131,UBI KENTANG IMPORT (CHINA),1kg,Negeri Sembilan,3.2,2.5,3.9,51,2224
1131,UBI KENTANG IMPORT (CHINA),1kg,Pahang,3.49,2.6,4.0,146,5816
1131,UBI KENTANG IMPORT (CHINA),1kg,Perak,2.9,2.4,3.5,169,7966
1131,UBI KENTANG IMPORT (CHINA),1kg,Perlis,3.4,2.49,4.0,28,1074
1131,UBI KENTANG IMPORT (CHINA),1kg,Pulau Pinang,3.0,2.5,3.5,135,6159
1131,UBI KENTANG IMPORT (CHINA),1kg,Sabah,3.3,2.99,4.0,185,8362
1131,UBI KENTANG IMPORT (CHINA),1kg,Sarawak,3.3,2.8,4.0,222,11285
1131,UBI KENTANG IMPORT (CHINA),1kg,Selangor,3.0,2.29,3.85,115,6153
1131,UBI KENTANG IMPORT (CHINA),1kg,Terengganu,3.44,2.69,4.0,106,4417
1131,UBI KENTANG IMPORT (CHINA),1kg,W.P. Kuala Lumpur,3.1,2.85,3.5,144,9360
1131,UBI KENTANG IMPORT (CHINA),1kg,W.P. Labuan,3.0,2.9,3.3,15,1028
1131,UBI KENTANG IMPORT (CHINA),1kg,W.P. Putrajaya,3.18,2.9,4.38,26,1349
1132,LIMAU NIPIS,1kg,Johor,8.0,6.5,9.99,193,9775
1132,LIMAU NIPIS,1kg,Kedah,7.99,6.09,9.3,86,5422
1132,LIMAU NIPIS,1kg,Kelantan,6.9,5.9,8.0,121,7214
1132,LIMAU NIPIS,1kg,Melaka,8.99,6.7,10.0,47,2020
1132,LIMAU NIPIS,1kg,Negeri Sembilan,8.45,6.0,10.0,56,3064
1132,LIMAU NIPIS,1kg,Pahang,6.99,5.99,9.0,120,6879
1132,LIMAU NIPIS,1kg,Perak,7.0,5.99,8.99,129,8319
1132,LIMAU NIPIS,1kg,Perlis,8.99,7.44,10.0,27,1581
1132,LIMAU NIPIS,1kg,Pulau Pinang,8.5,6.5,10.0,120,6406
1132,LIMAU NIPIS,1kg,Sabah,10.69,8.99,11.5,102,4670
1132,LIMAU NIPIS,1kg,Sarawak,9.9,7.99,12.0,95,3228
1132,LIMAU NIPIS,1kg,Selangor,7.7,6.2,9.99,113,6968
1132,LIMAU NIPIS,1kg,Terengganu,7.5,5.99,9.0,104,5544
1132,LIMAU NIPIS,1kg,W.P. Kuala Lumpur,8.9,6.59,10.0,150,9860
1132,LIMAU NIPIS,1kg,W.P. Labuan,11.9,9.8,13.15,12,338
1132,LIMAU NIPIS,1kg,W.P. Putrajaya,9.0,7.22,10.85,26,1244
1135,KICAP MANIS ADABI,340ml,Johor,5.1,4.9,5.29,95,1135
1135,KICAP MANIS ADABI,340ml,Kedah,5.1,4.9,5.25,81,1039
1135,KICAP MANIS ADABI,340ml,Kelantan,5.1,5.0,5.2,142,1759
1135,KICAP MANIS ADABI,340ml,Melaka,5.3,4.96,5.5,26,317
1135,KICAP MANIS ADABI,340ml,Negeri Sembilan,5.25,4.95,5.4,33,377
1135,KICAP MANIS ADABI,340ml,Pahang,5.2,4.89,5.5,89,1142
1135,KICAP MANIS ADABI,340ml,Perak,5.0,4.7,5.25,89,1131
1135,KICAP MANIS ADABI,340ml,Perlis,4.9,4.9,5.08,26,307
1135,KICAP MANIS ADABI,340ml,Pulau Pinang,5.2,4.95,5.5,73,903
1135,KICAP MANIS ADABI,340ml,Sabah,5.8,5.43,5.99,114,928
1135,KICAP MANIS ADABI,340ml,Sarawak,5.4,5.2,5.5,190,2053
1135,KICAP MANIS ADABI,340ml,Selangor,4.99,4.7,5.25,57,734
1135,KICAP MANIS ADABI,340ml,Terengganu,5.2,4.99,5.5,94,1142
1135,KICAP MANIS ADABI,340ml,W.P. Kuala Lumpur,5.1,4.93,5.5,91,1120
1135,KICAP MANIS ADABI,340ml,W.P. Labuan,5.98,5.81,6.02,12,117
1135,KICAP MANIS ADABI,340ml,W.P. Putrajaya,5.4,4.99,5.63,21,245
1138,SOS TIRAM MAGGI,340 g,Johor,5.9,5.7,6.2,189,2354
1138,SOS TIRAM MAGGI,340 g,Kedah,5.9,5.57,6.0,104,1323
1138,SOS TIRAM MAGGI,340 g,Kelantan,5.9,5.7,6.0,177,2002
1138,SOS TIRAM MAGGI,340 g,Melaka,5.9,5.8,6.0,41,442
1138,SOS TIRAM MAGGI,340 g,Negeri Sembilan,5.9,5.8,6.09,57,701
1138,SOS TIRAM MAGGI,340 g,Pahang,5.9,5.5,6.0,157,1891
1138,SOS TIRAM MAGGI,340 g,Perak,5.8,5.5,6.0,167,2079
1138,SOS TIRAM MAGGI,340 g,Perlis,5.9,5.7,5.9,32,379
1138,SOS TIRAM MAGGI,340 g,Pulau Pinang,5.9,5.6,6.0,118,1424
1138,SOS TIRAM MAGGI,340 g,Sabah,5.79,5.5,5.99,171,1780
1138,SOS TIRAM MAGGI,340 g,Sarawak,5.8,5.7,5.99,199,2151
1138,SOS TIRAM MAGGI,340 g,Selangor,5.9,5.5,6.09,114,1334
1138,SOS TIRAM MAGGI,340 g,Terengganu,6.0,5.9,6.2,119,1391
1138,SOS TIRAM MAGGI,340 g,W.P. Kuala Lumpur,6.0,5.8,6.1,146,1773
1138,SOS TIRAM MAGGI,340 g,W.P. Labuan,5.7,5.6,5.79,14,142
1138,SOS TIRAM MAGGI,340 g,W.P. Putrajaya,6.0,5.74,6.21,24,287
1142,SARDIN CAP ADABI (SOS TOMATO DENGAN CILI),425 g,Johor,9.7,8.94,9.9,131,1486
1142,SARDIN CAP ADABI (SOS TOMATO DENGAN CILI),425 g,Kedah,9.5,8.9,9.9,64,616
1142,SARDIN CAP ADABI (SOS TOMATO DENGAN CILI),425 g,Kelantan,9.7,9.28,9.89,131,1124
1142,SARDIN CAP ADABI (SOS TOMATO DENGAN CILI),425 g,Melaka,9.8,9.2,9.95,29,287
1142,SARDIN CAP ADABI (SOS TOMATO DENGAN CILI),425 g,Negeri Sembilan,9.6,8.99,9.8,26,186
1142,SARDIN CAP ADABI (SOS TOMATO DENGAN CILI),425 g,Pahang,9.99,9.7,10.48,54,529
1142,SARDIN CAP ADABI (SOS TOMATO DENGAN CILI),425 g,Perak,9.5,9.0,9.9,84,743
1142,SARDIN CAP ADABI (SOS TOMATO DENGAN CILI),425 g,Perlis,9.4,9.2,9.5,17,132
1142,SARDIN CAP ADABI (SOS TOMATO DENGAN CILI),425 g,Pulau Pinang,9.7,8.9,9.9,55,581
1142,SARDIN CAP ADABI (SOS TOMATO DENGAN CILI),425 g,Sabah,9.8,9.4,10.6,53,347
1142,SARDIN CAP ADABI (SOS TOMATO DENGAN CILI),425 g,Sarawak,9.9,9.7,10.15,66,715
1142,SARDIN CAP ADABI (SOS TOMATO DENGAN CILI),425 g,Selangor,9.1,8.9,9.74,74,712
1142,SARDIN CAP ADABI (SOS TOMATO DENGAN CILI),425 g,Terengganu,10.0,9.5,10.5,70,591
1142,SARDIN CAP ADABI (SOS TOMATO DENGAN CILI),425 g,W.P. Kuala Lumpur,9.5,8.99,9.8,103,1158
1142,SARDIN CAP ADABI (SOS TOMATO DENGAN CILI),425 g,W.P. Labuan,10.9,10.6,11.05,11,108
1142,SARDIN CAP ADABI (SOS TOMATO DENGAN CILI),425 g,W.P. Putrajaya,9.72,9.15,10.45,22,205
1144,MENTEGA KACANG HALUS LADY'S CHOICE,340 g,Johor,15.08,14.8,15.79,76,969
1144,MENTEGA KACANG HALUS LADY'S CHOICE,340 g,Kedah,14.8,14.3,14.97,35,458
1144,MENTEGA KACANG HALUS LADY'S CHOICE,340 g,Kelantan,14.99,14.8,15.6,47,597
1144,MENTEGA KACANG HALUS LADY'S CHOICE,340 g,Melaka,14.9,14.7,14.94,14,160
1144,MENTEGA KACANG HALUS LADY'S CHOICE,340 g,Negeri Sembilan,14.99,14.8,15.24,19,236
1144,MENTEGA KACANG HALUS LADY'S CHOICE,340 g,Pahang,14.99,14.9,15.2,47,605
1144,MENTEGA KACANG HALUS LADY'S CHOICE,340 g,Perak,14.8,14.1,15.04,46,595
1144,MENTEGA KACANG HALUS LADY'S CHOICE,340 g,Perlis,14.9,14.9,15.11,10,95
1144,MENTEGA KACANG HALUS LADY'S CHOICE,340 g,Pulau Pinang,14.9,14.0,14.97,27,355
1144,MENTEGA KACANG HALUS LADY'S CHOICE,340 g,Sabah,14.9,14.9,15.49,68,569
1144,MENTEGA KACANG HALUS LADY'S CHOICE,340 g,Sarawak,14.9,14.88,15.35,84,627
1144,MENTEGA KACANG HALUS LADY'S CHOICE,340 g,Selangor,15.0,14.8,15.4,43,547
1144,MENTEGA KACANG HALUS LADY'S CHOICE,340 g,Terengganu,14.9,14.9,15.2,31,397
1144,MENTEGA KACANG HALUS LADY'S CHOICE,340 g,W.P. Kuala Lumpur,15.18,14.9,15.5,87,1137
1144,MENTEGA KACANG HALUS LADY'S CHOICE,340 g,W.P. Labuan,16.2,15.7,17.7,3,15
1144,MENTEGA KACANG HALUS LADY'S CHOICE,340 g,W.P. Putrajaya,14.9,14.7,15.8,13,130
1145,NESTLE CERELAC BERAS - TIN,500 g,Johor,17.49,15.7,17.91,136,1755
1145,NESTLE CERELAC BERAS - TIN,500 g,Kedah,16.9,15.7,17.9,85,1129
1145,NESTLE CERELAC BERAS - TIN,500 g,Kelantan,17.6,16.9,17.9,132,1575
1145,NESTLE CERELAC BERAS - TIN,500 g,Melaka,16.9,15.9,17.8,25,283
1145,NESTLE CERELAC BERAS - TIN,500 g,Negeri Sembilan,17.15,15.7,17.9,30,388
1145,NESTLE CERELAC BERAS - TIN,500 g,Pahang,16.9,14.5,17.8,114,1438
1145,NESTLE CERELAC BERAS - TIN,500 g,Perak,15.7,14.5,16.9,121,1558
1145,NESTLE CERELAC BERAS - TIN,500 g,Perlis,17.4,16.7,17.86,25,288
1145,NESTLE CERELAC BERAS - TIN,500 g,Pulau Pinang,16.79,15.15,17.9,77,960
1145,NESTLE CERELAC BERAS - TIN,500 g,Sabah,17.69,16.8,18.2,144,1501
1145,NESTLE CERELAC BERAS - TIN,500 g,Sarawak,17.5,16.99,17.9,168,1898
1145,NESTLE CERELAC BERAS - TIN,500 g,Selangor,15.95,14.72,17.6,63,826
1145,NESTLE CERELAC BERAS - TIN,500 g,Terengganu,17.59,16.9,17.9,65,803
1145,NESTLE CERELAC BERAS - TIN,500 g,W.P. Kuala Lumpur,17.6,16.9,17.9,82,1035
1145,NESTLE CERELAC BERAS - TIN,500 g,W.P. Labuan,17.85,17.73,18.2,12,120
1145,NESTLE CERELAC BERAS - TIN,500 g,W.P. Putrajaya,17.02,16.36,17.9,16,199
1151,SANTAN KELAPA JENAMA AYAM BRAND,1 liter,Johor,15.9,14.59,16.76,171,2183
1151,SANTAN KELAPA JENAMA AYAM BRAND,1 liter,Kedah,15.5,14.6,16.45,87,1109
1151,SANTAN KELAPA JENAMA AYAM BRAND,1 liter,Kelantan,16.5,16.0,17.49,164,1996
1151,SANTAN KELAPA JENAMA AYAM BRAND,1 liter,Melaka,15.5,14.15,16.5,38,486
1151,SANTAN KELAPA JENAMA AYAM BRAND,1 liter,Negeri Sembilan,15.9,14.14,16.7,51,636
1151,SANTAN KELAPA JENAMA AYAM BRAND,1 liter,Pahang,15.3,14.95,16.5,150,1944
1151,SANTAN KELAPA JENAMA AYAM BRAND,1 liter,Perak,15.3,13.99,15.99,157,2018
1151,SANTAN KELAPA JENAMA AYAM BRAND,1 liter,Perlis,15.9,14.49,16.5,34,439
1151,SANTAN KELAPA JENAMA AYAM BRAND,1 liter,Pulau Pinang,15.3,14.5,16.2,109,1350
1151,SANTAN KELAPA JENAMA AYAM BRAND,1 liter,Sabah,16.6,15.27,16.99,150,1548
1151,SANTAN KELAPA JENAMA AYAM BRAND,1 liter,Sarawak,15.99,15.5,16.73,188,2139
1151,SANTAN KELAPA JENAMA AYAM BRAND,1 liter,Selangor,15.9,14.37,16.99,112,1347
1151,SANTAN KELAPA JENAMA AYAM BRAND,1 liter,Terengganu,16.29,14.99,16.99,99,1286
1151,SANTAN KELAPA JENAMA AYAM BRAND,1 liter,W.P. Kuala Lumpur,16.9,15.5,17.0,141,1731
1151,SANTAN KELAPA JENAMA AYAM BRAND,1 liter,W.P. Labuan,15.0,14.9,16.7,13,170
1151,SANTAN KELAPA JENAMA AYAM BRAND,1 liter,W.P. Putrajaya,16.9,15.99,17.1,24,285
1153,PERENCAH TOM YAM ADABI,40 g,Johor,2.4,2.19,2.5,89,920
1153,PERENCAH TOM YAM ADABI,40 g,Kedah,2.35,2.1,2.42,40,457
1153,PERENCAH TOM YAM ADABI,40 g,Kelantan,2.4,2.35,2.5,55,529
1153,PERENCAH TOM YAM ADABI,40 g,Melaka,2.25,2.1,2.4,16,151
1153,PERENCAH TOM YAM ADABI,40 g,Negeri Sembilan,2.3,2.15,2.4,23,223
1153,PERENCAH TOM YAM ADABI,40 g,Pahang,2.49,2.29,2.5,61,715
1153,PERENCAH TOM YAM ADABI,40 g,Perak,2.28,2.1,2.4,66,612
1153,PERENCAH TOM YAM ADABI,40 g,Perlis,2.35,2.27,2.42,12,122
1153,PERENCAH TOM YAM ADABI,40 g,Pulau Pinang,2.3,2.1,2.4,31,311
1153,PERENCAH TOM YAM ADABI,40 g,Sabah,2.5,2.19,2.6,59,384
1153,PERENCAH TOM YAM ADABI,40 g,Sarawak,2.47,2.4,2.5,100,902
1153,PERENCAH TOM YAM ADABI,40 g,Selangor,2.3,2.2,2.4,51,577
1153,PERENCAH TOM YAM ADABI,40 g,Terengganu,2.4,2.3,2.51,36,360
1153,PERENCAH TOM YAM ADABI,40 g,W.P. Kuala Lumpur,2.35,2.2,2.4,99,1224
1153,PERENCAH TOM YAM ADABI,40 g,W.P. Labuan,2.7,2.7,2.8,7,63
1153,PERENCAH TOM YAM ADABI,40 g,W.P. Putrajaya,2.33,2.22,2.4,14,159
1355,100 PLUS (ORIGINAL),1.5 liter,Johor,3.49,3.4,3.7,92,1062
1355,100 PLUS (ORIGINAL),1.5 liter,Kedah,3.4,3.19,3.69,37,458
1355,100 PLUS (ORIGINAL),1.5 liter,Kelantan,3.9,3.4,4.1,55,550
1355,100 PLUS (ORIGINAL),1.5 liter,Melaka,3.44,3.14,3.65,16,152
1355,100 PLUS (ORIGINAL),1.5 liter,Negeri Sembilan,3.4,3.18,3.52,24,309
1355,100 PLUS (ORIGINAL),1.5 liter,Pahang,3.24,3.09,3.77,50,448
1355,100 PLUS (ORIGINAL),1.5 liter,Perak,3.4,3.19,3.69,64,817
1355,100 PLUS (ORIGINAL),1.5 liter,Perlis,3.69,3.39,3.92,12,135
1355,100 PLUS (ORIGINAL),1.5 liter,Pulau Pinang,3.39,3.12,3.61,30,390
1355,100 PLUS (ORIGINAL),1.5 liter,Sabah,3.99,3.84,4.2,75,634
1355,100 PLUS (ORIGINAL),1.5 liter,Sarawak,4.0,3.9,4.2,104,980
1355,100 PLUS (ORIGINAL),1.5 liter,Selangor,3.39,3.18,3.69,54,668
1355,100 PLUS (ORIGINAL),1.5 liter,Terengganu,3.59,3.09,3.96,32,324
1355,100 PLUS (ORIGINAL),1.5 liter,W.P. Kuala Lumpur,3.9,3.6,4.1,105,1246
1355,100 PLUS (ORIGINAL),1.5 liter,W.P. Labuan,4.15,3.94,4.35,10,110
1355,100 PLUS (ORIGINAL),1.5 liter,W.P. Putrajaya,3.79,3.39,4.1,13,167
1367,DAGING PAHA KAMBING BEBIRI IMPORT BERTULANG  (MUTTON) (AUSTRALIA),1kg,Johor,39.0,34.75,40.0,8,98
1367,DAGING PAHA KAMBING BEBIRI IMPORT BERTULANG  (MUTTON) (AUSTRALIA),1kg,Kedah,34.99,32.49,37.49,2,15
1367,DAGING PAHA KAMBING BEBIRI IMPORT BERTULANG  (MUTTON) (AUSTRALIA),1kg,Melaka,37.35,37.03,37.67,2,24
1367,DAGING PAHA KAMBING BEBIRI IMPORT BERTULANG  (MUTTON) (AUSTRALIA),1kg,Negeri Sembilan,37.0,35.5,38.5,2,26
1367,DAGING PAHA KAMBING BEBIRI IMPORT BERTULANG  (MUTTON) (AUSTRALIA),1kg,Perak,36.99,35.1,39.99,21,227
1367,DAGING PAHA KAMBING BEBIRI IMPORT BERTULANG  (MUTTON) (AUSTRALIA),1kg,Perlis,36.0,36.0,36.0,1,14
1367,DAGING PAHA KAMBING BEBIRI IMPORT BERTULANG  (MUTTON) (AUSTRALIA),1kg,Pulau Pinang,33.9,31.94,34.45,3,16
1367,DAGING PAHA KAMBING BEBIRI IMPORT BERTULANG  (MUTTON) (AUSTRALIA),1kg,Sabah,39.99,38.99,40.99,3,19
1367,DAGING PAHA KAMBING BEBIRI IMPORT BERTULANG  (MUTTON) (AUSTRALIA),1kg,Sarawak,43.94,40.92,46.97,2,7
1367,DAGING PAHA KAMBING BEBIRI IMPORT BERTULANG  (MUTTON) (AUSTRALIA),1kg,Selangor,35.99,34.5,41.42,30,191
1367,DAGING PAHA KAMBING BEBIRI IMPORT BERTULANG  (MUTTON) (AUSTRALIA),1kg,W.P. Kuala Lumpur,35.8,32.25,38.75,11,118
1368,DAGING PAHA KAMBING BEBIRI IMPORT BERTULANG (MUTTON) (NEW ZEALAND),1kg,Johor,38.0,36.0,40.0,5,65
1368,DAGING PAHA KAMBING BEBIRI IMPORT BERTULANG (MUTTON) (NEW ZEALAND),1kg,Melaka,40.35,39.53,41.18,2,16
1368,DAGING PAHA KAMBING BEBIRI IMPORT BERTULANG (MUTTON) (NEW ZEALAND),1kg,Negeri Sembilan,40.0,40.0,40.0,1,13
1368,DAGING PAHA KAMBING BEBIRI IMPORT BERTULANG (MUTTON) (NEW ZEALAND),1kg,Pulau Pinang,40.0,40.0,40.0,1,3
1368,DAGING PAHA KAMBING BEBIRI IMPORT BERTULANG (MUTTON) (NEW ZEALAND),1kg,Selangor,36.4,35.42,37.17,4,37
1368,DAGING PAHA KAMBING BEBIRI IMPORT BERTULANG (MUTTON) (NEW ZEALAND),1kg,W.P. Kuala Lumpur,36.6,36.6,36.6,1,1
1369,DAGING KAMBING TEMPATAN BERTULANG,1kg,Johor,52.5,51.25,53.75,2,13
1369,DAGING KAMBING TEMPATAN BERTULANG,1kg,Kedah,60.0,57.5,62.5,2,28
1369,DAGING KAMBING TEMPATAN BERTULANG,1kg,Kelantan,50.0,50.0,50.0,1,14
1369,DAGING KAMBING TEMPATAN BERTULANG,1kg,Negeri Sembilan,50.0,50.0,50.0,1,13
1369,DAGING KAMBING TEMPATAN BERTULANG,1kg,Perak,55.0,42.74,60.0,10,58
1369,DAGING KAMBING TEMPATAN BERTULANG,1kg,Pulau Pinang,64.5,61.0,67.25,6,39
1369,DAGING KAMBING TEMPATAN BERTULANG,1kg,Sabah,25.0,25.0,25.0,1,1
1369,DAGING KAMBING TEMPATAN BERTULANG,1kg,Selangor,70.0,69.0,70.0,3,30
1369,DAGING KAMBING TEMPATAN BERTULANG,1kg,W.P. Kuala Lumpur,60.0,60.0,60.0,1,1
1370,DAGING LEMBU IMPORT (TOPSIDE),1kg,Johor,29.99,29.99,29.99,1,4
1370,DAGING LEMBU IMPORT (TOPSIDE),1kg,Kedah,26.99,26.99,26.99,1,1
1370,DAGING LEMBU IMPORT (TOPSIDE),1kg,Perak,26.9,26.9,26.9,1,1
1370,DAGING LEMBU IMPORT (TOPSIDE),1kg,Sabah,29.49,28.92,30.67,6,10
1370,DAGING LEMBU IMPORT (TOPSIDE),1kg,Sarawak,47.9,40.9,49.99,9,39
1370,DAGING LEMBU IMPORT (TOPSIDE),1kg,Selangor,38.5,32.88,56.97,8,34
1370,DAGING LEMBU IMPORT (TOPSIDE),1kg,W.P. Kuala Lumpur,41.0,41.0,41.0,1,14
1370,DAGING LEMBU IMPORT (TOPSIDE),1kg,W.P. Putrajaya,69.99,48.44,77.94,3,12
1371,DAGING LEMBU IMPORT (BLADE),1kg,Johor,58.9,58.9,58.9,1,1
1371,DAGING LEMBU IMPORT (BLADE),1kg,Kelantan,22.99,22.99,22.99,1,1
1371,DAGING LEMBU IMPORT (BLADE),1kg,Perak,55.3,39.75,70.85,2,3
1371,DAGING LEMBU IMPORT (BLADE),1kg,Sabah,44.95,44.95,44.95,1,8
1371,DAGING LEMBU IMPORT (BLADE),1kg,Sarawak,48.0,45.9,52.9,19,169
1371,DAGING LEMBU IMPORT (BLADE),1kg,Selangor,49.44,31.74,63.9,4,9
1371,DAGING LEMBU IMPORT (BLADE),1kg,Terengganu,20.79,20.79,20.79,1,1
1371,DAGING LEMBU IMPORT (BLADE),1kg,W.P. Putrajaya,87.9,87.9,87.9,1,2
1372,DAGING LEMBU IMPORT (CHUCKTENDER),1kg,Johor,29.99,29.99,29.99,1,4
1372,DAGING LEMBU IMPORT (CHUCKTENDER),1kg,Pahang,26.99,26.99,26.99,1,4
1372,DAGING LEMBU IMPORT (CHUCKTENDER),1kg,Perak,80.9,80.9,80.9,1,1
1372,DAGING LEMBU IMPORT (CHUCKTENDER),1kg,Sabah,36.44,32.72,40.17,2,6
1372,DAGING LEMBU IMPORT (CHUCKTENDER),1kg,Sarawak,47.9,43.74,48.48,8,63
1372,DAGING LEMBU IMPORT (CHUCKTENDER),1kg,Selangor,49.6,30.5,63.22,6,15
1372,DAGING LEMBU IMPORT (CHUCKTENDER),1kg,W.P. Kuala Lumpur,63.9,63.9,63.9,1,1
1372,DAGING LEMBU IMPORT (CHUCKTENDER),1kg,W.P. Putrajaya,80.9,80.9,80.9,1,3
1373,DAGING LEMBU IMPORT (KNUCKLE),1kg,Johor,58.99,58.99,58.99,1,1
1373,DAGING LEMBU IMPORT (KNUCKLE),1kg,Kedah,23.5,23.5,23.5,1,3
1373,DAGING LEMBU IMPORT (KNUCKLE),1kg,Kelantan,22.99,22.99,22.99,1,1
1373,DAGING LEMBU IMPORT (KNUCKLE),1kg,Perak,23.2,22.85,23.55,2,3
1373,DAGING LEMBU IMPORT (KNUCKLE),1kg,Sabah,29.9,29.9,29.9,1,1
1373,DAGING LEMBU IMPORT (KNUCKLE),1kg,Sarawak,48.45,44.03,53.74,22,194
1373,DAGING LEMBU IMPORT (KNUCKLE),1kg,Selangor,54.99,36.99,58.9,5,15
1373,DAGING LEMBU IMPORT (KNUCKLE),1kg,W.P. Kuala Lumpur,55.94,51.97,59.92,2,15
1373,DAGING LEMBU IMPORT (KNUCKLE),1kg,W.P. Putrajaya,69.99,66.94,77.44,3,18
1375,DAGING KERBAU IMPORT (INDIA) * (SILVERSIDE),1kg,Johor,24.49,22.99,25.99,28,291
1375,DAGING KERBAU IMPORT (INDIA) * (SILVERSIDE),1kg,Kedah,24.54,24.3,24.94,6,61
1375,DAGING KERBAU IMPORT (INDIA) * (SILVERSIDE),1kg,Kelantan,24.9,24.44,25.35,2,14
1375,DAGING KERBAU IMPORT (INDIA) * (SILVERSIDE),1kg,Melaka,24.4,23.7,25.1,2,27
1375,DAGING KERBAU IMPORT (INDIA) * (SILVERSIDE),1kg,Negeri Sembilan,22.24,22.12,22.37,2,14
1375,DAGING KERBAU IMPORT (INDIA) * (SILVERSIDE),1kg,Pahang,23.49,22.99,23.99,9,113
1375,DAGING KERBAU IMPORT (INDIA) * (SILVERSIDE),1kg,Perak,24.79,23.64,24.84,24,274
1375,DAGING KERBAU IMPORT (INDIA) * (SILVERSIDE),1kg,Perlis,22.0,21.5,22.75,7,58
1375,DAGING KERBAU IMPORT (INDIA) * (SILVERSIDE),1kg,Pulau Pinang,24.0,22.0,25.0,5,54
1375,DAGING KERBAU IMPORT (INDIA) * (SILVERSIDE),1kg,Sabah,27.99,26.5,28.9,13,62
1375,DAGING KERBAU IMPORT (INDIA) * (SILVERSIDE),1kg,Sarawak,27.9,25.97,27.9,32,292
1375,DAGING KERBAU IMPORT (INDIA) * (SILVERSIDE),1kg,Selangor,24.0,22.96,24.79,28,258
1375,DAGING KERBAU IMPORT (INDIA) * (SILVERSIDE),1kg,Terengganu,21.99,20.8,23.49,13,112
1375,DAGING KERBAU IMPORT (INDIA) * (SILVERSIDE),1kg,W.P. Kuala Lumpur,23.69,21.99,24.05,24,280
1375,DAGING KERBAU IMPORT (INDIA) * (SILVERSIDE),1kg,W.P. Putrajaya,22.5,21.9,23.64,5,26
1376,DAGING KERBAU IMPORT (INDIA) * (RUMP),1kg,Johor,22.99,22.49,24.0,11,104
1376,DAGING KERBAU IMPORT (INDIA) * (RUMP),1kg,Kedah,24.24,23.37,25.12,2,5
1376,DAGING KERBAU IMPORT (INDIA) * (RUMP),1kg,Kelantan,22.49,22.25,22.74,2,24
1376,DAGING KERBAU IMPORT (INDIA) * (RUMP),1kg,Melaka,23.5,23.5,23.5,1,1
1376,DAGING KERBAU IMPORT (INDIA) * (RUMP),1kg,Negeri Sembilan,22.49,22.24,22.49,3,21
1376,DAGING KERBAU IMPORT (INDIA) * (RUMP),1kg,Pahang,22.99,22.6,24.34,8,93
1376,DAGING KERBAU IMPORT (INDIA) * (RUMP),1kg,Perak,24.4,22.6,24.79,14,156
1376,DAGING KERBAU IMPORT (INDIA) * (RUMP),1kg,Perlis,22.0,22.0,22.5,3,28
1376,DAGING KERBAU IMPORT (INDIA) * (RUMP),1kg,Pulau Pinang,23.6,22.4,24.8,2,28
1376,DAGING KERBAU IMPORT (INDIA) * (RUMP),1kg,Sabah,25.5,24.6,27.15,6,32
1376,DAGING KERBAU IMPORT (INDIA) * (RUMP),1kg,Sarawak,26.9,25.0,27.9,25,236
1376,DAGING KERBAU IMPORT (INDIA) * (RUMP),1kg,Selangor,22.89,22.49,24.79,13,102
1376,DAGING KERBAU IMPORT (INDIA) * (RUMP),1kg,Terengganu,22.25,22.12,22.38,2,17
1376,DAGING KERBAU IMPORT (INDIA) * (RUMP),1kg,W.P. Kuala Lumpur,22.24,21.02,23.69,10,138
1376,DAGING KERBAU IMPORT (INDIA) * (RUMP),1kg,W.P. Putrajaya,22.2,22.05,22.35,2,9
1377,DAGING KERBAU IMPORT (INDIA) * (BLADE),1kg,Johor,23.59,22.34,23.99,27,318
1377,DAGING KERBAU IMPORT (INDIA) * (BLADE),1kg,Kedah,25.0,25.0,25.99,9,85
1377,DAGING KERBAU IMPORT (INDIA) * (BLADE),1kg,Kelantan,22.99,22.5,23.49,2,15
1377,DAGING KERBAU IMPORT (INDIA) * (BLADE),1kg,Melaka,24.98,23.89,26.06,2,25
1377,DAGING KERBAU IMPORT (INDIA) * (BLADE),1kg,Negeri Sembilan,23.9,23.44,24.2,5,49
1377,DAGING KERBAU IMPORT (INDIA) * (BLADE),1kg,Pahang,22.99,22.22,24.5,8,107
1377,DAGING KERBAU IMPORT (INDIA) * (BLADE),1kg,Perak,23.99,22.99,24.2,31,348
1377,DAGING KERBAU IMPORT (INDIA) * (BLADE),1kg,Perlis,23.45,22.72,24.17,2,19
1377,DAGING KERBAU IMPORT (INDIA) * (BLADE),1kg,Pulau Pinang,23.44,22.39,24.42,4,22
1377,DAGING KERBAU IMPORT (INDIA) * (BLADE),1kg,Sabah,23.4,23.22,24.05,8,21
1377,DAGING KERBAU IMPORT (INDIA) * (BLADE),1kg,Sarawak,26.9,25.9,28.9,80,778
1377,DAGING KERBAU IMPORT (INDIA) * (BLADE),1kg,Selangor,23.99,21.87,24.2,23,248
1377,DAGING KERBAU IMPORT (INDIA) * (BLADE),1kg,Terengganu,22.0,21.99,23.99,21,147
1377,DAGING KERBAU IMPORT (INDIA) * (BLADE),1kg,W.P. Kuala Lumpur,22.77,20.99,23.9,20,208
1377,DAGING KERBAU IMPORT (INDIA) * (BLADE),1kg,W.P. Labuan,25.45,24.97,26.9,8,36
1377,DAGING KERBAU IMPORT (INDIA) * (BLADE),1kg,W.P. Putrajaya,24.05,23.25,24.88,4,37
1378,DAGING KERBAU IMPORT (INDIA) * (CHUCK),1kg,Johor,25.99,24.89,27.99,41,406
1378,DAGING KERBAU IMPORT (INDIA) * (CHUCK),1kg,Kedah,24.94,22.82,27.15,4,22
1378,DAGING KERBAU IMPORT (INDIA) * (CHUCK),1kg,Kelantan,24.99,24.99,24.99,1,9
1378,DAGING KERBAU IMPORT (INDIA) * (CHUCK),1kg,Melaka,27.58,27.54,27.61,2,9
1378,DAGING KERBAU IMPORT (INDIA) * (CHUCK),1kg,Negeri Sembilan,24.0,23.24,25.42,6,46
1378,DAGING KERBAU IMPORT (INDIA) * (CHUCK),1kg,Pahang,24.99,23.99,25.55,24,285
1378,DAGING KERBAU IMPORT (INDIA) * (CHUCK),1kg,Perak,25.99,24.1,27.65,13,149
1378,DAGING KERBAU IMPORT (INDIA) * (CHUCK),1kg,Perlis,22.9,22.9,22.9,1,2
1378,DAGING KERBAU IMPORT (INDIA) * (CHUCK),1kg,Pulau Pinang,23.5,21.99,23.7,5,44
1378,DAGING KERBAU IMPORT (INDIA) * (CHUCK),1kg,Sabah,28.9,27.4,28.99,14,37
1378,DAGING KERBAU IMPORT (INDIA) * (CHUCK),1kg,Sarawak,29.4,27.65,31.8,4,21
1378,DAGING KERBAU IMPORT (INDIA) * (CHUCK),1kg,Selangor,24.5,23.92,27.9,30,258
1378,DAGING KERBAU IMPORT (INDIA) * (CHUCK),1kg,Terengganu,24.99,24.99,26.32,3,4
1378,DAGING KERBAU IMPORT (INDIA) * (CHUCK),1kg,W.P. Kuala Lumpur,24.24,23.0,26.9,21,239
1378,DAGING KERBAU IMPORT (INDIA) * (CHUCK),1kg,W.P. Labuan,29.99,29.49,30.49,2,19
1378,DAGING KERBAU IMPORT (INDIA) * (CHUCK),1kg,W.P. Putrajaya,25.9,22.95,27.95,3,18
1379,DAGING BABI (PERUT / BELLY),1kg,Johor,44.0,42.0,48.9,17,153
1379,DAGING BABI (PERUT / BELLY),1kg,Melaka,42.0,41.0,42.0,5,42
1379,DAGING BABI (PERUT / BELLY),1kg,Pahang,35.5,35.25,37.75,3,22
1379,DAGING BABI (PERUT / BELLY),1kg,Perak,39.5,36.38,49.15,16,121
1379,DAGING BABI (PERUT / BELLY),1kg,Pulau Pinang,40.0,37.62,42.75,18,162
1379,DAGING BABI (PERUT / BELLY),1kg,Sabah,41.95,34.5,50.78,16,134
1379,DAGING BABI (PERUT / BELLY),1kg,Sarawak,31.2,27.25,37.42,30,336
1379,DAGING BABI (PERUT / BELLY),1kg,Selangor,39.0,38.0,40.0,6,21
1379,DAGING BABI (PERUT / BELLY),1kg,W.P. Kuala Lumpur,42.0,40.0,62.0,13,118
1379,DAGING BABI (PERUT / BELLY),1kg,W.P. Labuan,39.0,39.0,39.0,1,12
1379,DAGING BABI (PERUT / BELLY),1kg,W.P. Putrajaya,68.0,68.0,68.0,1,3
1380,DAGING BABI (DAGING & LEMAK / LEAN & FAT),1kg,Johor,32.0,30.45,36.5,15,134
1380,DAGING BABI (DAGING & LEMAK / LEAN & FAT),1kg,Melaka,30.0,29.0,32.0,5,42
1380,DAGING BABI (DAGING & LEMAK / LEAN & FAT),1kg,Pahang,34.0,29.0,34.75,3,30
1380,DAGING BABI (DAGING & LEMAK / LEAN & FAT),1kg,Perak,32.0,28.75,33.5,14,89
1380,DAGING BABI (DAGING & LEMAK / LEAN & FAT),1kg,Pulau Pinang,33.0,29.0,36.0,15,131
1380,DAGING BABI (DAGING & LEMAK / LEAN & FAT),1kg,Sabah,32.0,30.0,39.7,12,103
1380,DAGING BABI (DAGING & LEMAK / LEAN & FAT),1kg,Sarawak,31.9,28.0,34.4,15,96
1380,DAGING BABI (DAGING & LEMAK / LEAN & FAT),1kg,Selangor,29.0,25.75,31.5,6,21
1380,DAGING BABI (DAGING & LEMAK / LEAN & FAT),1kg,W.P. Kuala Lumpur,30.0,27.0,30.0,6,45
1380,DAGING BABI (DAGING & LEMAK / LEAN & FAT),1kg,W.P. Labuan,32.0,32.0,32.0,1,14
1380,DAGING BABI (DAGING & LEMAK / LEAN & FAT),1kg,W.P. Putrajaya,48.9,48.9,48.9,1,3
1391,UDANG PUTIH BESAR (BERAT ANTARA 41 EKOR HINGGA 60 EKOR SEKILOGRAM),1kg,Johor,42.0,40.5,45.0,11,43
1391,UDANG PUTIH BESAR (BERAT ANTARA 41 EKOR HINGGA 60 EKOR SEKILOGRAM),1kg,Kedah,45.0,44.0,45.0,7,28
1391,UDANG PUTIH BESAR (BERAT ANTARA 41 EKOR HINGGA 60 EKOR SEKILOGRAM),1kg,Melaka,39.8,38.6,39.9,3,4
1391,UDANG PUTIH BESAR (BERAT ANTARA 41 EKOR HINGGA 60 EKOR SEKILOGRAM),1kg,Negeri Sembilan,40.0,38.5,54.95,3,10
1391,UDANG PUTIH BESAR (BERAT ANTARA 41 EKOR HINGGA 60 EKOR SEKILOGRAM),1kg,Pahang,48.0,41.99,54.0,2,4
1391,UDANG PUTIH BESAR (BERAT ANTARA 41 EKOR HINGGA 60 EKOR SEKILOGRAM),1kg,Perak,39.95,36.0,41.88,30,119
1391,UDANG PUTIH BESAR (BERAT ANTARA 41 EKOR HINGGA 60 EKOR SEKILOGRAM),1kg,Perlis,44.5,44.25,44.75,2,2
1391,UDANG PUTIH BESAR (BERAT ANTARA 41 EKOR HINGGA 60 EKOR SEKILOGRAM),1kg,Pulau Pinang,50.0,46.49,54.5,18,76
1391,UDANG PUTIH BESAR (BERAT ANTARA 41 EKOR HINGGA 60 EKOR SEKILOGRAM),1kg,Sabah,29.95,25.0,32.72,12,27
1391,UDANG PUTIH BESAR (BERAT ANTARA 41 EKOR HINGGA 60 EKOR SEKILOGRAM),1kg,Sarawak,38.0,35.0,44.75,11,40
1391,UDANG PUTIH BESAR (BERAT ANTARA 41 EKOR HINGGA 60 EKOR SEKILOGRAM),1kg,Selangor,38.95,34.5,42.95,12,22
1391,UDANG PUTIH BESAR (BERAT ANTARA 41 EKOR HINGGA 60 EKOR SEKILOGRAM),1kg,W.P. Kuala Lumpur,45.0,39.4,50.0,11,41
1391,UDANG PUTIH BESAR (BERAT ANTARA 41 EKOR HINGGA 60 EKOR SEKILOGRAM),1kg,W.P. Putrajaya,45.8,37.4,50.8,3,10
1396,KUBIS BULAT IMPORT (INDONESIA),1kg,Johor,3.5,3.25,3.62,3,7
1396,KUBIS BULAT IMPORT (INDONESIA),1kg,Kedah,4.0,4.0,4.0,1,1
1396,KUBIS BULAT IMPORT (INDONESIA),1kg,Kelantan,0.53,0.53,0.53,1,1
1396,KUBIS BULAT IMPORT (INDONESIA),1kg,Negeri Sembilan,1.99,1.99,1.99,1,14
1396,KUBIS BULAT IMPORT (INDONESIA),1kg,Pahang,3.99,3.99,3.99,1,3
1396,KUBIS BULAT IMPORT (INDONESIA),1kg,Perak,3.25,3.12,3.38,2,18
1396,KUBIS BULAT IMPORT (INDONESIA),1kg,Pulau Pinang,4.5,4.0,5.75,4,35
1396,KUBIS BULAT IMPORT (INDONESIA),1kg,Sabah,3.5,3.5,3.5,1,1
1396,KUBIS BULAT IMPORT (INDONESIA),1kg,Sarawak,14.99,14.99,14.99,1,1
1396,KUBIS BULAT IMPORT (INDONESIA),1kg,W.P. Kuala Lumpur,3.5,3.5,3.5,1,1
1399,BAWANG PERAI (LEEK) TEMPATAN,1kg,Sabah,6.49,6.49,6.49,1,1
1400,BAWANG PERAI (LEEK) IMPORT,1kg,Pahang,13.0,12.49,16.0,7,28
1400,BAWANG PERAI (LEEK) IMPORT,1kg,Pulau Pinang,16.0,15.5,19.49,3,5
1400,BAWANG PERAI (LEEK) IMPORT,1kg,W.P. Kuala Lumpur,14.35,12.12,16.58,2,8
1412,KUBIS PANJANG CHINA - BESAR,1kg,Pahang,3.99,3.99,4.9,13,99
1412,KUBIS PANJANG CHINA - BESAR,1kg,Pulau Pinang,2.79,2.79,2.79,1,1
1412,KUBIS PANJANG CHINA - BESAR,1kg,W.P. Kuala Lumpur,5.35,4.53,6.18,2,13
1419,KACANG DAL BIASA (INDIA),1kg,W.P. Kuala Lumpur,13.9,9.9,13.9,3,4
1420,KACANG DAL MALAVI (INDIA),1kg,W.P. Kuala Lumpur,15.9,15.9,19.0,5,23
1422,KACANG DAL (AUSTRALIA),1kg,Johor,4.99,4.2,5.5,149,1778
1422,KACANG DAL (AUSTRALIA),1kg,Kedah,4.5,3.94,5.0,83,1055
1422,KACANG DAL (AUSTRALIA),1kg,Kelantan,5.0,4.8,5.5,101,1081
1422,KACANG DAL (AUSTRALIA),1kg,Melaka,4.65,3.9,5.0,48,595
1422,KACANG DAL (AUSTRALIA),1kg,Negeri Sembilan,4.9,4.15,5.0,52,648
1422,KACANG DAL (AUSTRALIA),1kg,Pahang,4.99,4.35,5.49,128,1546
1422,KACANG DAL (AUSTRALIA),1kg,Perak,4.5,4.35,5.0,172,2106
1422,KACANG DAL (AUSTRALIA),1kg,Perlis,4.5,3.8,5.42,30,351
1422,KACANG DAL (AUSTRALIA),1kg,Pulau Pinang,5.0,4.43,5.14,106,1280
1422,KACANG DAL (AUSTRALIA),1kg,Sabah,7.6,5.9,8.9,57,402
1422,KACANG DAL (AUSTRALIA),1kg,Sarawak,5.5,5.0,6.0,97,1064
1422,KACANG DAL (AUSTRALIA),1kg,Selangor,4.9,4.4,5.26,92,1069
1422,KACANG DAL (AUSTRALIA),1kg,Terengganu,5.0,4.53,6.0,78,938
1422,KACANG DAL (AUSTRALIA),1kg,W.P. Kuala Lumpur,5.8,4.7,8.0,105,1260
1422,KACANG DAL (AUSTRALIA),1kg,W.P. Labuan,6.22,5.78,6.68,8,75
1422,KACANG DAL (AUSTRALIA),1kg,W.P. Putrajaya,5.65,4.9,8.98,18,200
1431,DAGING LEMBU TEMPATAN (BAHAGIAN 1 DAGING PAHA (KECUALI BATANG PINANG - TENDERLOIN),1kg,Johor,39.0,38.0,42.0,11,117
1431,DAGING LEMBU TEMPATAN (BAHAGIAN 1 DAGING PAHA (KECUALI BATANG PINANG - TENDERLOIN),1kg,Kedah,35.0,30.0,35.5,15,166
1431,DAGING LEMBU TEMPATAN (BAHAGIAN 1 DAGING PAHA (KECUALI BATANG PINANG - TENDERLOIN),1kg,Kelantan,28.0,26.5,28.0,15,194
1431,DAGING LEMBU TEMPATAN (BAHAGIAN 1 DAGING PAHA (KECUALI BATANG PINANG - TENDERLOIN),1kg,Melaka,39.0,38.0,39.5,7,66
1431,DAGING LEMBU TEMPATAN (BAHAGIAN 1 DAGING PAHA (KECUALI BATANG PINANG - TENDERLOIN),1kg,Negeri Sembilan,37.5,36.0,39.75,6,61
1431,DAGING LEMBU TEMPATAN (BAHAGIAN 1 DAGING PAHA (KECUALI BATANG PINANG - TENDERLOIN),1kg,Pahang,38.0,35.5,38.25,8,57
1431,DAGING LEMBU TEMPATAN (BAHAGIAN 1 DAGING PAHA (KECUALI BATANG PINANG - TENDERLOIN),1kg,Perak,36.0,34.25,38.0,18,167
1431,DAGING LEMBU TEMPATAN (BAHAGIAN 1 DAGING PAHA (KECUALI BATANG PINANG - TENDERLOIN),1kg,Perlis,30.0,30.0,30.0,2,15
1431,DAGING LEMBU TEMPATAN (BAHAGIAN 1 DAGING PAHA (KECUALI BATANG PINANG - TENDERLOIN),1kg,Pulau Pinang,39.0,36.0,40.0,17,196
1431,DAGING LEMBU TEMPATAN (BAHAGIAN 1 DAGING PAHA (KECUALI BATANG PINANG - TENDERLOIN),1kg,Sabah,32.5,28.0,37.25,4,33
1431,DAGING LEMBU TEMPATAN (BAHAGIAN 1 DAGING PAHA (KECUALI BATANG PINANG - TENDERLOIN),1kg,Sarawak,68.95,68.43,69.47,2,8
1431,DAGING LEMBU TEMPATAN (BAHAGIAN 1 DAGING PAHA (KECUALI BATANG PINANG - TENDERLOIN),1kg,Selangor,38.0,35.0,39.0,13,111
1431,DAGING LEMBU TEMPATAN (BAHAGIAN 1 DAGING PAHA (KECUALI BATANG PINANG - TENDERLOIN),1kg,Terengganu,30.0,27.75,30.5,8,71
1431,DAGING LEMBU TEMPATAN (BAHAGIAN 1 DAGING PAHA (KECUALI BATANG PINANG - TENDERLOIN),1kg,W.P. Kuala Lumpur,45.0,45.0,45.0,1,1
1431,DAGING LEMBU TEMPATAN (BAHAGIAN 1 DAGING PAHA (KECUALI BATANG PINANG - TENDERLOIN),1kg,W.P. Putrajaya,45.0,41.0,47.9,5,28
1432,DAGING LEMBU TEMPATAN (BAHAGIAN 2 DAGING PEJAL (KECUALI BATANG PINANG - TENDERLOIN),1kg,Johor,38.0,35.0,39.75,14,109
1432,DAGING LEMBU TEMPATAN (BAHAGIAN 2 DAGING PEJAL (KECUALI BATANG PINANG - TENDERLOIN),1kg,Kedah,33.5,30.0,35.0,14,154
1432,DAGING LEMBU TEMPATAN (BAHAGIAN 2 DAGING PEJAL (KECUALI BATANG PINANG - TENDERLOIN),1kg,Kelantan,27.0,25.5,28.0,15,191
1432,DAGING LEMBU TEMPATAN (BAHAGIAN 2 DAGING PEJAL (KECUALI BATANG PINANG - TENDERLOIN),1kg,Melaka,37.0,35.5,38.0,4,29
1432,DAGING LEMBU TEMPATAN (BAHAGIAN 2 DAGING PEJAL (KECUALI BATANG PINANG - TENDERLOIN),1kg,Negeri Sembilan,36.0,34.98,39.25,8,59
1432,DAGING LEMBU TEMPATAN (BAHAGIAN 2 DAGING PEJAL (KECUALI BATANG PINANG - TENDERLOIN),1kg,Pahang,38.0,35.0,38.5,7,53
1432,DAGING LEMBU TEMPATAN (BAHAGIAN 2 DAGING PEJAL (KECUALI BATANG PINANG - TENDERLOIN),1kg,Perak,36.0,34.0,38.0,17,164
1432,DAGING LEMBU TEMPATAN (BAHAGIAN 2 DAGING PEJAL (KECUALI BATANG PINANG - TENDERLOIN),1kg,Perlis,30.0,30.0,30.0,2,15
1432,DAGING LEMBU TEMPATAN (BAHAGIAN 2 DAGING PEJAL (KECUALI BATANG PINANG - TENDERLOIN),1kg,Pulau Pinang,38.0,35.5,40.0,15,163
1432,DAGING LEMBU TEMPATAN (BAHAGIAN 2 DAGING PEJAL (KECUALI BATANG PINANG - TENDERLOIN),1kg,Sabah,31.0,25.0,37.25,4,33
1432,DAGING LEMBU TEMPATAN (BAHAGIAN 2 DAGING PEJAL (KECUALI BATANG PINANG - TENDERLOIN),1kg,Selangor,38.25,35.75,42.5,16,109
1432,DAGING LEMBU TEMPATAN (BAHAGIAN 2 DAGING PEJAL (KECUALI BATANG PINANG - TENDERLOIN),1kg,Terengganu,30.0,27.75,30.5,8,70
1432,DAGING LEMBU TEMPATAN (BAHAGIAN 2 DAGING PEJAL (KECUALI BATANG PINANG - TENDERLOIN),1kg,W.P. Kuala Lumpur,40.0,34.9,40.5,8,63
1432,DAGING LEMBU TEMPATAN (BAHAGIAN 2 DAGING PEJAL (KECUALI BATANG PINANG - TENDERLOIN),1kg,W.P. Putrajaya,43.45,39.5,46.58,6,33
1436,IKAN KERISI (ANTARA 5 HINGGA 10 EKOR SEKILOGRAM),1kg,Johor,16.0,14.9,18.0,156,7124
1436,IKAN KERISI (ANTARA 5 HINGGA 10 EKOR SEKILOGRAM),1kg,Kedah,14.9,12.9,16.0,59,3003
1436,IKAN KERISI (ANTARA 5 HINGGA 10 EKOR SEKILOGRAM),1kg,Kelantan,16.0,14.94,16.9,79,4592
1436,IKAN KERISI (ANTARA 5 HINGGA 10 EKOR SEKILOGRAM),1kg,Melaka,16.9,14.9,19.9,37,1679
1436,IKAN KERISI (ANTARA 5 HINGGA 10 EKOR SEKILOGRAM),1kg,Negeri Sembilan,16.99,15.67,19.0,42,2069
1436,IKAN KERISI (ANTARA 5 HINGGA 10 EKOR SEKILOGRAM),1kg,Pahang,16.99,14.92,18.0,98,5087
1436,IKAN KERISI (ANTARA 5 HINGGA 10 EKOR SEKILOGRAM),1kg,Perak,15.9,13.99,16.9,109,6297
1436,IKAN KERISI (ANTARA 5 HINGGA 10 EKOR SEKILOGRAM),1kg,Perlis,13.45,12.9,14.0,14,467
1436,IKAN KERISI (ANTARA 5 HINGGA 10 EKOR SEKILOGRAM),1kg,Pulau Pinang,16.0,14.0,17.99,89,3493
1436,IKAN KERISI (ANTARA 5 HINGGA 10 EKOR SEKILOGRAM),1kg,Sabah,11.9,10.0,13.74,75,3164
1436,IKAN KERISI (ANTARA 5 HINGGA 10 EKOR SEKILOGRAM),1kg,Sarawak,11.0,9.8,14.0,102,3837
1436,IKAN KERISI (ANTARA 5 HINGGA 10 EKOR SEKILOGRAM),1kg,Selangor,16.9,14.9,18.99,95,5733
1436,IKAN KERISI (ANTARA 5 HINGGA 10 EKOR SEKILOGRAM),1kg,Terengganu,14.0,11.99,14.9,30,749
1436,IKAN KERISI (ANTARA 5 HINGGA 10 EKOR SEKILOGRAM),1kg,W.P. Kuala Lumpur,18.99,15.0,22.59,136,8497
1436,IKAN KERISI (ANTARA 5 HINGGA 10 EKOR SEKILOGRAM),1kg,W.P. Labuan,12.0,9.9,13.74,11,458
1436,IKAN KERISI (ANTARA 5 HINGGA 10 EKOR SEKILOGRAM),1kg,W.P. Putrajaya,18.5,16.99,22.9,21,1135
1437,IKAN SIAKAP (ANTARA 2 HINGGA 4 EKOR SEKILOGRAM),1kg,Johor,20.0,18.92,22.0,102,1118
1437,IKAN SIAKAP (ANTARA 2 HINGGA 4 EKOR SEKILOGRAM),1kg,Kedah,19.9,17.99,22.0,47,574
1437,IKAN SIAKAP (ANTARA 2 HINGGA 4 EKOR SEKILOGRAM),1kg,Kelantan,19.55,16.31,21.99,68,696
1437,IKAN SIAKAP (ANTARA 2 HINGGA 4 EKOR SEKILOGRAM),1kg,Melaka,18.99,17.9,20.0,25,249
1437,IKAN SIAKAP (ANTARA 2 HINGGA 4 EKOR SEKILOGRAM),1kg,Negeri Sembilan,19.0,17.0,22.0,29,324
1437,IKAN SIAKAP (ANTARA 2 HINGGA 4 EKOR SEKILOGRAM),1kg,Pahang,19.99,18.99,22.0,78,909
1437,IKAN SIAKAP (ANTARA 2 HINGGA 4 EKOR SEKILOGRAM),1kg,Perak,18.0,17.9,20.0,75,761
1437,IKAN SIAKAP (ANTARA 2 HINGGA 4 EKOR SEKILOGRAM),1kg,Perlis,19.5,17.9,19.75,15,155
1437,IKAN SIAKAP (ANTARA 2 HINGGA 4 EKOR SEKILOGRAM),1kg,Pulau Pinang,20.0,19.9,22.0,66,692
1437,IKAN SIAKAP (ANTARA 2 HINGGA 4 EKOR SEKILOGRAM),1kg,Sabah,19.9,16.4,24.94,23,74
1437,IKAN SIAKAP (ANTARA 2 HINGGA 4 EKOR SEKILOGRAM),1kg,Sarawak,22.89,20.9,24.0,80,630
1437,IKAN SIAKAP (ANTARA 2 HINGGA 4 EKOR SEKILOGRAM),1kg,Selangor,20.0,19.0,21.92,56,529
1437,IKAN SIAKAP (ANTARA 2 HINGGA 4 EKOR SEKILOGRAM),1kg,Terengganu,22.0,20.0,24.0,45,493
1437,IKAN SIAKAP (ANTARA 2 HINGGA 4 EKOR SEKILOGRAM),1kg,W.P. Kuala Lumpur,22.9,19.9,24.9,69,673
1437,IKAN SIAKAP (ANTARA 2 HINGGA 4 EKOR SEKILOGRAM),1kg,W.P. Labuan,22.5,22.5,22.5,1,3
1437,IKAN SIAKAP (ANTARA 2 HINGGA 4 EKOR SEKILOGRAM),1kg,W.P. Putrajaya,20.94,19.05,23.05,14,126
1438,IKAN TENGGIRI BATANG (KEPINGAN),1kg,Johor,45.0,39.97,51.22,72,445
1438,IKAN TENGGIRI BATANG (KEPINGAN),1kg,Kedah,41.0,39.99,46.5,31,234
1438,IKAN TENGGIRI BATANG (KEPINGAN),1kg,Kelantan,38.0,36.0,40.0,50,407
1438,IKAN TENGGIRI BATANG (KEPINGAN),1kg,Melaka,41.44,35.72,49.94,12,110
1438,IKAN TENGGIRI BATANG (KEPINGAN),1kg,Negeri Sembilan,44.18,40.25,49.9,26,180
1438,IKAN TENGGIRI BATANG (KEPINGAN),1kg,Pahang,44.99,40.0,49.4,75,646
1438,IKAN TENGGIRI BATANG (KEPINGAN),1kg,Perak,44.94,42.0,49.99,68,461
1438,IKAN TENGGIRI BATANG (KEPINGAN),1kg,Perlis,47.5,47.5,47.5,1,2
1438,IKAN TENGGIRI BATANG (KEPINGAN),1kg,Pulau Pinang,49.0,40.94,53.44,43,308
1438,IKAN TENGGIRI BATANG (KEPINGAN),1kg,Sabah,27.95,25.0,35.0,30,108
1438,IKAN TENGGIRI BATANG (KEPINGAN),1kg,Sarawak,36.2,30.5,39.74,34,137
1438,IKAN TENGGIRI BATANG (KEPINGAN),1kg,Selangor,45.0,42.8,50.9,81,665
1438,IKAN TENGGIRI BATANG (KEPINGAN),1kg,Terengganu,40.0,38.0,43.9,33,228
1438,IKAN TENGGIRI BATANG (KEPINGAN),1kg,W.P. Kuala Lumpur,51.4,47.5,65.9,105,1065
1438,IKAN TENGGIRI BATANG (KEPINGAN),1kg,W.P. Labuan,25.0,25.0,25.0,2,16
1438,IKAN TENGGIRI BATANG (KEPINGAN),1kg,W.P. Putrajaya,49.99,44.95,55.5,19,183
1440,BAWANG BESAR IMPORT (INDIA),1kg,Johor,2.99,2.49,4.0,194,9529
1440,BAWANG BESAR IMPORT (INDIA),1kg,Kedah,3.0,2.4,4.0,101,5225
1440,BAWANG BESAR IMPORT (INDIA),1kg,Kelantan,2.99,2.5,4.0,99,5159
1440,BAWANG BESAR IMPORT (INDIA),1kg,Melaka,3.2,2.65,4.0,51,2105
1440,BAWANG BESAR IMPORT (INDIA),1kg,Negeri Sembilan,3.5,2.5,3.9,61,2917
1440,BAWANG BESAR IMPORT (INDIA),1kg,Pahang,3.5,2.7,4.0,140,6399
1440,BAWANG BESAR IMPORT (INDIA),1kg,Perak,2.99,2.39,3.9,173,8944
1440,BAWANG BESAR IMPORT (INDIA),1kg,Perlis,2.99,2.49,4.5,23,1214
1440,BAWANG BESAR IMPORT (INDIA),1kg,Pulau Pinang,3.0,2.7,4.0,137,6861
1440,BAWANG BESAR IMPORT (INDIA),1kg,Sabah,4.5,3.9,5.85,142,4949
1440,BAWANG BESAR IMPORT (INDIA),1kg,Sarawak,3.54,2.9,4.9,132,4741
1440,BAWANG BESAR IMPORT (INDIA),1kg,Selangor,3.0,2.39,4.0,119,7064
1440,BAWANG BESAR IMPORT (INDIA),1kg,Terengganu,3.5,2.5,4.0,112,5079
1440,BAWANG BESAR IMPORT (INDIA),1kg,W.P. Kuala Lumpur,3.19,2.6,4.0,162,10638
1440,BAWANG BESAR IMPORT (INDIA),1kg,W.P. Labuan,3.99,3.9,4.5,15,741
1440,BAWANG BESAR IMPORT (INDIA),1kg,W.P. Putrajaya,3.54,2.88,4.5,28,1393
1441,BAWANG BESAR IMPORT (CHINA),1kg,Johor,2.5,1.92,2.99,34,771
1441,BAWANG BESAR IMPORT (CHINA),1kg,Kedah,2.29,2.1,3.5,15,173
1441,BAWANG BESAR IMPORT (CHINA),1kg,Kelantan,2.99,2.19,3.97,10,284
1441,BAWANG BESAR IMPORT (CHINA),1kg,Melaka,2.9,1.99,3.8,13,247
1441,BAWANG BESAR IMPORT (CHINA),1kg,Negeri Sembilan,2.49,2.2,3.5,17,281
1441,BAWANG BESAR IMPORT (CHINA),1kg,Pahang,2.2,2.2,2.99,41,704
1441,BAWANG BESAR IMPORT (CHINA),1kg,Perak,2.24,2.14,3.0,24,119
1441,BAWANG BESAR IMPORT (CHINA),1kg,Perlis,2.5,2.49,3.0,5,38
1441,BAWANG BESAR IMPORT (CHINA),1kg,Pulau Pinang,2.29,2.19,2.3,12,89
1441,BAWANG BESAR IMPORT (CHINA),1kg,Sabah,3.7,2.8,4.5,20,166
1441,BAWANG BESAR IMPORT (CHINA),1kg,Sarawak,3.49,2.9,4.15,106,3895
1441,BAWANG BESAR IMPORT (CHINA),1kg,Selangor,2.3,2.0,3.07,16,268
1441,BAWANG BESAR IMPORT (CHINA),1kg,Terengganu,2.69,2.27,2.99,4,110
1441,BAWANG BESAR IMPORT (CHINA),1kg,W.P. Kuala Lumpur,2.39,2.24,2.75,27,1019
1441,BAWANG BESAR IMPORT (CHINA),1kg,W.P. Putrajaya,3.44,2.97,3.82,4,13
1442,BAWANG KECIL MERAH BIASA IMPORT (INDIA),1kg,Johor,2.99,1.99,4.99,91,5148
1442,BAWANG KECIL MERAH BIASA IMPORT (INDIA),1kg,Kedah,3.5,2.19,5.0,78,4105
1442,BAWANG KECIL MERAH BIASA IMPORT (INDIA),1kg,Kelantan,3.0,2.19,4.0,149,6762
1442,BAWANG KECIL MERAH BIASA IMPORT (INDIA),1kg,Melaka,4.0,2.9,5.0,45,1657
1442,BAWANG KECIL MERAH BIASA IMPORT (INDIA),1kg,Negeri Sembilan,3.85,2.49,5.0,36,2004
1442,BAWANG KECIL MERAH BIASA IMPORT (INDIA),1kg,Pahang,3.99,2.5,4.99,96,4832
1442,BAWANG KECIL MERAH BIASA IMPORT (INDIA),1kg,Perak,3.8,1.99,4.5,107,6473
1442,BAWANG KECIL MERAH BIASA IMPORT (INDIA),1kg,Perlis,4.5,2.4,5.0,25,1013
1442,BAWANG KECIL MERAH BIASA IMPORT (INDIA),1kg,Pulau Pinang,4.5,1.99,6.0,69,3190
1442,BAWANG KECIL MERAH BIASA IMPORT (INDIA),1kg,Sabah,4.5,3.4,6.0,45,844
1442,BAWANG KECIL MERAH BIASA IMPORT (INDIA),1kg,Sarawak,4.49,3.55,6.5,59,1483
1442,BAWANG KECIL MERAH BIASA IMPORT (INDIA),1kg,Selangor,3.74,2.27,4.12,84,5115
1442,BAWANG KECIL MERAH BIASA IMPORT (INDIA),1kg,Terengganu,3.5,2.5,4.0,117,5113
1442,BAWANG KECIL MERAH BIASA IMPORT (INDIA),1kg,W.P. Kuala Lumpur,3.65,2.5,4.99,116,8068
1442,BAWANG KECIL MERAH BIASA IMPORT (INDIA),1kg,W.P. Labuan,4.5,3.9,5.0,3,4
1442,BAWANG KECIL MERAH BIASA IMPORT (INDIA),1kg,W.P. Putrajaya,3.85,2.46,3.99,18,1041
1443,BAWANG KECIL MERAH IMPORT (CHINA),1kg,Johor,4.99,3.8,6.9,9,106
1443,BAWANG KECIL MERAH IMPORT (CHINA),1kg,Kedah,2.24,2.22,2.52,3,13
1443,BAWANG KECIL MERAH IMPORT (CHINA),1kg,Kelantan,4.0,2.85,5.0,10,69
1443,BAWANG KECIL MERAH IMPORT (CHINA),1kg,Melaka,2.44,1.99,3.42,4,9
1443,BAWANG KECIL MERAH IMPORT (CHINA),1kg,Negeri Sembilan,4.95,3.4,6.25,4,157
1443,BAWANG KECIL MERAH IMPORT (CHINA),1kg,Pahang,2.45,1.72,2.87,6,109
1443,BAWANG KECIL MERAH IMPORT (CHINA),1kg,Perak,5.0,4.94,6.75,7,104
1443,BAWANG KECIL MERAH IMPORT (CHINA),1kg,Perlis,3.9,2.7,5.25,4,14
1443,BAWANG KECIL MERAH IMPORT (CHINA),1kg,Sabah,1.99,1.99,1.99,1,4
1443,BAWANG KECIL MERAH IMPORT (CHINA),1kg,Sarawak,5.0,4.75,5.7,7,103
1443,BAWANG KECIL MERAH IMPORT (CHINA),1kg,Selangor,4.5,3.6,5.5,15,129
1443,BAWANG KECIL MERAH IMPORT (CHINA),1kg,W.P. Kuala Lumpur,2.5,2.5,4.25,3,12
1443,BAWANG KECIL MERAH IMPORT (CHINA),1kg,W.P. Putrajaya,2.45,2.22,2.92,3,10
1444,BAWANG KECIL MERAH IMPORT (MYANMAR),1kg,Johor,9.9,5.94,10.95,3,5
1444,BAWANG KECIL MERAH IMPORT (MYANMAR),1kg,Melaka,4.9,4.9,4.9,1,33
1444,BAWANG KECIL MERAH IMPORT (MYANMAR),1kg,Pahang,4.5,4.5,4.5,1,1
1444,BAWANG KECIL MERAH IMPORT (MYANMAR),1kg,Pulau Pinang,10.95,8.25,13.42,4,96
1444,BAWANG KECIL MERAH IMPORT (MYANMAR),1kg,Sabah,6.45,5.18,7.72,2,2
1444,BAWANG KECIL MERAH IMPORT (MYANMAR),1kg,Sarawak,35.0,35.0,35.0,1,1
1444,BAWANG KECIL MERAH IMPORT (MYANMAR),1kg,Selangor,2.9,2.64,5.45,3,124
1444,BAWANG KECIL MERAH IMPORT (MYANMAR),1kg,W.P. Kuala Lumpur,3.95,2.9,5.5,4,202
1445,BERAS CAP FAIZA EMAS (SST5%),10 kg,Johor,26.0,25.99,26.0,20,78
1445,BERAS CAP FAIZA EMAS (SST5%),10 kg,Kedah,25.99,25.99,26.0,14,90
1445,BERAS CAP FAIZA EMAS (SST5%),10 kg,Negeri Sembilan,26.0,26.0,26.0,1,7
1445,BERAS CAP FAIZA EMAS (SST5%),10 kg,Pahang,26.0,26.0,26.0,5,13
1445,BERAS CAP FAIZA EMAS (SST5%),10 kg,Perak,26.0,26.0,26.0,1,1
1445,BERAS CAP FAIZA EMAS (SST5%),10 kg,Perlis,25.99,25.99,26.0,5,18
1445,BERAS CAP FAIZA EMAS (SST5%),10 kg,Pulau Pinang,25.98,25.97,25.99,4,19
1445,BERAS CAP FAIZA EMAS (SST5%),10 kg,Selangor,6.5,6.5,6.5,1,4
1445,BERAS CAP FAIZA EMAS (SST5%),10 kg,Terengganu,25.99,25.99,25.99,1,3
1445,BERAS CAP FAIZA EMAS (SST5%),10 kg,W.P. Putrajaya,36.0,33.0,37.3,5,6
1458,KUBIS BULAT IMPORT (BEIJING),1kg,Johor,4.49,3.64,5.12,184,10020
1458,KUBIS BULAT IMPORT (BEIJING),1kg,Kedah,4.5,3.69,5.0,75,4728
1458,KUBIS BULAT IMPORT (BEIJING),1kg,Kelantan,4.5,3.57,5.0,116,6975
1458,KUBIS BULAT IMPORT (BEIJING),1kg,Melaka,4.2,3.59,5.5,41,1984
1458,KUBIS BULAT IMPORT (BEIJING),1kg,Negeri Sembilan,4.94,3.87,6.0,48,2811
1458,KUBIS BULAT IMPORT (BEIJING),1kg,Pahang,4.49,3.9,5.25,109,6506
1458,KUBIS BULAT IMPORT (BEIJING),1kg,Perak,4.2,3.99,5.0,113,7156
1458,KUBIS BULAT IMPORT (BEIJING),1kg,Perlis,4.7,3.9,5.25,24,1475
1458,KUBIS BULAT IMPORT (BEIJING),1kg,Pulau Pinang,4.99,3.9,5.99,101,6271
1458,KUBIS BULAT IMPORT (BEIJING),1kg,Sabah,6.9,5.85,7.85,31,361
1458,KUBIS BULAT IMPORT (BEIJING),1kg,Sarawak,4.9,4.0,5.99,185,10053
1458,KUBIS BULAT IMPORT (BEIJING),1kg,Selangor,4.99,3.53,5.0,96,6541
1458,KUBIS BULAT IMPORT (BEIJING),1kg,Terengganu,4.5,3.9,6.0,85,5005
1458,KUBIS BULAT IMPORT (BEIJING),1kg,W.P. Kuala Lumpur,4.55,3.9,5.4,144,9912
1458,KUBIS BULAT IMPORT (BEIJING),1kg,W.P. Labuan,8.4,7.9,8.9,4,82
1458,KUBIS BULAT IMPORT (BEIJING),1kg,W.P. Putrajaya,4.5,3.6,5.38,22,1189
1475,IKAN BAWAL PUTIH (ANTARA 2 HINGGA 5 EKOR SEKILOGRAM),1kg,Johor,40.5,36.74,47.9,48,708
1475,IKAN BAWAL PUTIH (ANTARA 2 HINGGA 5 EKOR SEKILOGRAM),1kg,Kedah,38.4,35.0,45.0,25,489
1475,IKAN BAWAL PUTIH (ANTARA 2 HINGGA 5 EKOR SEKILOGRAM),1kg,Kelantan,37.9,35.7,45.8,7,28
1475,IKAN BAWAL PUTIH (ANTARA 2 HINGGA 5 EKOR SEKILOGRAM),1kg,Melaka,34.44,32.47,39.85,12,59
1475,IKAN BAWAL PUTIH (ANTARA 2 HINGGA 5 EKOR SEKILOGRAM),1kg,Negeri Sembilan,39.9,36.5,45.4,7,126
1475,IKAN BAWAL PUTIH (ANTARA 2 HINGGA 5 EKOR SEKILOGRAM),1kg,Pahang,38.99,36.7,39.74,15,231
1475,IKAN BAWAL PUTIH (ANTARA 2 HINGGA 5 EKOR SEKILOGRAM),1kg,Perak,45.0,40.0,49.5,30,610
1475,IKAN BAWAL PUTIH (ANTARA 2 HINGGA 5 EKOR SEKILOGRAM),1kg,Perlis,34.0,34.0,44.5,3,9
1475,IKAN BAWAL PUTIH (ANTARA 2 HINGGA 5 EKOR SEKILOGRAM),1kg,Pulau Pinang,47.9,45.0,50.0,47,1333
1475,IKAN BAWAL PUTIH (ANTARA 2 HINGGA 5 EKOR SEKILOGRAM),1kg,Sabah,22.0,19.44,30.75,15,94
1475,IKAN BAWAL PUTIH (ANTARA 2 HINGGA 5 EKOR SEKILOGRAM),1kg,Sarawak,35.94,30.48,39.65,54,1205
1475,IKAN BAWAL PUTIH (ANTARA 2 HINGGA 5 EKOR SEKILOGRAM),1kg,Selangor,40.0,36.0,44.5,25,955
1475,IKAN BAWAL PUTIH (ANTARA 2 HINGGA 5 EKOR SEKILOGRAM),1kg,Terengganu,46.8,46.8,46.8,1,10
1475,IKAN BAWAL PUTIH (ANTARA 2 HINGGA 5 EKOR SEKILOGRAM),1kg,W.P. Kuala Lumpur,55.9,46.9,75.9,55,2795
1475,IKAN BAWAL PUTIH (ANTARA 2 HINGGA 5 EKOR SEKILOGRAM),1kg,W.P. Putrajaya,42.9,36.5,45.0,5,48
1476,IKAN KEMBUNG (ANTARA 8 HINGGA 12 EKOR SEKILOGRAM),1kg,Johor,18.99,16.0,20.99,127,3080
1476,IKAN KEMBUNG (ANTARA 8 HINGGA 12 EKOR SEKILOGRAM),1kg,Kedah,14.0,11.99,16.0,55,2280
1476,IKAN KEMBUNG (ANTARA 8 HINGGA 12 EKOR SEKILOGRAM),1kg,Kelantan,16.99,15.99,18.0,77,4015
1476,IKAN KEMBUNG (ANTARA 8 HINGGA 12 EKOR SEKILOGRAM),1kg,Melaka,17.95,16.15,19.24,20,357
1476,IKAN KEMBUNG (ANTARA 8 HINGGA 12 EKOR SEKILOGRAM),1kg,Negeri Sembilan,20.0,17.98,22.0,24,410
1476,IKAN KEMBUNG (ANTARA 8 HINGGA 12 EKOR SEKILOGRAM),1kg,Pahang,19.99,18.0,20.99,86,3692
1476,IKAN KEMBUNG (ANTARA 8 HINGGA 12 EKOR SEKILOGRAM),1kg,Perak,14.9,12.92,16.0,90,3777
1476,IKAN KEMBUNG (ANTARA 8 HINGGA 12 EKOR SEKILOGRAM),1kg,Perlis,15.5,15.0,16.75,3,7
1476,IKAN KEMBUNG (ANTARA 8 HINGGA 12 EKOR SEKILOGRAM),1kg,Pulau Pinang,15.5,13.9,17.0,89,2393
1476,IKAN KEMBUNG (ANTARA 8 HINGGA 12 EKOR SEKILOGRAM),1kg,Sabah,10.5,9.73,13.0,52,877
1476,IKAN KEMBUNG (ANTARA 8 HINGGA 12 EKOR SEKILOGRAM),1kg,Sarawak,11.0,9.9,15.0,189,7104
1476,IKAN KEMBUNG (ANTARA 8 HINGGA 12 EKOR SEKILOGRAM),1kg,Selangor,18.9,17.1,20.97,70,1623
1476,IKAN KEMBUNG (ANTARA 8 HINGGA 12 EKOR SEKILOGRAM),1kg,Terengganu,18.0,16.92,20.0,58,1838
1476,IKAN KEMBUNG (ANTARA 8 HINGGA 12 EKOR SEKILOGRAM),1kg,W.P. Kuala Lumpur,19.94,16.92,22.0,98,3228
1476,IKAN KEMBUNG (ANTARA 8 HINGGA 12 EKOR SEKILOGRAM),1kg,W.P. Labuan,12.9,12.9,14.94,11,583
1476,IKAN KEMBUNG (ANTARA 8 HINGGA 12 EKOR SEKILOGRAM),1kg,W.P. Putrajaya,20.6,17.17,24.17,18,490
1477,IKAN MABUNG (ANTARA 6 HINGGA 10 EKOR SEKILOGRAM),1kg,Johor,18.0,15.99,20.5,73,2747
1477,IKAN MABUNG (ANTARA 6 HINGGA 10 EKOR SEKILOGRAM),1kg,Kedah,16.99,15.0,18.0,48,1638
1477,IKAN MABUNG (ANTARA 6 HINGGA 10 EKOR SEKILOGRAM),1kg,Kelantan,15.99,14.98,17.73,14,749
1477,IKAN MABUNG (ANTARA 6 HINGGA 10 EKOR SEKILOGRAM),1kg,Melaka,18.52,17.52,20.0,34,1293
1477,IKAN MABUNG (ANTARA 6 HINGGA 10 EKOR SEKILOGRAM),1kg,Negeri Sembilan,18.45,16.99,21.9,42,1780
1477,IKAN MABUNG (ANTARA 6 HINGGA 10 EKOR SEKILOGRAM),1kg,Pahang,17.99,16.99,19.9,21,1119
1477,IKAN MABUNG (ANTARA 6 HINGGA 10 EKOR SEKILOGRAM),1kg,Perak,17.0,15.0,18.9,113,6219
1477,IKAN MABUNG (ANTARA 6 HINGGA 10 EKOR SEKILOGRAM),1kg,Perlis,14.62,13.99,16.42,6,76
1477,IKAN MABUNG (ANTARA 6 HINGGA 10 EKOR SEKILOGRAM),1kg,Pulau Pinang,18.0,16.99,20.0,94,3216
1477,IKAN MABUNG (ANTARA 6 HINGGA 10 EKOR SEKILOGRAM),1kg,Sabah,11.9,9.96,13.0,47,1332
1477,IKAN MABUNG (ANTARA 6 HINGGA 10 EKOR SEKILOGRAM),1kg,Sarawak,15.0,12.75,17.5,3,32
1477,IKAN MABUNG (ANTARA 6 HINGGA 10 EKOR SEKILOGRAM),1kg,Selangor,20.0,18.0,21.99,88,4553
1477,IKAN MABUNG (ANTARA 6 HINGGA 10 EKOR SEKILOGRAM),1kg,Terengganu,19.85,15.6,21.9,8,460
1477,IKAN MABUNG (ANTARA 6 HINGGA 10 EKOR SEKILOGRAM),1kg,W.P. Kuala Lumpur,22.99,19.99,26.25,110,6540
1477,IKAN MABUNG (ANTARA 6 HINGGA 10 EKOR SEKILOGRAM),1kg,W.P. Putrajaya,22.5,20.67,23.85,16,768
1479,BROKOLI,1kg,Johor,11.0,9.8,12.9,121,1388
1479,BROKOLI,1kg,Kedah,10.25,9.89,12.0,56,654
1479,BROKOLI,1kg,Kelantan,10.6,8.99,13.0,80,784
1479,BROKOLI,1kg,Melaka,12.0,9.19,12.88,30,315
1479,BROKOLI,1kg,Negeri Sembilan,10.95,9.67,12.0,32,349
1479,BROKOLI,1kg,Pahang,9.99,8.99,12.0,89,1039
1479,BROKOLI,1kg,Perak,10.0,9.5,12.0,72,811
1479,BROKOLI,1kg,Perlis,12.5,9.18,15.38,18,187
1479,BROKOLI,1kg,Pulau Pinang,11.0,9.9,12.0,86,1076
1479,BROKOLI,1kg,Sabah,15.0,12.2,16.5,115,638
1479,BROKOLI,1kg,Sarawak,13.9,12.5,15.5,148,1289
1479,BROKOLI,1kg,Selangor,12.0,9.0,13.0,45,501
1479,BROKOLI,1kg,Terengganu,12.0,8.99,13.7,67,764
1479,BROKOLI,1kg,W.P. Kuala Lumpur,10.4,9.0,13.0,49,487
1479,BROKOLI,1kg,W.P. Labuan,15.9,14.8,17.9,13,76
1479,BROKOLI,1kg,W.P. Putrajaya,11.08,9.9,13.0,16,123
1481,KUBIS BUNGA (CAULIFLOWER),1kg,Johor,8.0,6.49,9.0,201,10168
1481,KUBIS BUNGA (CAULIFLOWER),1kg,Kedah,7.99,6.9,9.0,89,5034
1481,KUBIS BUNGA (CAULIFLOWER),1kg,Kelantan,7.0,5.99,8.5,122,7082
1481,KUBIS BUNGA (CAULIFLOWER),1kg,Melaka,7.8,6.52,9.88,46,2060
1481,KUBIS BUNGA (CAULIFLOWER),1kg,Negeri Sembilan,7.9,6.9,9.0,56,3029
1481,KUBIS BUNGA (CAULIFLOWER),1kg,Pahang,8.0,6.49,10.0,151,7093
1481,KUBIS BUNGA (CAULIFLOWER),1kg,Perak,8.0,6.5,9.0,158,8589
1481,KUBIS BUNGA (CAULIFLOWER),1kg,Perlis,8.44,7.0,12.0,26,1326
1481,KUBIS BUNGA (CAULIFLOWER),1kg,Pulau Pinang,8.0,6.7,10.0,123,6578
1481,KUBIS BUNGA (CAULIFLOWER),1kg,Sabah,9.9,8.9,12.0,142,5242
1481,KUBIS BUNGA (CAULIFLOWER),1kg,Sarawak,9.5,8.7,11.0,173,9296
1481,KUBIS BUNGA (CAULIFLOWER),1kg,Selangor,7.99,6.49,9.0,118,7135
1481,KUBIS BUNGA (CAULIFLOWER),1kg,Terengganu,7.9,6.65,9.0,102,5468
1481,KUBIS BUNGA (CAULIFLOWER),1kg,W.P. Kuala Lumpur,7.99,6.79,8.99,157,10641
1481,KUBIS BUNGA (CAULIFLOWER),1kg,W.P. Labuan,10.45,9.22,14.65,14,553
1481,KUBIS BUNGA (CAULIFLOWER),1kg,W.P. Putrajaya,8.45,6.72,10.0,28,1345
1482,KUBIS PANJANG (TEMPATAN),1kg,Pulau Pinang,5.0,5.0,5.0,2,5
1482,KUBIS PANJANG (TEMPATAN),1kg,Sabah,7.79,7.79,7.79,1,1
1482,KUBIS PANJANG (TEMPATAN),1kg,W.P. Kuala Lumpur,5.94,4.92,6.97,2,18
1483,MEE KUNING BASAH (PELBAGAI JENAMA),+-450g,Johor,2.0,1.8,2.0,170,1903
1483,MEE KUNING BASAH (PELBAGAI JENAMA),+-450g,Kedah,2.0,1.8,2.2,86,1129
1483,MEE KUNING BASAH (PELBAGAI JENAMA),+-450g,Kelantan,1.4,1.4,1.5,160,2003
1483,MEE KUNING BASAH (PELBAGAI JENAMA),+-450g,Melaka,1.74,1.6,1.81,44,544
1483,MEE KUNING BASAH (PELBAGAI JENAMA),+-450g,Negeri Sembilan,1.9,1.69,2.0,58,765
1483,MEE KUNING BASAH (PELBAGAI JENAMA),+-450g,Pahang,2.0,1.7,2.0,141,1723
1483,MEE KUNING BASAH (PELBAGAI JENAMA),+-450g,Perak,1.8,1.69,2.0,170,2058
1483,MEE KUNING BASAH (PELBAGAI JENAMA),+-450g,Perlis,2.0,1.89,2.0,36,475
1483,MEE KUNING BASAH (PELBAGAI JENAMA),+-450g,Pulau Pinang,1.9,1.8,2.1,63,778
1483,MEE KUNING BASAH (PELBAGAI JENAMA),+-450g,Sabah,2.2,2.02,2.25,20,115
1483,MEE KUNING BASAH (PELBAGAI JENAMA),+-450g,Sarawak,1.8,1.7,1.99,120,1228
1483,MEE KUNING BASAH (PELBAGAI JENAMA),+-450g,Selangor,1.8,1.7,2.0,120,1488
1483,MEE KUNING BASAH (PELBAGAI JENAMA),+-450g,Terengganu,1.6,1.5,1.8,104,1360
1483,MEE KUNING BASAH (PELBAGAI JENAMA),+-450g,W.P. Kuala Lumpur,1.9,1.8,2.0,146,1782
1483,MEE KUNING BASAH (PELBAGAI JENAMA),+-450g,W.P. Putrajaya,1.99,1.85,2.0,25,307
1486,EPAL MERAH RED DELICIOUS (SAIZ M),1 biji,Sabah,2.19,2.19,2.19,1,1
1489,ASAM JAWA (BERBIJI) PELBAGAI JENAMA,200 g,Johor,1.39,1.2,1.6,95,1204
1489,ASAM JAWA (BERBIJI) PELBAGAI JENAMA,200 g,Kedah,1.25,1.19,1.54,20,230
1489,ASAM JAWA (BERBIJI) PELBAGAI JENAMA,200 g,Kelantan,1.49,1.4,1.6,49,558
1489,ASAM JAWA (BERBIJI) PELBAGAI JENAMA,200 g,Melaka,1.4,1.19,1.5,14,158
1489,ASAM JAWA (BERBIJI) PELBAGAI JENAMA,200 g,Negeri Sembilan,1.3,1.2,1.5,24,318
1489,ASAM JAWA (BERBIJI) PELBAGAI JENAMA,200 g,Pahang,1.4,1.2,1.6,60,737
1489,ASAM JAWA (BERBIJI) PELBAGAI JENAMA,200 g,Perak,1.27,1.15,1.4,62,768
1489,ASAM JAWA (BERBIJI) PELBAGAI JENAMA,200 g,Perlis,1.38,1.26,1.49,2,10
1489,ASAM JAWA (BERBIJI) PELBAGAI JENAMA,200 g,Pulau Pinang,1.25,1.19,1.6,27,304
1489,ASAM JAWA (BERBIJI) PELBAGAI JENAMA,200 g,Sabah,1.7,1.3,2.0,40,291
1489,ASAM JAWA (BERBIJI) PELBAGAI JENAMA,200 g,Sarawak,1.6,1.56,1.7,58,500
1489,ASAM JAWA (BERBIJI) PELBAGAI JENAMA,200 g,Selangor,1.29,1.2,1.4,54,710
1489,ASAM JAWA (BERBIJI) PELBAGAI JENAMA,200 g,Terengganu,1.35,1.3,1.47,35,443
1489,ASAM JAWA (BERBIJI) PELBAGAI JENAMA,200 g,W.P. Kuala Lumpur,1.49,1.25,1.9,97,1217
1489,ASAM JAWA (BERBIJI) PELBAGAI JENAMA,200 g,W.P. Labuan,1.48,1.36,1.59,2,22
1489,ASAM JAWA (BERBIJI) PELBAGAI JENAMA,200 g,W.P. Putrajaya,1.45,1.29,2.0,13,152
1491,BERAS PULUT THAILAND (SUSU) PELBAGAI JENAMA,1kg,Pulau Pinang,8.14,7.69,8.6,4,17
1491,BERAS PULUT THAILAND (SUSU) PELBAGAI JENAMA,1kg,W.P. Kuala Lumpur,9.29,8.9,9.3,7,47
1492,BERAS PULUT THAILAND (BIASA) PELBAGAI JENAMA,1kg,Pulau Pinang,5.9,5.9,6.54,3,16
1492,BERAS PULUT THAILAND (BIASA) PELBAGAI JENAMA,1kg,W.P. Kuala Lumpur,7.5,7.24,7.8,7,42
1507,COCA COLA (TIN),320 ml,Johor,1.99,1.8,2.0,81,953
1507,COCA COLA (TIN),320 ml,Kedah,1.9,1.7,2.0,25,278
1507,COCA COLA (TIN),320 ml,Kelantan,1.98,1.8,2.1,41,318
1507,COCA COLA (TIN),320 ml,Melaka,1.85,1.7,1.99,14,108
1507,COCA COLA (TIN),320 ml,Negeri Sembilan,1.8,1.7,2.15,22,257
1507,COCA COLA (TIN),320 ml,Pahang,1.99,1.99,2.0,34,346
1507,COCA COLA (TIN),320 ml,Perak,1.9,1.7,2.0,56,653
1507,COCA COLA (TIN),320 ml,Perlis,2.07,2.04,2.28,3,35
1507,COCA COLA (TIN),320 ml,Pulau Pinang,1.8,1.7,1.9,29,304
1507,COCA COLA (TIN),320 ml,Sabah,1.9,1.79,2.0,81,714
1507,COCA COLA (TIN),320 ml,Sarawak,1.9,1.8,2.0,110,1289
1507,COCA COLA (TIN),320 ml,Selangor,1.9,1.8,2.0,49,601
1507,COCA COLA (TIN),320 ml,Terengganu,1.99,1.8,2.15,23,229
1507,COCA COLA (TIN),320 ml,W.P. Kuala Lumpur,2.0,1.84,2.2,101,1205
1507,COCA COLA (TIN),320 ml,W.P. Labuan,2.0,2.0,2.0,10,119
1507,COCA COLA (TIN),320 ml,W.P. Putrajaya,1.99,1.83,2.2,12,130
1515,HEINZ FARLEY RUSKS (PELBAGAI PERISA),120 g,Johor,9.0,8.7,9.38,29,318
1515,HEINZ FARLEY RUSKS (PELBAGAI PERISA),120 g,Kedah,8.9,8.65,9.0,29,337
1515,HEINZ FARLEY RUSKS (PELBAGAI PERISA),120 g,Kelantan,9.0,9.0,9.0,6,51
1515,HEINZ FARLEY RUSKS (PELBAGAI PERISA),120 g,Melaka,8.99,8.5,9.0,7,80
1515,HEINZ FARLEY RUSKS (PELBAGAI PERISA),120 g,Negeri Sembilan,8.95,8.79,9.0,8,84
1515,HEINZ FARLEY RUSKS (PELBAGAI PERISA),120 g,Pahang,9.0,8.5,9.0,16,173
1515,HEINZ FARLEY RUSKS (PELBAGAI PERISA),120 g,Perak,9.0,8.8,9.0,25,296
1515,HEINZ FARLEY RUSKS (PELBAGAI PERISA),120 g,Perlis,8.94,8.72,9.16,2,19
1515,HEINZ FARLEY RUSKS (PELBAGAI PERISA),120 g,Pulau Pinang,9.0,8.9,9.05,17,201
1515,HEINZ FARLEY RUSKS (PELBAGAI PERISA),120 g,Sabah,8.9,8.3,9.0,41,331
1515,HEINZ FARLEY RUSKS (PELBAGAI PERISA),120 g,Sarawak,9.0,8.9,9.9,17,132
1515,HEINZ FARLEY RUSKS (PELBAGAI PERISA),120 g,Selangor,9.0,9.0,9.0,11,133
1515,HEINZ FARLEY RUSKS (PELBAGAI PERISA),120 g,Terengganu,9.0,8.98,9.41,8,107
1515,HEINZ FARLEY RUSKS (PELBAGAI PERISA),120 g,W.P. Kuala Lumpur,9.0,8.5,9.05,41,455
1515,HEINZ FARLEY RUSKS (PELBAGAI PERISA),120 g,W.P. Labuan,8.8,8.65,8.8,5,51
1515,HEINZ FARLEY RUSKS (PELBAGAI PERISA),120 g,W.P. Putrajaya,9.23,8.91,9.43,4,25
1517,HEINZ APPLE PUREE,110 g,Johor,7.7,7.55,8.49,17,196
1517,HEINZ APPLE PUREE,110 g,Kedah,7.3,5.9,7.6,19,198
1517,HEINZ APPLE PUREE,110 g,Kelantan,7.55,7.4,7.7,7,76
1517,HEINZ APPLE PUREE,110 g,Melaka,7.7,7.52,7.7,7,67
1517,HEINZ APPLE PUREE,110 g,Negeri Sembilan,7.55,7.35,7.8,11,103
1517,HEINZ APPLE PUREE,110 g,Pahang,7.3,7.3,7.6,16,180
1517,HEINZ APPLE PUREE,110 g,Perak,7.5,5.9,7.55,17,157
1517,HEINZ APPLE PUREE,110 g,Perlis,7.74,7.52,7.95,2,23
1517,HEINZ APPLE PUREE,110 g,Pulau Pinang,7.7,7.4,7.7,9,110
1517,HEINZ APPLE PUREE,110 g,Sabah,7.5,7.5,8.69,21,166
1517,HEINZ APPLE PUREE,110 g,Sarawak,7.7,7.6,7.9,17,150
1517,HEINZ APPLE PUREE,110 g,Selangor,7.65,6.49,7.7,12,115
1517,HEINZ APPLE PUREE,110 g,Terengganu,7.7,7.7,7.9,5,43
1517,HEINZ APPLE PUREE,110 g,W.P. Kuala Lumpur,7.7,7.55,8.3,25,287
1517,HEINZ APPLE PUREE,110 g,W.P. Labuan,7.5,7.5,7.7,3,24
1517,HEINZ APPLE PUREE,110 g,W.P. Putrajaya,7.62,7.36,7.85,6,23
1524,BERUS GIGI COLGATE (ZIG ZAG - SOFT),1 batang,Johor,4.79,4.3,4.95,61,669
1524,BERUS GIGI COLGATE (ZIG ZAG - SOFT),1 batang,Kedah,4.5,3.82,4.79,30,389
1524,BERUS GIGI COLGATE (ZIG ZAG - SOFT),1 batang,Kelantan,4.5,3.99,4.9,52,642
1524,BERUS GIGI COLGATE (ZIG ZAG - SOFT),1 batang,Melaka,4.6,4.34,4.7,7,93
1524,BERUS GIGI COLGATE (ZIG ZAG - SOFT),1 batang,Negeri Sembilan,4.5,4.0,4.8,17,195
1524,BERUS GIGI COLGATE (ZIG ZAG - SOFT),1 batang,Pahang,4.2,4.2,4.9,40,506
1524,BERUS GIGI COLGATE (ZIG ZAG - SOFT),1 batang,Perak,4.8,4.6,5.12,35,432
1524,BERUS GIGI COLGATE (ZIG ZAG - SOFT),1 batang,Perlis,3.9,3.64,4.84,11,106
1524,BERUS GIGI COLGATE (ZIG ZAG - SOFT),1 batang,Pulau Pinang,4.79,4.5,4.9,25,292
1524,BERUS GIGI COLGATE (ZIG ZAG - SOFT),1 batang,Sabah,4.0,3.9,4.3,71,610
1524,BERUS GIGI COLGATE (ZIG ZAG - SOFT),1 batang,Sarawak,3.99,3.9,4.2,78,766
1524,BERUS GIGI COLGATE (ZIG ZAG - SOFT),1 batang,Selangor,4.79,4.6,4.9,31,353
1524,BERUS GIGI COLGATE (ZIG ZAG - SOFT),1 batang,Terengganu,4.3,4.1,4.59,29,336
1524,BERUS GIGI COLGATE (ZIG ZAG - SOFT),1 batang,W.P. Kuala Lumpur,4.89,4.65,4.95,58,737
1524,BERUS GIGI COLGATE (ZIG ZAG - SOFT),1 batang,W.P. Labuan,4.0,4.0,4.18,10,101
1524,BERUS GIGI COLGATE (ZIG ZAG - SOFT),1 batang,W.P. Putrajaya,4.93,4.74,5.11,8,77
1525,BERUS GIGI ORAL B (COMPLETE EASY CLEAN - SOFT),1 batang,Johor,5.12,4.9,5.2,20,186
1525,BERUS GIGI ORAL B (COMPLETE EASY CLEAN - SOFT),1 batang,Kedah,4.9,4.6,5.2,12,151
1525,BERUS GIGI ORAL B (COMPLETE EASY CLEAN - SOFT),1 batang,Kelantan,4.95,4.75,5.2,25,251
1525,BERUS GIGI ORAL B (COMPLETE EASY CLEAN - SOFT),1 batang,Melaka,4.7,4.6,5.2,5,61
1525,BERUS GIGI ORAL B (COMPLETE EASY CLEAN - SOFT),1 batang,Negeri Sembilan,5.2,4.75,5.55,7,43
1525,BERUS GIGI ORAL B (COMPLETE EASY CLEAN - SOFT),1 batang,Pahang,5.18,4.91,5.2,22,255
1525,BERUS GIGI ORAL B (COMPLETE EASY CLEAN - SOFT),1 batang,Perak,5.2,4.9,5.2,30,291
1525,BERUS GIGI ORAL B (COMPLETE EASY CLEAN - SOFT),1 batang,Perlis,4.5,4.05,4.95,7,73
1525,BERUS GIGI ORAL B (COMPLETE EASY CLEAN - SOFT),1 batang,Pulau Pinang,4.94,4.9,5.14,14,141
1525,BERUS GIGI ORAL B (COMPLETE EASY CLEAN - SOFT),1 batang,Sabah,4.95,4.67,5.24,7,40
1525,BERUS GIGI ORAL B (COMPLETE EASY CLEAN - SOFT),1 batang,Sarawak,4.9,3.7,5.12,23,158
1525,BERUS GIGI ORAL B (COMPLETE EASY CLEAN - SOFT),1 batang,Selangor,4.9,4.6,5.15,18,198
1525,BERUS GIGI ORAL B (COMPLETE EASY CLEAN - SOFT),1 batang,Terengganu,5.2,4.79,5.3,18,205
1525,BERUS GIGI ORAL B (COMPLETE EASY CLEAN - SOFT),1 batang,W.P. Kuala Lumpur,5.15,4.88,5.15,27,351
1525,BERUS GIGI ORAL B (COMPLETE EASY CLEAN - SOFT),1 batang,W.P. Labuan,5.08,5.03,5.18,4,32
1525,BERUS GIGI ORAL B (COMPLETE EASY CLEAN - SOFT),1 batang,W.P. Putrajaya,5.15,4.88,5.55,7,52
1539,SABUN PENCUCI KUAT HARIMAU (LEMON),400 g,Johor,2.6,2.59,2.79,64,828
1539,SABUN PENCUCI KUAT HARIMAU (LEMON),400 g,Kedah,2.6,2.6,2.7,25,323
1539,SABUN PENCUCI KUAT HARIMAU (LEMON),400 g,Kelantan,2.62,2.6,2.81,48,597
1539,SABUN PENCUCI KUAT HARIMAU (LEMON),400 g,Melaka,2.6,2.58,2.65,12,141
1539,SABUN PENCUCI KUAT HARIMAU (LEMON),400 g,Negeri Sembilan,2.72,2.56,2.94,14,191
1539,SABUN PENCUCI KUAT HARIMAU (LEMON),400 g,Pahang,2.7,2.6,2.8,39,487
1539,SABUN PENCUCI KUAT HARIMAU (LEMON),400 g,Perak,2.6,2.55,2.6,39,504
1539,SABUN PENCUCI KUAT HARIMAU (LEMON),400 g,Perlis,2.7,2.65,3.0,9,101
1539,SABUN PENCUCI KUAT HARIMAU (LEMON),400 g,Pulau Pinang,2.6,2.55,2.7,21,260
1539,SABUN PENCUCI KUAT HARIMAU (LEMON),400 g,Sabah,2.8,2.7,2.85,63,583
1539,SABUN PENCUCI KUAT HARIMAU (LEMON),400 g,Sarawak,2.8,2.8,2.9,68,701
1539,SABUN PENCUCI KUAT HARIMAU (LEMON),400 g,Selangor,2.6,2.6,2.77,34,421
1539,SABUN PENCUCI KUAT HARIMAU (LEMON),400 g,Terengganu,2.7,2.62,2.88,26,329
1539,SABUN PENCUCI KUAT HARIMAU (LEMON),400 g,W.P. Kuala Lumpur,2.7,2.6,2.9,31,403
1539,SABUN PENCUCI KUAT HARIMAU (LEMON),400 g,W.P. Labuan,2.7,2.6,2.7,5,59
1539,SABUN PENCUCI KUAT HARIMAU (LEMON),400 g,W.P. Putrajaya,2.6,2.6,2.68,6,54
1544,SERBUK NASI GORENG CINA ADABI,17 g,Johor,1.37,1.3,1.39,88,1062
1544,SERBUK NASI GORENG CINA ADABI,17 g,Kedah,1.35,1.3,1.5,34,407
1544,SERBUK NASI GORENG CINA ADABI,17 g,Kelantan,1.4,1.35,1.4,55,641
1544,SERBUK NASI GORENG CINA ADABI,17 g,Melaka,1.35,1.3,1.35,13,155
1544,SERBUK NASI GORENG CINA ADABI,17 g,Negeri Sembilan,1.35,1.3,1.39,20,230
1544,SERBUK NASI GORENG CINA ADABI,17 g,Pahang,1.39,1.3,1.45,63,821
1544,SERBUK NASI GORENG CINA ADABI,17 g,Perak,1.35,1.3,1.4,55,597
1544,SERBUK NASI GORENG CINA ADABI,17 g,Perlis,1.36,1.3,1.4,10,82
1544,SERBUK NASI GORENG CINA ADABI,17 g,Pulau Pinang,1.35,1.3,1.4,25,313
1544,SERBUK NASI GORENG CINA ADABI,17 g,Sabah,1.65,1.5,1.7,64,446
1544,SERBUK NASI GORENG CINA ADABI,17 g,Sarawak,1.4,1.4,1.5,108,994
1544,SERBUK NASI GORENG CINA ADABI,17 g,Selangor,1.35,1.3,1.4,41,513
1544,SERBUK NASI GORENG CINA ADABI,17 g,Terengganu,1.4,1.3,1.48,38,451
1544,SERBUK NASI GORENG CINA ADABI,17 g,W.P. Kuala Lumpur,1.35,1.3,1.5,92,1124
1544,SERBUK NASI GORENG CINA ADABI,17 g,W.P. Labuan,1.8,1.8,1.9,8,61
1544,SERBUK NASI GORENG CINA ADABI,17 g,W.P. Putrajaya,1.38,1.25,1.4,10,109
1545,PERENCAH NASI GORENG IKAN BILIS SERI AJI,26G,Johor,1.49,1.29,1.59,77,903
1545,PERENCAH NASI GORENG IKAN BILIS SERI AJI,26G,Kedah,1.4,1.2,1.5,33,378
1545,PERENCAH NASI GORENG IKAN BILIS SERI AJI,26G,Kelantan,1.5,1.4,1.55,47,542
1545,PERENCAH NASI GORENG IKAN BILIS SERI AJI,26G,Melaka,1.4,1.3,1.47,9,97
1545,PERENCAH NASI GORENG IKAN BILIS SERI AJI,26G,Negeri Sembilan,1.5,1.2,1.6,18,198
1545,PERENCAH NASI GORENG IKAN BILIS SERI AJI,26G,Pahang,1.4,1.4,1.5,49,610
1545,PERENCAH NASI GORENG IKAN BILIS SERI AJI,26G,Perak,1.39,1.15,1.5,49,592
1545,PERENCAH NASI GORENG IKAN BILIS SERI AJI,26G,Perlis,1.4,1.39,1.49,10,109
1545,PERENCAH NASI GORENG IKAN BILIS SERI AJI,26G,Pulau Pinang,1.4,1.2,1.5,33,415
1545,PERENCAH NASI GORENG IKAN BILIS SERI AJI,26G,Sabah,1.49,1.39,1.55,67,494
1545,PERENCAH NASI GORENG IKAN BILIS SERI AJI,26G,Sarawak,1.5,1.4,1.5,81,816
1545,PERENCAH NASI GORENG IKAN BILIS SERI AJI,26G,Selangor,1.4,1.2,1.5,40,474
1545,PERENCAH NASI GORENG IKAN BILIS SERI AJI,26G,Terengganu,1.5,1.4,1.5,33,411
1545,PERENCAH NASI GORENG IKAN BILIS SERI AJI,26G,W.P. Kuala Lumpur,1.4,1.4,1.5,50,609
1545,PERENCAH NASI GORENG IKAN BILIS SERI AJI,26G,W.P. Labuan,1.5,1.45,1.5,3,19
1545,PERENCAH NASI GORENG IKAN BILIS SERI AJI,26G,W.P. Putrajaya,1.4,1.4,1.5,11,101
1547,PEPSI COLA (TIN),320 ml,Johor,1.79,1.5,1.9,56,667
1547,PEPSI COLA (TIN),320 ml,Kedah,1.85,1.7,1.85,19,210
1547,PEPSI COLA (TIN),320 ml,Kelantan,1.9,1.8,2.0,38,381
1547,PEPSI COLA (TIN),320 ml,Melaka,1.7,1.5,1.84,11,83
1547,PEPSI COLA (TIN),320 ml,Negeri Sembilan,1.69,1.5,1.8,18,191
1547,PEPSI COLA (TIN),320 ml,Pahang,1.8,1.8,1.99,53,609
1547,PEPSI COLA (TIN),320 ml,Perak,1.69,1.5,1.8,49,527
1547,PEPSI COLA (TIN),320 ml,Perlis,2.0,1.92,2.25,3,27
1547,PEPSI COLA (TIN),320 ml,Pulau Pinang,1.8,1.5,1.9,25,288
1547,PEPSI COLA (TIN),320 ml,Sabah,1.79,1.7,1.9,85,741
1547,PEPSI COLA (TIN),320 ml,Sarawak,1.8,1.7,1.9,104,1140
1547,PEPSI COLA (TIN),320 ml,Selangor,1.72,1.6,1.84,50,626
1547,PEPSI COLA (TIN),320 ml,Terengganu,2.0,1.8,2.09,26,299
1547,PEPSI COLA (TIN),320 ml,W.P. Kuala Lumpur,1.9,1.8,1.95,93,1162
1547,PEPSI COLA (TIN),320 ml,W.P. Labuan,2.0,1.85,2.0,7,53
1547,PEPSI COLA (TIN),320 ml,W.P. Putrajaya,1.9,1.84,1.97,11,134
1550,PAHA AYAM (CHICKEN DRUMSTICK),1kg,Johor,14.99,13.76,16.0,123,1544
1550,PAHA AYAM (CHICKEN DRUMSTICK),1kg,Kedah,13.99,13.79,15.92,36,409
1550,PAHA AYAM (CHICKEN DRUMSTICK),1kg,Kelantan,14.9,14.9,15.99,58,719
1550,PAHA AYAM (CHICKEN DRUMSTICK),1kg,Melaka,14.5,13.5,15.99,28,331
1550,PAHA AYAM (CHICKEN DRUMSTICK),1kg,Negeri Sembilan,15.0,13.89,16.0,30,370
1550,PAHA AYAM (CHICKEN DRUMSTICK),1kg,Pahang,14.99,13.99,15.99,64,735
1550,PAHA AYAM (CHICKEN DRUMSTICK),1kg,Perak,15.45,13.99,16.99,90,1104
1550,PAHA AYAM (CHICKEN DRUMSTICK),1kg,Perlis,15.0,14.0,15.99,12,133
1550,PAHA AYAM (CHICKEN DRUMSTICK),1kg,Pulau Pinang,14.99,13.99,17.0,46,571
1550,PAHA AYAM (CHICKEN DRUMSTICK),1kg,Sabah,14.9,13.99,15.5,78,421
1550,PAHA AYAM (CHICKEN DRUMSTICK),1kg,Sarawak,15.5,14.5,16.5,107,959
1550,PAHA AYAM (CHICKEN DRUMSTICK),1kg,Selangor,15.9,14.0,16.99,71,897
1550,PAHA AYAM (CHICKEN DRUMSTICK),1kg,Terengganu,15.5,14.18,15.99,40,452
1550,PAHA AYAM (CHICKEN DRUMSTICK),1kg,W.P. Kuala Lumpur,16.5,15.44,17.99,99,1144
1550,PAHA AYAM (CHICKEN DRUMSTICK),1kg,W.P. Labuan,14.5,14.24,14.75,2,2
1550,PAHA AYAM (CHICKEN DRUMSTICK),1kg,W.P. Putrajaya,15.9,14.9,17.0,19,198
1551,DADA AYAM (CHICKEN KEEL),1kg,Johor,13.0,11.26,14.99,98,1162
1551,DADA AYAM (CHICKEN KEEL),1kg,Kedah,12.99,11.39,14.99,35,368
1551,DADA AYAM (CHICKEN KEEL),1kg,Kelantan,12.9,11.9,12.99,35,312
1551,DADA AYAM (CHICKEN KEEL),1kg,Melaka,11.19,10.99,11.99,16,182
1551,DADA AYAM (CHICKEN KEEL),1kg,Negeri Sembilan,12.94,11.04,15.68,26,302
1551,DADA AYAM (CHICKEN KEEL),1kg,Pahang,13.9,11.99,14.99,37,417
1551,DADA AYAM (CHICKEN KEEL),1kg,Perak,13.0,10.99,14.9,73,827
1551,DADA AYAM (CHICKEN KEEL),1kg,Perlis,14.0,13.41,15.38,14,153
1551,DADA AYAM (CHICKEN KEEL),1kg,Pulau Pinang,14.9,12.14,15.99,63,753
1551,DADA AYAM (CHICKEN KEEL),1kg,Sabah,13.5,12.5,14.42,144,1356
1551,DADA AYAM (CHICKEN KEEL),1kg,Sarawak,12.25,11.45,12.9,24,156
1551,DADA AYAM (CHICKEN KEEL),1kg,Selangor,14.9,12.22,14.99,67,795
1551,DADA AYAM (CHICKEN KEEL),1kg,Terengganu,14.99,12.99,15.37,30,319
1551,DADA AYAM (CHICKEN KEEL),1kg,W.P. Kuala Lumpur,14.99,13.49,16.24,63,688
1551,DADA AYAM (CHICKEN KEEL),1kg,W.P. Labuan,12.99,12.99,12.99,1,2
1551,DADA AYAM (CHICKEN KEEL),1kg,W.P. Putrajaya,14.99,13.6,15.5,17,145
1552,THIGH AYAM,1kg,Johor,11.84,10.29,12.75,86,1051
1552,THIGH AYAM,1kg,Kedah,10.8,10.06,13.99,24,289
1552,THIGH AYAM,1kg,Kelantan,12.5,10.94,12.94,35,317
1552,THIGH AYAM,1kg,Melaka,10.99,9.99,11.5,23,268
1552,THIGH AYAM,1kg,Negeri Sembilan,11.44,10.06,11.99,20,244
1552,THIGH AYAM,1kg,Pahang,10.99,9.99,12.24,24,254
1552,THIGH AYAM,1kg,Perak,12.1,9.99,13.99,63,753
1552,THIGH AYAM,1kg,Perlis,14.5,13.81,16.5,8,99
1552,THIGH AYAM,1kg,Pulau Pinang,11.59,9.99,12.67,34,424
1552,THIGH AYAM,1kg,Sabah,13.99,13.99,14.8,39,205
1552,THIGH AYAM,1kg,Sarawak,14.5,12.94,15.22,67,615
1552,THIGH AYAM,1kg,Selangor,11.99,11.49,13.99,62,799
1552,THIGH AYAM,1kg,Terengganu,11.99,10.45,12.99,22,240
1552,THIGH AYAM,1kg,W.P. Kuala Lumpur,12.9,11.9,14.5,77,876
1552,THIGH AYAM,1kg,W.P. Putrajaya,11.99,11.34,13.44,15,153
1553,WHOLE LEG AYAM,1kg,Johor,14.99,13.91,16.0,112,1421
1553,WHOLE LEG AYAM,1kg,Kedah,14.9,13.97,16.94,51,621
1553,WHOLE LEG AYAM,1kg,Kelantan,14.9,14.52,15.9,58,698
1553,WHOLE LEG AYAM,1kg,Melaka,14.99,13.92,15.29,30,339
1553,WHOLE LEG AYAM,1kg,Negeri Sembilan,14.99,13.87,16.0,28,341
1553,WHOLE LEG AYAM,1kg,Pahang,14.99,13.99,15.99,70,865
1553,WHOLE LEG AYAM,1kg,Perak,15.0,14.9,16.94,103,1239
1553,WHOLE LEG AYAM,1kg,Perlis,15.0,14.0,16.9,15,162
1553,WHOLE LEG AYAM,1kg,Pulau Pinang,15.99,14.9,17.9,77,1017
1553,WHOLE LEG AYAM,1kg,Sabah,14.97,14.0,15.9,160,1546
1553,WHOLE LEG AYAM,1kg,Sarawak,15.0,14.0,15.9,190,2116
1553,WHOLE LEG AYAM,1kg,Selangor,15.99,14.94,17.0,75,917
1553,WHOLE LEG AYAM,1kg,Terengganu,14.99,13.99,15.9,38,405
1553,WHOLE LEG AYAM,1kg,W.P. Kuala Lumpur,15.99,15.0,17.45,92,1098
1553,WHOLE LEG AYAM,1kg,W.P. Labuan,16.0,15.94,16.9,15,197
1553,WHOLE LEG AYAM,1kg,W.P. Putrajaya,15.8,14.6,16.25,19,196
1554,IKAN MERAH (KEPINGAN),1kg,Johor,52.9,49.0,57.9,79,594
1554,IKAN MERAH (KEPINGAN),1kg,Kedah,52.69,47.5,60.45,23,150
1554,IKAN MERAH (KEPINGAN),1kg,Kelantan,40.0,38.9,44.75,50,376
1554,IKAN MERAH (KEPINGAN),1kg,Melaka,49.99,46.22,54.64,18,145
1554,IKAN MERAH (KEPINGAN),1kg,Negeri Sembilan,50.0,46.15,54.9,27,269
1554,IKAN MERAH (KEPINGAN),1kg,Pahang,46.49,42.99,49.99,61,550
1554,IKAN MERAH (KEPINGAN),1kg,Perak,52.0,49.9,53.59,74,633
1554,IKAN MERAH (KEPINGAN),1kg,Perlis,49.9,49.9,49.9,1,5
1554,IKAN MERAH (KEPINGAN),1kg,Pulau Pinang,55.94,49.99,70.0,38,288
1554,IKAN MERAH (KEPINGAN),1kg,Sabah,32.5,28.0,34.99,20,68
1554,IKAN MERAH (KEPINGAN),1kg,Sarawak,34.9,30.9,38.0,21,78
1554,IKAN MERAH (KEPINGAN),1kg,Selangor,52.0,48.88,56.4,68,679
1554,IKAN MERAH (KEPINGAN),1kg,Terengganu,45.0,42.0,45.99,25,184
1554,IKAN MERAH (KEPINGAN),1kg,W.P. Kuala Lumpur,57.95,49.9,79.22,92,976
1554,IKAN MERAH (KEPINGAN),1kg,W.P. Labuan,26.0,26.0,26.0,1,10
1554,IKAN MERAH (KEPINGAN),1kg,W.P. Putrajaya,54.99,49.99,69.05,17,172
1555,UDANG PUTIH/VANNAMEI (TERNAK) (ANTARA 41 HINGGA 60 EKOR SEKILOGRAM),1kg,Johor,35.9,32.0,38.0,161,7803
1555,UDANG PUTIH/VANNAMEI (TERNAK) (ANTARA 41 HINGGA 60 EKOR SEKILOGRAM),1kg,Kedah,30.9,29.0,32.9,57,2922
1555,UDANG PUTIH/VANNAMEI (TERNAK) (ANTARA 41 HINGGA 60 EKOR SEKILOGRAM),1kg,Kelantan,32.99,31.9,34.9,90,5753
1555,UDANG PUTIH/VANNAMEI (TERNAK) (ANTARA 41 HINGGA 60 EKOR SEKILOGRAM),1kg,Melaka,35.94,32.9,37.6,40,1736
1555,UDANG PUTIH/VANNAMEI (TERNAK) (ANTARA 41 HINGGA 60 EKOR SEKILOGRAM),1kg,Negeri Sembilan,34.45,32.15,36.97,46,2614
1555,UDANG PUTIH/VANNAMEI (TERNAK) (ANTARA 41 HINGGA 60 EKOR SEKILOGRAM),1kg,Pahang,35.0,32.99,37.99,98,4949
1555,UDANG PUTIH/VANNAMEI (TERNAK) (ANTARA 41 HINGGA 60 EKOR SEKILOGRAM),1kg,Perak,30.97,29.99,32.9,114,6803
1555,UDANG PUTIH/VANNAMEI (TERNAK) (ANTARA 41 HINGGA 60 EKOR SEKILOGRAM),1kg,Perlis,32.0,30.0,33.9,17,735
1555,UDANG PUTIH/VANNAMEI (TERNAK) (ANTARA 41 HINGGA 60 EKOR SEKILOGRAM),1kg,Pulau Pinang,32.0,30.0,35.85,91,3760
1555,UDANG PUTIH/VANNAMEI (TERNAK) (ANTARA 41 HINGGA 60 EKOR SEKILOGRAM),1kg,Sabah,36.5,30.0,39.0,73,2399
1555,UDANG PUTIH/VANNAMEI (TERNAK) (ANTARA 41 HINGGA 60 EKOR SEKILOGRAM),1kg,Sarawak,36.9,33.99,41.4,108,4800
1555,UDANG PUTIH/VANNAMEI (TERNAK) (ANTARA 41 HINGGA 60 EKOR SEKILOGRAM),1kg,Selangor,34.0,30.24,35.9,95,5901
1555,UDANG PUTIH/VANNAMEI (TERNAK) (ANTARA 41 HINGGA 60 EKOR SEKILOGRAM),1kg,Terengganu,34.0,32.0,35.0,67,2680
1555,UDANG PUTIH/VANNAMEI (TERNAK) (ANTARA 41 HINGGA 60 EKOR SEKILOGRAM),1kg,W.P. Kuala Lumpur,36.9,32.0,40.22,124,6573
1555,UDANG PUTIH/VANNAMEI (TERNAK) (ANTARA 41 HINGGA 60 EKOR SEKILOGRAM),1kg,W.P. Labuan,39.9,38.95,39.9,11,310
1555,UDANG PUTIH/VANNAMEI (TERNAK) (ANTARA 41 HINGGA 60 EKOR SEKILOGRAM),1kg,W.P. Putrajaya,37.95,34.9,40.25,24,1274
1556,BAYAM HIJAU,1kg,Johor,6.0,4.99,8.0,159,7392
1556,BAYAM HIJAU,1kg,Kedah,4.7,3.8,5.62,68,4202
1556,BAYAM HIJAU,1kg,Kelantan,6.0,5.5,7.67,52,1424
1556,BAYAM HIJAU,1kg,Melaka,4.99,4.14,6.0,42,1819
1556,BAYAM HIJAU,1kg,Negeri Sembilan,5.0,4.29,6.0,53,2784
1556,BAYAM HIJAU,1kg,Pahang,5.29,4.56,6.0,107,5781
1556,BAYAM HIJAU,1kg,Perak,5.0,4.5,6.0,123,7287
1556,BAYAM HIJAU,1kg,Perlis,6.0,4.66,8.0,18,1015
1556,BAYAM HIJAU,1kg,Pulau Pinang,5.0,3.99,6.0,113,6164
1556,BAYAM HIJAU,1kg,Sabah,5.9,4.99,6.47,90,3250
1556,BAYAM HIJAU,1kg,Sarawak,7.5,6.6,8.5,90,2640
1556,BAYAM HIJAU,1kg,Selangor,5.94,4.5,6.99,106,6662
1556,BAYAM HIJAU,1kg,Terengganu,6.49,5.47,7.99,63,3227
1556,BAYAM HIJAU,1kg,W.P. Kuala Lumpur,6.0,4.0,7.96,126,7437
1556,BAYAM HIJAU,1kg,W.P. Labuan,6.9,6.0,8.9,5,32
1556,BAYAM HIJAU,1kg,W.P. Putrajaya,7.0,6.3,9.9,25,963
1557,BAYAM MERAH,1kg,Sabah,7.39,7.39,7.39,1,1
1558,SAWI HIJAU,1kg,Johor,6.0,4.99,7.7,183,9232
1558,SAWI HIJAU,1kg,Kedah,4.89,4.0,6.0,85,5258
1558,SAWI HIJAU,1kg,Kelantan,5.9,4.5,6.0,108,6191
1558,SAWI HIJAU,1kg,Melaka,5.2,4.0,6.5,46,1816
1558,SAWI HIJAU,1kg,Negeri Sembilan,6.0,4.9,7.0,53,2707
1558,SAWI HIJAU,1kg,Pahang,5.99,5.49,6.97,122,6680
1558,SAWI HIJAU,1kg,Perak,5.0,3.77,6.0,128,7892
1558,SAWI HIJAU,1kg,Perlis,4.94,3.98,6.68,26,1507
1558,SAWI HIJAU,1kg,Pulau Pinang,5.0,4.0,6.0,118,6313
1558,SAWI HIJAU,1kg,Sabah,7.49,6.19,7.99,139,6936
1558,SAWI HIJAU,1kg,Sarawak,8.9,7.9,10.5,145,5900
1558,SAWI HIJAU,1kg,Selangor,5.99,4.99,7.0,111,6573
1558,SAWI HIJAU,1kg,Terengganu,6.49,5.96,7.0,100,5087
1558,SAWI HIJAU,1kg,W.P. Kuala Lumpur,6.0,5.0,7.99,121,6722
1558,SAWI HIJAU,1kg,W.P. Labuan,7.9,6.9,8.5,13,511
1558,SAWI HIJAU,1kg,W.P. Putrajaya,8.0,6.9,9.93,27,1022
1559,KANGKUNG,1kg,Johor,6.0,4.99,7.96,176,8471
1559,KANGKUNG,1kg,Kedah,4.0,3.5,5.25,71,4264
1559,KANGKUNG,1kg,Kelantan,7.0,6.39,7.9,89,4549
1559,KANGKUNG,1kg,Melaka,4.8,3.9,5.9,41,1813
1559,KANGKUNG,1kg,Negeri Sembilan,4.99,3.99,6.0,52,2772
1559,KANGKUNG,1kg,Pahang,4.99,4.49,6.0,113,6259
1559,KANGKUNG,1kg,Perak,4.99,4.0,5.99,117,7350
1559,KANGKUNG,1kg,Perlis,5.5,4.5,7.0,17,1031
1559,KANGKUNG,1kg,Pulau Pinang,4.99,3.9,6.0,115,6060
1559,KANGKUNG,1kg,Sabah,5.9,4.99,6.74,92,3173
1559,KANGKUNG,1kg,Sarawak,6.0,5.0,7.65,103,3559
1559,KANGKUNG,1kg,Selangor,5.0,4.0,6.0,107,6620
1559,KANGKUNG,1kg,Terengganu,6.0,5.0,7.0,83,4633
1559,KANGKUNG,1kg,W.P. Kuala Lumpur,5.94,4.0,7.96,124,7326
1559,KANGKUNG,1kg,W.P. Labuan,6.99,5.5,8.0,5,50
1559,KANGKUNG,1kg,W.P. Putrajaya,6.5,5.24,9.12,23,988
1560,KAILAN,1kg,Johor,9.0,7.46,11.97,148,6843
1560,KAILAN,1kg,Kedah,7.85,6.89,8.55,72,4419
1560,KAILAN,1kg,Kelantan,7.35,6.9,8.0,94,5425
1560,KAILAN,1kg,Melaka,7.24,5.92,10.0,30,1280
1560,KAILAN,1kg,Negeri Sembilan,8.0,6.89,10.0,32,1609
1560,KAILAN,1kg,Pahang,7.99,7.0,8.99,89,5392
1560,KAILAN,1kg,Perak,7.94,5.99,8.37,114,6196
1560,KAILAN,1kg,Perlis,7.99,6.99,9.0,21,1148
1560,KAILAN,1kg,Pulau Pinang,7.99,6.8,9.6,101,5404
1560,KAILAN,1kg,Sabah,8.59,7.0,10.59,57,659
1560,KAILAN,1kg,Sarawak,15.0,13.52,16.0,78,2553
1560,KAILAN,1kg,Selangor,8.75,6.99,10.0,85,4156
1560,KAILAN,1kg,Terengganu,8.0,7.49,9.99,82,4460
1560,KAILAN,1kg,W.P. Kuala Lumpur,9.9,7.99,12.0,104,5483
1560,KAILAN,1kg,W.P. Labuan,8.9,6.3,11.92,4,26
1560,KAILAN,1kg,W.P. Putrajaya,12.5,9.95,14.74,19,574
1562,UDANG KERING,100 g,Johor,7.59,6.8,8.59,77,950
1562,UDANG KERING,100 g,Kedah,8.7,7.05,10.97,22,231
1562,UDANG KERING,100 g,Kelantan,8.59,7.9,9.49,40,442
1562,UDANG KERING,100 g,Melaka,8.72,6.84,9.72,14,153
1562,UDANG KERING,100 g,Negeri Sembilan,7.74,6.82,8.25,18,248
1562,UDANG KERING,100 g,Pahang,6.89,6.5,7.89,45,516
1562,UDANG KERING,100 g,Perak,8.5,6.98,10.99,56,617
1562,UDANG KERING,100 g,Perlis,11.15,9.82,12.48,2,25
1562,UDANG KERING,100 g,Pulau Pinang,8.14,6.92,11.22,20,250
1562,UDANG KERING,100 g,Sabah,6.49,5.9,7.0,47,358
1562,UDANG KERING,100 g,Sarawak,8.0,6.38,9.59,59,497
1562,UDANG KERING,100 g,Selangor,7.04,6.64,9.7,40,481
1562,UDANG KERING,100 g,Terengganu,7.54,6.24,9.7,16,159
1562,UDANG KERING,100 g,W.P. Kuala Lumpur,8.99,6.5,11.13,52,617
1562,UDANG KERING,100 g,W.P. Labuan,6.8,5.7,7.59,6,57
1562,UDANG KERING,100 g,W.P. Putrajaya,10.74,8.66,11.8,12,136
1563,SOTONG KERING (SAIZ SERDAHANA),1kg,Johor,119.9,98.0,125.9,13,140
1563,SOTONG KERING (SAIZ SERDAHANA),1kg,Kedah,60.0,57.44,90.95,7,40
1563,SOTONG KERING (SAIZ SERDAHANA),1kg,Kelantan,147.45,108.17,180.65,8,55
1563,SOTONG KERING (SAIZ SERDAHANA),1kg,Melaka,80.0,74.99,85.0,2,11
1563,SOTONG KERING (SAIZ SERDAHANA),1kg,Negeri Sembilan,97.45,59.9,177.5,10,109
1563,SOTONG KERING (SAIZ SERDAHANA),1kg,Pahang,59.99,59.5,94.45,7,83
1563,SOTONG KERING (SAIZ SERDAHANA),1kg,Perak,69.9,59.9,122.9,19,171
1563,SOTONG KERING (SAIZ SERDAHANA),1kg,Perlis,52.0,50.0,53.5,3,18
1563,SOTONG KERING (SAIZ SERDAHANA),1kg,Pulau Pinang,195.0,195.0,195.0,1,11
1563,SOTONG KERING (SAIZ SERDAHANA),1kg,Sabah,97.7,78.49,115.0,10,64
1563,SOTONG KERING (SAIZ SERDAHANA),1kg,Sarawak,170.0,132.45,196.4,7,50
1563,SOTONG KERING (SAIZ SERDAHANA),1kg,Selangor,59.9,53.72,69.9,16,153
1563,SOTONG KERING (SAIZ SERDAHANA),1kg,Terengganu,115.0,97.49,132.5,2,11
1563,SOTONG KERING (SAIZ SERDAHANA),1kg,W.P. Kuala Lumpur,99.9,88.9,195.9,17,207
1563,SOTONG KERING (SAIZ SERDAHANA),1kg,W.P. Putrajaya,65.0,60.0,130.45,3,34
1564,BAWANG PUTIH IMPORT (CHINA),1kg,Johor,8.99,7.24,10.99,207,10507
1564,BAWANG PUTIH IMPORT (CHINA),1kg,Kedah,8.5,7.04,9.88,102,5283
1564,BAWANG PUTIH IMPORT (CHINA),1kg,Kelantan,8.99,7.99,10.78,134,6279
1564,BAWANG PUTIH IMPORT (CHINA),1kg,Melaka,10.0,8.9,12.0,54,2264
1564,BAWANG PUTIH IMPORT (CHINA),1kg,Negeri Sembilan,9.5,7.99,11.0,61,3089
1564,BAWANG PUTIH IMPORT (CHINA),1kg,Pahang,8.99,7.47,11.0,164,6928
1564,BAWANG PUTIH IMPORT (CHINA),1kg,Perak,8.94,6.99,10.0,184,9266
1564,BAWANG PUTIH IMPORT (CHINA),1kg,Perlis,8.0,7.1,11.0,27,1468
1564,BAWANG PUTIH IMPORT (CHINA),1kg,Pulau Pinang,9.5,7.9,11.0,138,6955
1564,BAWANG PUTIH IMPORT (CHINA),1kg,Sabah,8.0,7.5,9.8,189,9037
1564,BAWANG PUTIH IMPORT (CHINA),1kg,Sarawak,7.94,6.9,9.0,220,11805
1564,BAWANG PUTIH IMPORT (CHINA),1kg,Selangor,9.0,7.77,10.12,124,7238
1564,BAWANG PUTIH IMPORT (CHINA),1kg,Terengganu,9.5,7.89,10.0,100,4539
1564,BAWANG PUTIH IMPORT (CHINA),1kg,W.P. Kuala Lumpur,10.0,7.99,11.9,165,11157
1564,BAWANG PUTIH IMPORT (CHINA),1kg,W.P. Labuan,6.9,6.9,7.7,15,1047
1564,BAWANG PUTIH IMPORT (CHINA),1kg,W.P. Putrajaya,9.9,8.5,11.32,27,1376
1568,SERBUK KARI IKAN ADABI,250 g,Johor,6.5,6.2,6.9,195,2504
1568,SERBUK KARI IKAN ADABI,250 g,Kedah,6.5,6.3,6.8,90,1213
1568,SERBUK KARI IKAN ADABI,250 g,Kelantan,6.75,6.5,6.99,190,2377
1568,SERBUK KARI IKAN ADABI,250 g,Melaka,6.5,6.2,6.9,53,657
1568,SERBUK KARI IKAN ADABI,250 g,Negeri Sembilan,6.8,6.39,6.91,52,679
1568,SERBUK KARI IKAN ADABI,250 g,Pahang,6.65,6.3,6.9,129,1614
1568,SERBUK KARI IKAN ADABI,250 g,Perak,6.5,6.2,6.6,151,1917
1568,SERBUK KARI IKAN ADABI,250 g,Perlis,6.5,6.2,6.6,25,337
1568,SERBUK KARI IKAN ADABI,250 g,Pulau Pinang,6.7,6.29,6.9,78,961
1568,SERBUK KARI IKAN ADABI,250 g,Sabah,7.8,7.28,7.9,156,1541
1568,SERBUK KARI IKAN ADABI,250 g,Sarawak,6.9,6.7,7.0,176,2020
1568,SERBUK KARI IKAN ADABI,250 g,Selangor,6.5,6.2,6.9,114,1372
1568,SERBUK KARI IKAN ADABI,250 g,Terengganu,6.8,6.5,7.0,133,1756
1568,SERBUK KARI IKAN ADABI,250 g,W.P. Kuala Lumpur,6.8,6.5,7.3,127,1579
1568,SERBUK KARI IKAN ADABI,250 g,W.P. Labuan,7.9,7.9,7.9,13,129
1568,SERBUK KARI IKAN ADABI,250 g,W.P. Putrajaya,6.9,6.5,7.5,23,312
1570,SERBUK KARI AYAM DAN DAGING ADABI,250 g,Johor,6.5,6.0,6.9,206,2599
1570,SERBUK KARI AYAM DAN DAGING ADABI,250 g,Kedah,6.5,6.2,6.85,97,1276
1570,SERBUK KARI AYAM DAN DAGING ADABI,250 g,Kelantan,6.78,6.5,6.99,198,2425
1570,SERBUK KARI AYAM DAN DAGING ADABI,250 g,Melaka,6.5,6.16,6.9,52,639
1570,SERBUK KARI AYAM DAN DAGING ADABI,250 g,Negeri Sembilan,6.8,6.3,6.95,57,730
1570,SERBUK KARI AYAM DAN DAGING ADABI,250 g,Pahang,6.5,6.2,6.9,168,2152
1570,SERBUK KARI AYAM DAN DAGING ADABI,250 g,Perak,6.3,6.2,6.5,177,2270
1570,SERBUK KARI AYAM DAN DAGING ADABI,250 g,Perlis,6.5,6.2,6.8,27,331
1570,SERBUK KARI AYAM DAN DAGING ADABI,250 g,Pulau Pinang,6.5,6.2,6.9,90,1151
1570,SERBUK KARI AYAM DAN DAGING ADABI,250 g,Sabah,7.74,7.3,7.9,158,1425
1570,SERBUK KARI AYAM DAN DAGING ADABI,250 g,Sarawak,6.8,6.5,6.95,183,2031
1570,SERBUK KARI AYAM DAN DAGING ADABI,250 g,Selangor,6.5,6.01,6.9,126,1544
1570,SERBUK KARI AYAM DAN DAGING ADABI,250 g,Terengganu,6.7,6.49,7.0,134,1756
1570,SERBUK KARI AYAM DAN DAGING ADABI,250 g,W.P. Kuala Lumpur,6.8,6.35,7.25,141,1721
1570,SERBUK KARI AYAM DAN DAGING ADABI,250 g,W.P. Labuan,7.9,7.81,7.98,14,133
1570,SERBUK KARI AYAM DAN DAGING ADABI,250 g,W.P. Putrajaya,7.2,6.4,7.5,25,316
1572,SERBUK KARI DAGING BABAS,250 g,Johor,6.3,5.9,6.5,209,2780
1572,SERBUK KARI DAGING BABAS,250 g,Kedah,6.0,5.8,6.35,118,1553
1572,SERBUK KARI DAGING BABAS,250 g,Kelantan,6.34,6.0,6.5,192,2478
1572,SERBUK KARI DAGING BABAS,250 g,Melaka,6.15,5.97,6.46,52,676
1572,SERBUK KARI DAGING BABAS,250 g,Negeri Sembilan,6.2,6.0,6.5,63,850
1572,SERBUK KARI DAGING BABAS,250 g,Pahang,6.3,5.9,6.5,178,2345
1572,SERBUK KARI DAGING BABAS,250 g,Perak,5.99,5.65,6.3,190,2453
1572,SERBUK KARI DAGING BABAS,250 g,Perlis,6.0,5.8,6.25,35,465
1572,SERBUK KARI DAGING BABAS,250 g,Pulau Pinang,6.0,5.8,6.3,138,1735
1572,SERBUK KARI DAGING BABAS,250 g,Sabah,6.69,6.5,6.9,174,1719
1572,SERBUK KARI DAGING BABAS,250 g,Sarawak,6.5,6.4,6.7,207,2465
1572,SERBUK KARI DAGING BABAS,250 g,Selangor,6.15,5.8,6.5,131,1624
1572,SERBUK KARI DAGING BABAS,250 g,Terengganu,6.4,6.2,6.5,129,1718
1572,SERBUK KARI DAGING BABAS,250 g,W.P. Kuala Lumpur,6.35,6.1,6.8,163,2008
1572,SERBUK KARI DAGING BABAS,250 g,W.P. Labuan,6.9,6.7,6.9,13,133
1572,SERBUK KARI DAGING BABAS,250 g,W.P. Putrajaya,6.5,6.14,7.04,24,307
1577,SERBUK PERENCAH SUP ADABI,250 g,Johor,8.95,8.5,9.3,189,2314
1577,SERBUK PERENCAH SUP ADABI,250 g,Kedah,8.99,8.7,9.5,97,1161
1577,SERBUK PERENCAH SUP ADABI,250 g,Kelantan,9.2,8.93,9.5,187,2326
1577,SERBUK PERENCAH SUP ADABI,250 g,Melaka,9.1,8.5,9.62,52,631
1577,SERBUK PERENCAH SUP ADABI,250 g,Negeri Sembilan,9.1,8.94,9.59,56,714
1577,SERBUK PERENCAH SUP ADABI,250 g,Pahang,9.1,8.81,9.5,127,1636
1577,SERBUK PERENCAH SUP ADABI,250 g,Perak,8.95,8.6,9.1,139,1698
1577,SERBUK PERENCAH SUP ADABI,250 g,Perlis,8.9,8.35,9.28,30,280
1577,SERBUK PERENCAH SUP ADABI,250 g,Pulau Pinang,9.0,8.95,9.6,90,1097
1577,SERBUK PERENCAH SUP ADABI,250 g,Sabah,10.0,9.5,10.45,147,1279
1577,SERBUK PERENCAH SUP ADABI,250 g,Sarawak,9.2,8.9,9.5,156,1711
1577,SERBUK PERENCAH SUP ADABI,250 g,Selangor,8.95,8.5,9.1,106,1293
1577,SERBUK PERENCAH SUP ADABI,250 g,Terengganu,9.1,8.84,9.5,130,1733
1577,SERBUK PERENCAH SUP ADABI,250 g,W.P. Kuala Lumpur,9.1,8.82,9.7,121,1470
1577,SERBUK PERENCAH SUP ADABI,250 g,W.P. Labuan,10.45,10.4,10.7,12,120
1577,SERBUK PERENCAH SUP ADABI,250 g,W.P. Putrajaya,9.4,8.97,9.88,23,275
1581,BERAS CAP RAMBUTAN (SST5%),10 kg,Johor,26.0,26.0,26.0,6,7
1581,BERAS CAP RAMBUTAN (SST5%),10 kg,Kedah,26.0,26.0,26.0,14,36
1581,BERAS CAP RAMBUTAN (SST5%),10 kg,Kelantan,31.45,28.72,34.17,2,2
1581,BERAS CAP RAMBUTAN (SST5%),10 kg,Melaka,26.0,26.0,26.0,1,4
1581,BERAS CAP RAMBUTAN (SST5%),10 kg,Negeri Sembilan,26.0,26.0,26.0,1,1
1581,BERAS CAP RAMBUTAN (SST5%),10 kg,Perak,26.0,26.0,26.0,18,76
1581,BERAS CAP RAMBUTAN (SST5%),10 kg,Perlis,25.97,25.96,25.98,2,4
1581,BERAS CAP RAMBUTAN (SST5%),10 kg,Pulau Pinang,26.0,26.0,26.0,11,45
1581,BERAS CAP RAMBUTAN (SST5%),10 kg,Selangor,26.0,26.0,26.0,12,22
1581,BERAS CAP RAMBUTAN (SST5%),10 kg,Terengganu,26.0,25.97,26.0,3,11
1581,BERAS CAP RAMBUTAN (SST5%),10 kg,W.P. Kuala Lumpur,26.0,26.0,26.0,10,35
1581,BERAS CAP RAMBUTAN (SST5%),10 kg,W.P. Putrajaya,27.88,26.94,28.81,2,5
1582,BERAS CAP JASMINE (SST5%),10 kg,Johor,26.0,26.0,26.0,31,127
1582,BERAS CAP JASMINE (SST5%),10 kg,Kedah,26.0,26.0,26.0,16,81
1582,BERAS CAP JASMINE (SST5%),10 kg,Kelantan,26.0,26.0,26.0,42,231
1582,BERAS CAP JASMINE (SST5%),10 kg,Melaka,26.0,26.0,26.0,2,10
1582,BERAS CAP JASMINE (SST5%),10 kg,Negeri Sembilan,26.0,26.0,26.0,6,36
1582,BERAS CAP JASMINE (SST5%),10 kg,Pahang,26.0,26.0,26.0,40,168
1582,BERAS CAP JASMINE (SST5%),10 kg,Perak,26.0,26.0,26.0,51,195
1582,BERAS CAP JASMINE (SST5%),10 kg,Perlis,26.0,26.0,26.0,9,42
1582,BERAS CAP JASMINE (SST5%),10 kg,Pulau Pinang,26.0,26.0,26.0,18,95
1582,BERAS CAP JASMINE (SST5%),10 kg,Selangor,26.0,26.0,26.0,27,121
1582,BERAS CAP JASMINE (SST5%),10 kg,Terengganu,26.0,26.0,26.0,20,78
1582,BERAS CAP JASMINE (SST5%),10 kg,W.P. Kuala Lumpur,26.0,26.0,26.0,10,42
1582,BERAS CAP JASMINE (SST5%),10 kg,W.P. Putrajaya,26.0,26.0,26.0,5,16
1583,BERAS SUPER CAP JATI TWR  5% (IMPORT),10 kg,Johor,31.67,31.4,32.9,34,330
1583,BERAS SUPER CAP JATI TWR  5% (IMPORT),10 kg,Kedah,31.5,31.09,33.9,28,332
1583,BERAS SUPER CAP JATI TWR  5% (IMPORT),10 kg,Kelantan,38.2,32.9,42.1,16,127
1583,BERAS SUPER CAP JATI TWR  5% (IMPORT),10 kg,Melaka,32.75,31.89,35.03,6,56
1583,BERAS SUPER CAP JATI TWR  5% (IMPORT),10 kg,Negeri Sembilan,31.5,29.5,31.84,8,67
1583,BERAS SUPER CAP JATI TWR  5% (IMPORT),10 kg,Pahang,31.5,31.5,31.8,34,274
1583,BERAS SUPER CAP JATI TWR  5% (IMPORT),10 kg,Perak,31.5,31.5,31.78,63,689
1583,BERAS SUPER CAP JATI TWR  5% (IMPORT),10 kg,Perlis,33.5,31.5,33.9,5,34
1583,BERAS SUPER CAP JATI TWR  5% (IMPORT),10 kg,Pulau Pinang,31.5,30.65,32.52,27,306
1583,BERAS SUPER CAP JATI TWR  5% (IMPORT),10 kg,Selangor,31.5,31.4,32.9,33,339
1583,BERAS SUPER CAP JATI TWR  5% (IMPORT),10 kg,Terengganu,37.78,31.99,38.5,14,136
1583,BERAS SUPER CAP JATI TWR  5% (IMPORT),10 kg,W.P. Kuala Lumpur,32.52,30.3,37.1,22,182
1583,BERAS SUPER CAP JATI TWR  5% (IMPORT),10 kg,W.P. Putrajaya,37.05,35.62,38.48,8,30
1584,BIHUN KERING TEMPATAN (PELBAGAI JENAMA),400 g,Johor,2.95,2.72,3.2,207,2753
1584,BIHUN KERING TEMPATAN (PELBAGAI JENAMA),400 g,Kedah,2.8,2.68,3.0,112,1460
1584,BIHUN KERING TEMPATAN (PELBAGAI JENAMA),400 g,Kelantan,2.99,2.79,3.2,162,1751
1584,BIHUN KERING TEMPATAN (PELBAGAI JENAMA),400 g,Melaka,3.0,2.8,3.2,50,623
1584,BIHUN KERING TEMPATAN (PELBAGAI JENAMA),400 g,Negeri Sembilan,3.0,2.84,3.42,56,662
1584,BIHUN KERING TEMPATAN (PELBAGAI JENAMA),400 g,Pahang,3.2,2.52,3.7,182,2364
1584,BIHUN KERING TEMPATAN (PELBAGAI JENAMA),400 g,Perak,2.9,2.75,3.2,182,2222
1584,BIHUN KERING TEMPATAN (PELBAGAI JENAMA),400 g,Perlis,2.6,2.4,3.0,35,475
1584,BIHUN KERING TEMPATAN (PELBAGAI JENAMA),400 g,Pulau Pinang,2.99,2.78,3.3,108,1432
1584,BIHUN KERING TEMPATAN (PELBAGAI JENAMA),400 g,Sabah,2.59,2.45,3.8,37,225
1584,BIHUN KERING TEMPATAN (PELBAGAI JENAMA),400 g,Sarawak,4.8,3.5,4.9,41,316
1584,BIHUN KERING TEMPATAN (PELBAGAI JENAMA),400 g,Selangor,3.04,2.9,3.3,117,1445
1584,BIHUN KERING TEMPATAN (PELBAGAI JENAMA),400 g,Terengganu,3.0,2.9,3.5,127,1616
1584,BIHUN KERING TEMPATAN (PELBAGAI JENAMA),400 g,W.P. Kuala Lumpur,3.25,2.99,3.5,146,1811
1584,BIHUN KERING TEMPATAN (PELBAGAI JENAMA),400 g,W.P. Putrajaya,3.25,2.99,3.5,27,301
1585,BIHUN KERING IMPORT (PELBAGAI JENAMA),400 g,Johor,3.8,3.5,4.19,195,2561
1585,BIHUN KERING IMPORT (PELBAGAI JENAMA),400 g,Kedah,3.6,3.48,3.8,100,1308
1585,BIHUN KERING IMPORT (PELBAGAI JENAMA),400 g,Kelantan,3.6,3.5,3.9,132,1429
1585,BIHUN KERING IMPORT (PELBAGAI JENAMA),400 g,Melaka,3.8,3.51,3.9,50,610
1585,BIHUN KERING IMPORT (PELBAGAI JENAMA),400 g,Negeri Sembilan,3.78,3.58,3.92,64,855
1585,BIHUN KERING IMPORT (PELBAGAI JENAMA),400 g,Pahang,3.6,3.35,3.9,100,1299
1585,BIHUN KERING IMPORT (PELBAGAI JENAMA),400 g,Perak,3.52,3.35,3.9,174,2207
1585,BIHUN KERING IMPORT (PELBAGAI JENAMA),400 g,Perlis,3.5,3.38,3.61,27,346
1585,BIHUN KERING IMPORT (PELBAGAI JENAMA),400 g,Pulau Pinang,3.9,3.6,4.19,129,1611
1585,BIHUN KERING IMPORT (PELBAGAI JENAMA),400 g,Selangor,3.8,3.46,3.99,130,1626
1585,BIHUN KERING IMPORT (PELBAGAI JENAMA),400 g,Terengganu,3.67,3.55,3.9,94,1099
1585,BIHUN KERING IMPORT (PELBAGAI JENAMA),400 g,W.P. Kuala Lumpur,3.99,3.7,4.2,162,2009
1585,BIHUN KERING IMPORT (PELBAGAI JENAMA),400 g,W.P. Putrajaya,3.9,3.8,4.3,25,318
1588,GULA MERAH LEMBUT (PELBAGAI JENAMA),+- 500g,Johor,4.2,2.65,4.38,54,584
1588,GULA MERAH LEMBUT (PELBAGAI JENAMA),+- 500g,Kedah,3.99,3.35,4.9,30,307
1588,GULA MERAH LEMBUT (PELBAGAI JENAMA),+- 500g,Kelantan,3.8,2.6,4.5,19,143
1588,GULA MERAH LEMBUT (PELBAGAI JENAMA),+- 500g,Melaka,2.58,2.55,2.69,8,55
1588,GULA MERAH LEMBUT (PELBAGAI JENAMA),+- 500g,Negeri Sembilan,2.65,2.59,3.06,20,191
1588,GULA MERAH LEMBUT (PELBAGAI JENAMA),+- 500g,Pahang,4.3,2.64,4.8,32,367
1588,GULA MERAH LEMBUT (PELBAGAI JENAMA),+- 500g,Perak,2.6,2.55,4.35,60,625
1588,GULA MERAH LEMBUT (PELBAGAI JENAMA),+- 500g,Perlis,4.8,4.25,4.9,11,131
1588,GULA MERAH LEMBUT (PELBAGAI JENAMA),+- 500g,Pulau Pinang,2.65,2.56,3.99,26,288
1588,GULA MERAH LEMBUT (PELBAGAI JENAMA),+- 500g,Sabah,4.39,3.8,4.6,45,301
1588,GULA MERAH LEMBUT (PELBAGAI JENAMA),+- 500g,Sarawak,4.3,4.1,4.5,81,653
1588,GULA MERAH LEMBUT (PELBAGAI JENAMA),+- 500g,Selangor,2.65,2.55,2.82,44,380
1588,GULA MERAH LEMBUT (PELBAGAI JENAMA),+- 500g,Terengganu,3.5,2.78,3.75,19,164
1588,GULA MERAH LEMBUT (PELBAGAI JENAMA),+- 500g,W.P. Kuala Lumpur,2.65,2.6,2.8,53,605
1588,GULA MERAH LEMBUT (PELBAGAI JENAMA),+- 500g,W.P. Labuan,5.1,4.85,5.55,7,56
1588,GULA MERAH LEMBUT (PELBAGAI JENAMA),+- 500g,W.P. Putrajaya,2.85,2.64,4.69,12,109
1589,GULA PUTIH BERTAPIS KASAR (PELBAGAI JENAMA),1kg,Johor,2.85,2.85,2.85,209,2825
1589,GULA PUTIH BERTAPIS KASAR (PELBAGAI JENAMA),1kg,Kedah,2.85,2.85,2.85,113,1529
1589,GULA PUTIH BERTAPIS KASAR (PELBAGAI JENAMA),1kg,Kelantan,2.85,2.85,2.85,202,2767
1589,GULA PUTIH BERTAPIS KASAR (PELBAGAI JENAMA),1kg,Melaka,2.85,2.85,2.85,52,694
1589,GULA PUTIH BERTAPIS KASAR (PELBAGAI JENAMA),1kg,Negeri Sembilan,2.85,2.85,2.85,61,810
1589,GULA PUTIH BERTAPIS KASAR (PELBAGAI JENAMA),1kg,Pahang,2.85,2.85,2.85,181,2370
1589,GULA PUTIH BERTAPIS KASAR (PELBAGAI JENAMA),1kg,Perak,2.85,2.85,2.85,175,2343
1589,GULA PUTIH BERTAPIS KASAR (PELBAGAI JENAMA),1kg,Perlis,2.85,2.85,2.85,32,425
1589,GULA PUTIH BERTAPIS KASAR (PELBAGAI JENAMA),1kg,Pulau Pinang,2.85,2.85,2.85,137,1792
1589,GULA PUTIH BERTAPIS KASAR (PELBAGAI JENAMA),1kg,Sabah,2.85,2.85,2.85,162,1579
1589,GULA PUTIH BERTAPIS KASAR (PELBAGAI JENAMA),1kg,Sarawak,2.85,2.85,2.85,191,2072
1589,GULA PUTIH BERTAPIS KASAR (PELBAGAI JENAMA),1kg,Selangor,2.85,2.85,2.85,126,1582
1589,GULA PUTIH BERTAPIS KASAR (PELBAGAI JENAMA),1kg,Terengganu,2.85,2.85,2.85,133,1795
1589,GULA PUTIH BERTAPIS KASAR (PELBAGAI JENAMA),1kg,W.P. Kuala Lumpur,2.85,2.85,2.85,175,2257
1589,GULA PUTIH BERTAPIS KASAR (PELBAGAI JENAMA),1kg,W.P. Labuan,2.85,2.85,2.85,13,134
1589,GULA PUTIH BERTAPIS KASAR (PELBAGAI JENAMA),1kg,W.P. Putrajaya,2.85,2.85,2.85,27,355
1590,GULA PUTIH BERTAPIS HALUS (PELBAGAI JENAMA),1kg,Johor,2.95,2.95,2.95,80,812
1590,GULA PUTIH BERTAPIS HALUS (PELBAGAI JENAMA),1kg,Kedah,2.95,2.95,2.95,28,320
1590,GULA PUTIH BERTAPIS HALUS (PELBAGAI JENAMA),1kg,Kelantan,2.95,2.95,2.95,20,194
1590,GULA PUTIH BERTAPIS HALUS (PELBAGAI JENAMA),1kg,Melaka,2.95,2.95,2.95,15,177
1590,GULA PUTIH BERTAPIS HALUS (PELBAGAI JENAMA),1kg,Negeri Sembilan,2.95,2.95,2.95,31,371
1590,GULA PUTIH BERTAPIS HALUS (PELBAGAI JENAMA),1kg,Pahang,2.95,2.95,2.95,68,814
1590,GULA PUTIH BERTAPIS HALUS (PELBAGAI JENAMA),1kg,Perak,2.95,2.95,2.95,108,1217
1590,GULA PUTIH BERTAPIS HALUS (PELBAGAI JENAMA),1kg,Perlis,2.95,2.95,2.95,5,39
1590,GULA PUTIH BERTAPIS HALUS (PELBAGAI JENAMA),1kg,Pulau Pinang,2.95,2.95,2.95,68,802
1590,GULA PUTIH BERTAPIS HALUS (PELBAGAI JENAMA),1kg,Sabah,2.95,2.95,2.95,13,39
1590,GULA PUTIH BERTAPIS HALUS (PELBAGAI JENAMA),1kg,Sarawak,2.95,2.95,2.95,48,344
1590,GULA PUTIH BERTAPIS HALUS (PELBAGAI JENAMA),1kg,Selangor,2.95,2.95,2.95,89,1085
1590,GULA PUTIH BERTAPIS HALUS (PELBAGAI JENAMA),1kg,Terengganu,2.95,2.95,2.95,26,270
1590,GULA PUTIH BERTAPIS HALUS (PELBAGAI JENAMA),1kg,W.P. Kuala Lumpur,2.95,2.95,2.95,128,1517
1590,GULA PUTIH BERTAPIS HALUS (PELBAGAI JENAMA),1kg,W.P. Putrajaya,2.95,2.95,2.95,15,177
1595,MINYAK JAGUNG CAP DAISY,2 kg,Johor,29.08,27.9,29.9,77,987
1595,MINYAK JAGUNG CAP DAISY,2 kg,Kedah,29.08,27.2,29.7,35,443
1595,MINYAK JAGUNG CAP DAISY,2 kg,Kelantan,30.6,29.35,32.2,47,535
1595,MINYAK JAGUNG CAP DAISY,2 kg,Melaka,27.99,24.9,30.26,13,147
1595,MINYAK JAGUNG CAP DAISY,2 kg,Negeri Sembilan,28.7,26.4,29.6,20,256
1595,MINYAK JAGUNG CAP DAISY,2 kg,Pahang,29.9,29.06,30.92,40,521
1595,MINYAK JAGUNG CAP DAISY,2 kg,Perak,28.95,24.9,29.9,49,655
1595,MINYAK JAGUNG CAP DAISY,2 kg,Perlis,29.5,29.5,31.19,6,64
1595,MINYAK JAGUNG CAP DAISY,2 kg,Pulau Pinang,26.57,24.9,29.45,27,325
1595,MINYAK JAGUNG CAP DAISY,2 kg,Sabah,29.99,29.44,30.6,76,757
1595,MINYAK JAGUNG CAP DAISY,2 kg,Sarawak,29.2,28.5,30.6,101,993
1595,MINYAK JAGUNG CAP DAISY,2 kg,Selangor,27.99,24.9,29.5,31,411
1595,MINYAK JAGUNG CAP DAISY,2 kg,Terengganu,29.5,28.98,31.06,28,346
1595,MINYAK JAGUNG CAP DAISY,2 kg,W.P. Kuala Lumpur,29.5,29.08,30.26,65,785
1595,MINYAK JAGUNG CAP DAISY,2 kg,W.P. Labuan,30.05,29.52,30.35,8,66
1595,MINYAK JAGUNG CAP DAISY,2 kg,W.P. Putrajaya,29.5,28.7,31.25,9,114
1596,MINYAK JAGUNG CAP MAZOLA,2 kg,Johor,29.9,29.9,29.92,4,40
1596,MINYAK JAGUNG CAP MAZOLA,2 kg,Kedah,28.5,28.5,28.5,1,8
1596,MINYAK JAGUNG CAP MAZOLA,2 kg,Kelantan,29.9,29.9,29.9,5,41
1596,MINYAK JAGUNG CAP MAZOLA,2 kg,Negeri Sembilan,28.42,28.16,28.69,2,18
1596,MINYAK JAGUNG CAP MAZOLA,2 kg,Perak,29.35,28.92,29.78,2,19
1596,MINYAK JAGUNG CAP MAZOLA,2 kg,Pulau Pinang,29.5,29.4,29.7,3,30
1596,MINYAK JAGUNG CAP MAZOLA,2 kg,Sabah,28.99,28.22,29.57,8,79
1596,MINYAK JAGUNG CAP MAZOLA,2 kg,Sarawak,29.6,28.99,29.9,17,181
1596,MINYAK JAGUNG CAP MAZOLA,2 kg,Selangor,21.9,20.4,23.4,2,2
1596,MINYAK JAGUNG CAP MAZOLA,2 kg,Terengganu,29.7,29.6,29.8,2,27
1596,MINYAK JAGUNG CAP MAZOLA,2 kg,W.P. Labuan,28.2,28.2,28.2,1,1
1596,MINYAK JAGUNG CAP MAZOLA,2 kg,W.P. Putrajaya,32.2,32.2,32.2,1,6
1597,MINYAK JAGUNG CAP VECORN,2 kg,Johor,28.9,28.39,29.57,15,175
1597,MINYAK JAGUNG CAP VECORN,2 kg,Kedah,28.9,27.7,29.15,11,125
1597,MINYAK JAGUNG CAP VECORN,2 kg,Kelantan,28.8,27.72,30.29,12,98
1597,MINYAK JAGUNG CAP VECORN,2 kg,Melaka,28.84,22.82,29.17,4,26
1597,MINYAK JAGUNG CAP VECORN,2 kg,Negeri Sembilan,27.95,27.42,28.37,3,35
1597,MINYAK JAGUNG CAP VECORN,2 kg,Pahang,29.5,27.95,30.08,7,86
1597,MINYAK JAGUNG CAP VECORN,2 kg,Perak,28.34,26.71,29.0,12,153
1597,MINYAK JAGUNG CAP VECORN,2 kg,Perlis,29.08,28.79,29.36,2,14
1597,MINYAK JAGUNG CAP VECORN,2 kg,Pulau Pinang,26.7,25.99,28.15,8,92
1597,MINYAK JAGUNG CAP VECORN,2 kg,Sabah,31.3,29.95,31.4,51,456
1597,MINYAK JAGUNG CAP VECORN,2 kg,Sarawak,29.8,28.85,30.35,84,840
1597,MINYAK JAGUNG CAP VECORN,2 kg,Selangor,26.94,25.99,28.65,6,67
1597,MINYAK JAGUNG CAP VECORN,2 kg,Terengganu,29.5,26.99,29.5,13,123
1597,MINYAK JAGUNG CAP VECORN,2 kg,W.P. Kuala Lumpur,28.9,28.79,30.3,44,468
1597,MINYAK JAGUNG CAP VECORN,2 kg,W.P. Labuan,27.2,27.2,27.2,1,13
1597,MINYAK JAGUNG CAP VECORN,2 kg,W.P. Putrajaya,28.79,27.9,29.4,5,62
1598,MINYAK MASAK SEBATIAN CAP RED EAGLE,2 kg,Johor,15.99,15.5,16.24,106,1184
1598,MINYAK MASAK SEBATIAN CAP RED EAGLE,2 kg,Kedah,15.99,15.5,16.6,54,663
1598,MINYAK MASAK SEBATIAN CAP RED EAGLE,2 kg,Kelantan,16.5,15.99,16.9,53,560
1598,MINYAK MASAK SEBATIAN CAP RED EAGLE,2 kg,Melaka,16.05,15.9,16.5,25,231
1598,MINYAK MASAK SEBATIAN CAP RED EAGLE,2 kg,Negeri Sembilan,15.99,15.45,16.5,21,204
1598,MINYAK MASAK SEBATIAN CAP RED EAGLE,2 kg,Pahang,15.5,15.5,16.2,78,962
1598,MINYAK MASAK SEBATIAN CAP RED EAGLE,2 kg,Perak,15.53,15.5,16.0,113,1337
1598,MINYAK MASAK SEBATIAN CAP RED EAGLE,2 kg,Perlis,16.5,15.5,16.9,13,124
1598,MINYAK MASAK SEBATIAN CAP RED EAGLE,2 kg,Pulau Pinang,16.1,15.5,16.5,85,933
1598,MINYAK MASAK SEBATIAN CAP RED EAGLE,2 kg,Sabah,17.5,17.3,17.99,121,1136
1598,MINYAK MASAK SEBATIAN CAP RED EAGLE,2 kg,Sarawak,17.5,17.2,17.9,163,1464
1598,MINYAK MASAK SEBATIAN CAP RED EAGLE,2 kg,Selangor,15.82,15.46,16.18,58,625
1598,MINYAK MASAK SEBATIAN CAP RED EAGLE,2 kg,Terengganu,16.05,15.82,16.64,26,287
1598,MINYAK MASAK SEBATIAN CAP RED EAGLE,2 kg,W.P. Kuala Lumpur,16.1,15.66,16.39,106,1200
1598,MINYAK MASAK SEBATIAN CAP RED EAGLE,2 kg,W.P. Labuan,18.6,18.35,18.9,11,82
1598,MINYAK MASAK SEBATIAN CAP RED EAGLE,2 kg,W.P. Putrajaya,16.15,15.8,16.83,12,152
1600,MINYAK MASAK SEBATIAN CAP KNIFE,2 kg,Johor,15.9,15.49,16.19,143,1645
1600,MINYAK MASAK SEBATIAN CAP KNIFE,2 kg,Kedah,16.2,15.5,16.4,71,784
1600,MINYAK MASAK SEBATIAN CAP KNIFE,2 kg,Kelantan,16.25,15.72,16.99,66,540
1600,MINYAK MASAK SEBATIAN CAP KNIFE,2 kg,Melaka,15.9,15.5,16.2,29,312
1600,MINYAK MASAK SEBATIAN CAP KNIFE,2 kg,Negeri Sembilan,15.9,15.5,16.65,42,470
1600,MINYAK MASAK SEBATIAN CAP KNIFE,2 kg,Pahang,15.5,15.5,15.99,92,1153
1600,MINYAK MASAK SEBATIAN CAP KNIFE,2 kg,Perak,15.5,15.49,15.98,123,1405
1600,MINYAK MASAK SEBATIAN CAP KNIFE,2 kg,Perlis,16.2,15.75,16.58,16,102
1600,MINYAK MASAK SEBATIAN CAP KNIFE,2 kg,Pulau Pinang,16.2,15.5,16.5,93,1018
1600,MINYAK MASAK SEBATIAN CAP KNIFE,2 kg,Sabah,16.6,16.5,17.2,118,994
1600,MINYAK MASAK SEBATIAN CAP KNIFE,2 kg,Sarawak,16.6,16.39,16.9,149,1076
1600,MINYAK MASAK SEBATIAN CAP KNIFE,2 kg,Selangor,15.79,15.49,15.95,79,894
1600,MINYAK MASAK SEBATIAN CAP KNIFE,2 kg,Terengganu,15.99,15.6,16.2,32,347
1600,MINYAK MASAK SEBATIAN CAP KNIFE,2 kg,W.P. Kuala Lumpur,16.0,15.68,16.3,132,1455
1600,MINYAK MASAK SEBATIAN CAP KNIFE,2 kg,W.P. Labuan,17.4,16.68,17.6,14,105
1600,MINYAK MASAK SEBATIAN CAP KNIFE,2 kg,W.P. Putrajaya,15.98,15.9,16.9,18,182
1601,MINYAK MASAK TULEN CAP BURUH,2 kg,Johor,13.3,13.1,13.3,170,1768
1601,MINYAK MASAK TULEN CAP BURUH,2 kg,Kedah,13.3,12.95,13.3,73,789
1601,MINYAK MASAK TULEN CAP BURUH,2 kg,Kelantan,13.3,13.3,13.3,124,1003
1601,MINYAK MASAK TULEN CAP BURUH,2 kg,Melaka,13.3,13.2,13.3,46,417
1601,MINYAK MASAK TULEN CAP BURUH,2 kg,Negeri Sembilan,13.3,13.2,13.3,50,469
1601,MINYAK MASAK TULEN CAP BURUH,2 kg,Pahang,13.3,12.9,13.3,126,1392
1601,MINYAK MASAK TULEN CAP BURUH,2 kg,Perak,13.2,12.9,13.3,145,1502
1601,MINYAK MASAK TULEN CAP BURUH,2 kg,Perlis,13.3,13.0,13.3,19,160
1601,MINYAK MASAK TULEN CAP BURUH,2 kg,Pulau Pinang,13.3,12.95,13.3,108,999
1601,MINYAK MASAK TULEN CAP BURUH,2 kg,Sabah,13.3,13.3,13.3,145,1170
1601,MINYAK MASAK TULEN CAP BURUH,2 kg,Sarawak,13.3,13.3,13.3,156,987
1601,MINYAK MASAK TULEN CAP BURUH,2 kg,Selangor,13.3,12.9,13.3,109,1046
1601,MINYAK MASAK TULEN CAP BURUH,2 kg,Terengganu,13.3,13.3,13.3,74,724
1601,MINYAK MASAK TULEN CAP BURUH,2 kg,W.P. Kuala Lumpur,13.3,13.2,13.3,137,1352
1601,MINYAK MASAK TULEN CAP BURUH,2 kg,W.P. Labuan,13.3,13.3,13.3,14,109
1601,MINYAK MASAK TULEN CAP BURUH,2 kg,W.P. Putrajaya,13.3,13.25,13.3,26,214
1602,MINYAK MASAK TULEN CAP VESAWIT,2 kg,Johor,13.3,13.19,13.3,95,918
1602,MINYAK MASAK TULEN CAP VESAWIT,2 kg,Kedah,13.3,13.3,13.3,59,662
1602,MINYAK MASAK TULEN CAP VESAWIT,2 kg,Kelantan,13.3,13.3,13.3,87,643
1602,MINYAK MASAK TULEN CAP VESAWIT,2 kg,Melaka,13.3,13.2,13.3,32,288
1602,MINYAK MASAK TULEN CAP VESAWIT,2 kg,Negeri Sembilan,13.3,13.15,13.3,23,210
1602,MINYAK MASAK TULEN CAP VESAWIT,2 kg,Pahang,13.3,13.3,13.3,69,752
1602,MINYAK MASAK TULEN CAP VESAWIT,2 kg,Perak,13.3,13.1,13.3,93,953
1602,MINYAK MASAK TULEN CAP VESAWIT,2 kg,Perlis,13.3,13.3,13.3,15,126
1602,MINYAK MASAK TULEN CAP VESAWIT,2 kg,Pulau Pinang,13.3,13.3,13.3,78,764
1602,MINYAK MASAK TULEN CAP VESAWIT,2 kg,Sabah,13.3,13.3,13.3,132,1065
1602,MINYAK MASAK TULEN CAP VESAWIT,2 kg,Sarawak,13.3,13.3,13.3,162,1069
1602,MINYAK MASAK TULEN CAP VESAWIT,2 kg,Selangor,13.3,13.2,13.3,44,382
1602,MINYAK MASAK TULEN CAP VESAWIT,2 kg,Terengganu,13.3,13.3,13.3,54,430
1602,MINYAK MASAK TULEN CAP VESAWIT,2 kg,W.P. Kuala Lumpur,13.3,13.3,13.3,85,828
1602,MINYAK MASAK TULEN CAP VESAWIT,2 kg,W.P. Labuan,13.3,13.3,13.3,5,20
1602,MINYAK MASAK TULEN CAP VESAWIT,2 kg,W.P. Putrajaya,13.3,13.3,13.3,13,137
1603,MINYAK SAPI CAP WINDMILL GHEEBLEND,400 g,Johor,19.99,17.59,21.99,81,959
1603,MINYAK SAPI CAP WINDMILL GHEEBLEND,400 g,Kedah,18.5,17.95,19.9,29,357
1603,MINYAK SAPI CAP WINDMILL GHEEBLEND,400 g,Kelantan,18.5,17.9,19.6,48,589
1603,MINYAK SAPI CAP WINDMILL GHEEBLEND,400 g,Melaka,18.7,16.67,20.57,14,137
1603,MINYAK SAPI CAP WINDMILL GHEEBLEND,400 g,Negeri Sembilan,18.24,16.84,19.68,18,227
1603,MINYAK SAPI CAP WINDMILL GHEEBLEND,400 g,Pahang,19.5,17.94,21.14,47,530
1603,MINYAK SAPI CAP WINDMILL GHEEBLEND,400 g,Perak,18.88,16.4,19.99,48,606
1603,MINYAK SAPI CAP WINDMILL GHEEBLEND,400 g,Perlis,18.8,17.9,19.5,9,113
1603,MINYAK SAPI CAP WINDMILL GHEEBLEND,400 g,Pulau Pinang,18.5,17.95,20.69,28,353
1603,MINYAK SAPI CAP WINDMILL GHEEBLEND,400 g,Sabah,19.49,16.8,19.8,57,459
1603,MINYAK SAPI CAP WINDMILL GHEEBLEND,400 g,Sarawak,19.5,18.7,20.9,88,860
1603,MINYAK SAPI CAP WINDMILL GHEEBLEND,400 g,Selangor,19.65,17.95,22.0,43,522
1603,MINYAK SAPI CAP WINDMILL GHEEBLEND,400 g,Terengganu,19.99,19.5,22.9,28,305
1603,MINYAK SAPI CAP WINDMILL GHEEBLEND,400 g,W.P. Kuala Lumpur,20.25,19.36,22.75,63,767
1603,MINYAK SAPI CAP WINDMILL GHEEBLEND,400 g,W.P. Labuan,19.5,16.4,19.5,9,96
1603,MINYAK SAPI CAP WINDMILL GHEEBLEND,400 g,W.P. Putrajaya,21.72,20.0,22.56,12,148
1604,ASAM JAWA (TIDAK BERBIJI) ADABI,200 g,Johor,4.99,4.45,5.19,88,944
1604,ASAM JAWA (TIDAK BERBIJI) ADABI,200 g,Kedah,4.95,4.5,5.2,39,480
1604,ASAM JAWA (TIDAK BERBIJI) ADABI,200 g,Kelantan,4.9,4.7,5.2,55,640
1604,ASAM JAWA (TIDAK BERBIJI) ADABI,200 g,Melaka,4.9,4.55,5.0,17,169
1604,ASAM JAWA (TIDAK BERBIJI) ADABI,200 g,Negeri Sembilan,4.6,4.4,4.95,24,265
1604,ASAM JAWA (TIDAK BERBIJI) ADABI,200 g,Pahang,5.0,4.99,5.2,61,717
1604,ASAM JAWA (TIDAK BERBIJI) ADABI,200 g,Perak,4.85,4.4,5.2,64,674
1604,ASAM JAWA (TIDAK BERBIJI) ADABI,200 g,Perlis,4.9,4.72,4.96,12,117
1604,ASAM JAWA (TIDAK BERBIJI) ADABI,200 g,Pulau Pinang,4.93,4.45,5.2,30,317
1604,ASAM JAWA (TIDAK BERBIJI) ADABI,200 g,Sabah,5.3,5.19,5.64,54,341
1604,ASAM JAWA (TIDAK BERBIJI) ADABI,200 g,Sarawak,5.0,4.9,5.2,106,966
1604,ASAM JAWA (TIDAK BERBIJI) ADABI,200 g,Selangor,4.5,4.43,5.03,56,634
1604,ASAM JAWA (TIDAK BERBIJI) ADABI,200 g,Terengganu,5.15,4.99,5.2,37,420
1604,ASAM JAWA (TIDAK BERBIJI) ADABI,200 g,W.P. Kuala Lumpur,4.95,4.49,5.1,105,1267
1604,ASAM JAWA (TIDAK BERBIJI) ADABI,200 g,W.P. Labuan,5.45,5.29,5.52,4,24
1604,ASAM JAWA (TIDAK BERBIJI) ADABI,200 g,W.P. Putrajaya,4.9,4.5,5.1,15,144
1605,GARAM HALUS BIASA (PELBAGAI JENAMA),+-350g,Johor,0.9,0.75,1.9,78,936
1605,GARAM HALUS BIASA (PELBAGAI JENAMA),+-350g,Kedah,0.8,0.7,0.9,27,341
1605,GARAM HALUS BIASA (PELBAGAI JENAMA),+-350g,Kelantan,2.2,2.1,2.2,15,168
1605,GARAM HALUS BIASA (PELBAGAI JENAMA),+-350g,Melaka,0.6,0.6,0.7,9,84
1605,GARAM HALUS BIASA (PELBAGAI JENAMA),+-350g,Negeri Sembilan,0.72,0.6,0.8,24,322
1605,GARAM HALUS BIASA (PELBAGAI JENAMA),+-350g,Pahang,0.8,0.7,0.9,42,522
1605,GARAM HALUS BIASA (PELBAGAI JENAMA),+-350g,Perak,0.8,0.72,0.8,56,573
1605,GARAM HALUS BIASA (PELBAGAI JENAMA),+-350g,Perlis,1.4,0.8,2.0,12,151
1605,GARAM HALUS BIASA (PELBAGAI JENAMA),+-350g,Pulau Pinang,0.7,0.6,0.75,19,224
1605,GARAM HALUS BIASA (PELBAGAI JENAMA),+-350g,Sabah,1.1,0.79,1.59,61,506
1605,GARAM HALUS BIASA (PELBAGAI JENAMA),+-350g,Sarawak,1.75,1.0,2.0,88,896
1605,GARAM HALUS BIASA (PELBAGAI JENAMA),+-350g,Selangor,0.75,0.7,0.8,52,653
1605,GARAM HALUS BIASA (PELBAGAI JENAMA),+-350g,Terengganu,0.89,0.7,1.06,28,300
1605,GARAM HALUS BIASA (PELBAGAI JENAMA),+-350g,W.P. Kuala Lumpur,0.8,0.7,0.99,90,1097
1605,GARAM HALUS BIASA (PELBAGAI JENAMA),+-350g,W.P. Labuan,1.5,1.4,1.78,10,106
1605,GARAM HALUS BIASA (PELBAGAI JENAMA),+-350g,W.P. Putrajaya,0.8,0.7,0.82,15,161
1606,MENTEGA KACANG HALUS LADY'S CHOICE,500 g,Johor,18.6,15.8,18.99,84,1063
1606,MENTEGA KACANG HALUS LADY'S CHOICE,500 g,Kedah,18.5,15.99,18.9,34,453
1606,MENTEGA KACANG HALUS LADY'S CHOICE,500 g,Kelantan,18.68,17.95,19.36,54,683
1606,MENTEGA KACANG HALUS LADY'S CHOICE,500 g,Melaka,17.47,15.6,18.9,16,189
1606,MENTEGA KACANG HALUS LADY'S CHOICE,500 g,Negeri Sembilan,15.99,15.8,17.75,22,295
1606,MENTEGA KACANG HALUS LADY'S CHOICE,500 g,Pahang,18.9,16.92,18.99,46,592
1606,MENTEGA KACANG HALUS LADY'S CHOICE,500 g,Perak,15.35,14.9,15.99,52,680
1606,MENTEGA KACANG HALUS LADY'S CHOICE,500 g,Perlis,19.06,18.9,19.36,6,75
1606,MENTEGA KACANG HALUS LADY'S CHOICE,500 g,Pulau Pinang,17.95,15.49,18.9,31,424
1606,MENTEGA KACANG HALUS LADY'S CHOICE,500 g,Sabah,18.9,18.9,19.65,67,549
1606,MENTEGA KACANG HALUS LADY'S CHOICE,500 g,Sarawak,18.9,18.5,19.2,85,607
1606,MENTEGA KACANG HALUS LADY'S CHOICE,500 g,Selangor,17.95,15.85,19.07,44,571
1606,MENTEGA KACANG HALUS LADY'S CHOICE,500 g,Terengganu,18.9,18.34,19.35,31,402
1606,MENTEGA KACANG HALUS LADY'S CHOICE,500 g,W.P. Kuala Lumpur,18.9,17.88,19.9,88,1091
1606,MENTEGA KACANG HALUS LADY'S CHOICE,500 g,W.P. Labuan,19.2,19.05,19.25,7,56
1606,MENTEGA KACANG HALUS LADY'S CHOICE,500 g,W.P. Putrajaya,19.15,17.84,19.9,12,150
1610,SANTAN KELAPA JENAMA M&S,500 ml,Johor,8.1,7.95,8.3,99,1174
1610,SANTAN KELAPA JENAMA M&S,500 ml,Kedah,8.2,8.1,8.5,45,557
1610,SANTAN KELAPA JENAMA M&S,500 ml,Kelantan,8.41,8.12,8.59,42,439
1610,SANTAN KELAPA JENAMA M&S,500 ml,Melaka,8.1,7.9,8.6,25,285
1610,SANTAN KELAPA JENAMA M&S,500 ml,Negeri Sembilan,8.3,8.02,8.94,19,229
1610,SANTAN KELAPA JENAMA M&S,500 ml,Pahang,8.1,8.1,8.5,90,1073
1610,SANTAN KELAPA JENAMA M&S,500 ml,Perak,8.1,8.0,8.5,112,1377
1610,SANTAN KELAPA JENAMA M&S,500 ml,Perlis,7.98,7.78,8.43,16,174
1610,SANTAN KELAPA JENAMA M&S,500 ml,Pulau Pinang,8.15,8.1,8.56,64,746
1610,SANTAN KELAPA JENAMA M&S,500 ml,Sabah,8.5,8.25,8.59,73,678
1610,SANTAN KELAPA JENAMA M&S,500 ml,Sarawak,8.4,8.2,8.5,76,778
1610,SANTAN KELAPA JENAMA M&S,500 ml,Selangor,8.3,8.1,8.9,89,1010
1610,SANTAN KELAPA JENAMA M&S,500 ml,Terengganu,8.29,7.9,8.55,35,403
1610,SANTAN KELAPA JENAMA M&S,500 ml,W.P. Kuala Lumpur,8.6,8.1,8.99,97,1149
1610,SANTAN KELAPA JENAMA M&S,500 ml,W.P. Labuan,8.7,8.6,8.9,9,101
1610,SANTAN KELAPA JENAMA M&S,500 ml,W.P. Putrajaya,8.75,8.35,9.14,18,193
1611,SANTAN KELAPA JENAMA KARA,200 ml,Johor,3.9,3.66,4.0,211,2645
1611,SANTAN KELAPA JENAMA KARA,200 ml,Kedah,3.9,3.59,4.0,117,1386
1611,SANTAN KELAPA JENAMA KARA,200 ml,Kelantan,4.03,3.94,4.5,200,2360
1611,SANTAN KELAPA JENAMA KARA,200 ml,Melaka,3.9,3.7,4.0,53,645
1611,SANTAN KELAPA JENAMA KARA,200 ml,Negeri Sembilan,3.99,3.74,4.12,64,821
1611,SANTAN KELAPA JENAMA KARA,200 ml,Pahang,3.9,3.75,4.19,175,2161
1611,SANTAN KELAPA JENAMA KARA,200 ml,Perak,3.75,3.69,4.0,189,2215
1611,SANTAN KELAPA JENAMA KARA,200 ml,Perlis,3.9,3.69,4.15,33,427
1611,SANTAN KELAPA JENAMA KARA,200 ml,Pulau Pinang,3.99,3.69,4.2,133,1585
1611,SANTAN KELAPA JENAMA KARA,200 ml,Sabah,4.1,3.9,4.3,156,1463
1611,SANTAN KELAPA JENAMA KARA,200 ml,Sarawak,4.2,3.9,4.3,194,2195
1611,SANTAN KELAPA JENAMA KARA,200 ml,Selangor,3.9,3.67,4.2,128,1488
1611,SANTAN KELAPA JENAMA KARA,200 ml,Terengganu,4.2,3.9,4.4,135,1633
1611,SANTAN KELAPA JENAMA KARA,200 ml,W.P. Kuala Lumpur,4.0,3.87,4.2,160,1915
1611,SANTAN KELAPA JENAMA KARA,200 ml,W.P. Labuan,3.6,3.5,3.95,14,160
1611,SANTAN KELAPA JENAMA KARA,200 ml,W.P. Putrajaya,4.2,3.9,4.7,27,306
1612,SANTAN KELAPA JENAMA HARMUNI,200 ml,Johor,3.99,3.5,4.19,91,1033
1612,SANTAN KELAPA JENAMA HARMUNI,200 ml,Kedah,3.78,3.5,4.1,32,410
1612,SANTAN KELAPA JENAMA HARMUNI,200 ml,Kelantan,4.06,3.92,4.19,22,226
1612,SANTAN KELAPA JENAMA HARMUNI,200 ml,Melaka,3.8,3.61,4.16,10,86
1612,SANTAN KELAPA JENAMA HARMUNI,200 ml,Negeri Sembilan,3.9,3.52,4.19,23,263
1612,SANTAN KELAPA JENAMA HARMUNI,200 ml,Pahang,3.5,3.5,3.99,61,768
1612,SANTAN KELAPA JENAMA HARMUNI,200 ml,Perak,3.7,3.5,4.03,94,1154
1612,SANTAN KELAPA JENAMA HARMUNI,200 ml,Perlis,4.05,3.62,4.1,6,72
1612,SANTAN KELAPA JENAMA HARMUNI,200 ml,Pulau Pinang,3.9,3.5,4.19,53,666
1612,SANTAN KELAPA JENAMA HARMUNI,200 ml,Sabah,3.9,3.5,4.09,47,339
1612,SANTAN KELAPA JENAMA HARMUNI,200 ml,Sarawak,3.99,3.9,4.1,59,572
1612,SANTAN KELAPA JENAMA HARMUNI,200 ml,Selangor,3.9,3.65,4.19,71,792
1612,SANTAN KELAPA JENAMA HARMUNI,200 ml,Terengganu,4.15,4.0,4.2,20,231
1612,SANTAN KELAPA JENAMA HARMUNI,200 ml,W.P. Kuala Lumpur,4.05,3.97,4.1,91,1056
1612,SANTAN KELAPA JENAMA HARMUNI,200 ml,W.P. Labuan,4.0,3.9,4.05,8,80
1612,SANTAN KELAPA JENAMA HARMUNI,200 ml,W.P. Putrajaya,4.0,3.8,4.12,16,186
1613,ESEN STAR BRAND 'PELBAGAI PERISA',25 ml,Johor,2.8,2.6,2.95,95,1267
1613,ESEN STAR BRAND 'PELBAGAI PERISA',25 ml,Kedah,2.7,2.65,2.8,31,360
1613,ESEN STAR BRAND 'PELBAGAI PERISA',25 ml,Kelantan,2.8,2.69,2.9,40,516
1613,ESEN STAR BRAND 'PELBAGAI PERISA',25 ml,Melaka,2.72,2.6,2.8,16,204
1613,ESEN STAR BRAND 'PELBAGAI PERISA',25 ml,Negeri Sembilan,2.95,2.95,2.95,1,1
1613,ESEN STAR BRAND 'PELBAGAI PERISA',25 ml,Pahang,2.7,2.7,2.82,33,447
1613,ESEN STAR BRAND 'PELBAGAI PERISA',25 ml,Perak,2.7,2.58,2.9,48,615
1613,ESEN STAR BRAND 'PELBAGAI PERISA',25 ml,Perlis,2.77,2.62,2.89,6,47
1613,ESEN STAR BRAND 'PELBAGAI PERISA',25 ml,Pulau Pinang,2.7,2.62,2.8,26,287
1613,ESEN STAR BRAND 'PELBAGAI PERISA',25 ml,Sabah,2.9,2.9,3.1,79,726
1613,ESEN STAR BRAND 'PELBAGAI PERISA',25 ml,Sarawak,3.0,2.9,3.1,84,974
1613,ESEN STAR BRAND 'PELBAGAI PERISA',25 ml,Selangor,2.85,2.7,2.95,56,781
1613,ESEN STAR BRAND 'PELBAGAI PERISA',25 ml,Terengganu,2.8,2.7,2.85,38,514
1613,ESEN STAR BRAND 'PELBAGAI PERISA',25 ml,W.P. Kuala Lumpur,2.9,2.8,2.95,96,1179
1613,ESEN STAR BRAND 'PELBAGAI PERISA',25 ml,W.P. Labuan,3.05,2.98,3.18,4,47
1613,ESEN STAR BRAND 'PELBAGAI PERISA',25 ml,W.P. Putrajaya,2.9,2.78,2.97,15,160
1615,MENTEGA ANCHOR (SALTED),227g,Johor,14.59,14.24,15.9,89,1122
1615,MENTEGA ANCHOR (SALTED),227g,Kedah,15.08,14.27,16.26,36,486
1615,MENTEGA ANCHOR (SALTED),227g,Kelantan,15.9,14.9,16.8,53,654
1615,MENTEGA ANCHOR (SALTED),227g,Melaka,14.5,14.2,15.53,15,147
1615,MENTEGA ANCHOR (SALTED),227g,Negeri Sembilan,14.97,14.46,15.9,24,321
1615,MENTEGA ANCHOR (SALTED),227g,Pahang,14.99,14.59,15.95,56,676
1615,MENTEGA ANCHOR (SALTED),227g,Perak,15.08,14.5,15.94,63,795
1615,MENTEGA ANCHOR (SALTED),227g,Perlis,16.9,14.7,17.2,5,61
1615,MENTEGA ANCHOR (SALTED),227g,Pulau Pinang,14.79,14.29,16.1,32,419
1615,MENTEGA ANCHOR (SALTED),227g,Sabah,16.5,16.1,16.9,66,523
1615,MENTEGA ANCHOR (SALTED),227g,Sarawak,16.0,15.5,16.5,89,671
1615,MENTEGA ANCHOR (SALTED),227g,Selangor,14.9,14.29,16.16,56,743
1615,MENTEGA ANCHOR (SALTED),227g,Terengganu,15.49,14.89,16.1,36,452
1615,MENTEGA ANCHOR (SALTED),227g,W.P. Kuala Lumpur,15.9,14.3,16.15,97,1263
1615,MENTEGA ANCHOR (SALTED),227g,W.P. Labuan,16.5,16.5,16.8,7,70
1615,MENTEGA ANCHOR (SALTED),227g,W.P. Putrajaya,15.9,14.5,16.2,13,162
1619,SUSU TEPUNG SEGERA DUTCHLADY (BIASA),600 g,Johor,19.99,19.9,20.4,68,754
1619,SUSU TEPUNG SEGERA DUTCHLADY (BIASA),600 g,Kedah,19.9,19.5,20.08,39,441
1619,SUSU TEPUNG SEGERA DUTCHLADY (BIASA),600 g,Kelantan,19.9,19.41,20.4,66,735
1619,SUSU TEPUNG SEGERA DUTCHLADY (BIASA),600 g,Melaka,18.9,18.5,20.4,5,55
1619,SUSU TEPUNG SEGERA DUTCHLADY (BIASA),600 g,Negeri Sembilan,19.9,19.9,20.4,13,138
1619,SUSU TEPUNG SEGERA DUTCHLADY (BIASA),600 g,Pahang,19.9,19.8,20.0,29,288
1619,SUSU TEPUNG SEGERA DUTCHLADY (BIASA),600 g,Perak,19.9,19.56,20.39,22,221
1619,SUSU TEPUNG SEGERA DUTCHLADY (BIASA),600 g,Perlis,19.9,19.58,20.21,16,144
1619,SUSU TEPUNG SEGERA DUTCHLADY (BIASA),600 g,Pulau Pinang,19.9,19.64,20.4,35,416
1619,SUSU TEPUNG SEGERA DUTCHLADY (BIASA),600 g,Sabah,20.4,19.89,20.4,44,295
1619,SUSU TEPUNG SEGERA DUTCHLADY (BIASA),600 g,Sarawak,19.7,19.5,19.9,94,811
1619,SUSU TEPUNG SEGERA DUTCHLADY (BIASA),600 g,Selangor,19.9,19.8,20.35,26,308
1619,SUSU TEPUNG SEGERA DUTCHLADY (BIASA),600 g,Terengganu,19.97,19.82,20.38,42,444
1619,SUSU TEPUNG SEGERA DUTCHLADY (BIASA),600 g,W.P. Kuala Lumpur,20.35,20.3,20.4,45,519
1619,SUSU TEPUNG SEGERA DUTCHLADY (BIASA),600 g,W.P. Labuan,18.9,18.9,18.9,1,1
1619,SUSU TEPUNG SEGERA DUTCHLADY (BIASA),600 g,W.P. Putrajaya,20.4,20.33,22.42,7,64
1628,NESTLE CERELAC GANDUM DAN MADU - KOTAK,225g,Johor,9.9,9.35,9.99,145,1735
1628,NESTLE CERELAC GANDUM DAN MADU - KOTAK,225g,Kedah,9.8,9.3,9.9,89,1170
1628,NESTLE CERELAC GANDUM DAN MADU - KOTAK,225g,Kelantan,9.9,9.8,10.4,154,1792
1628,NESTLE CERELAC GANDUM DAN MADU - KOTAK,225g,Melaka,9.9,9.7,9.99,29,266
1628,NESTLE CERELAC GANDUM DAN MADU - KOTAK,225g,Negeri Sembilan,9.9,9.2,9.9,33,388
1628,NESTLE CERELAC GANDUM DAN MADU - KOTAK,225g,Pahang,9.79,8.8,9.99,116,1401
1628,NESTLE CERELAC GANDUM DAN MADU - KOTAK,225g,Perak,9.5,8.8,9.9,127,1540
1628,NESTLE CERELAC GANDUM DAN MADU - KOTAK,225g,Perlis,9.9,9.8,9.9,27,293
1628,NESTLE CERELAC GANDUM DAN MADU - KOTAK,225g,Pulau Pinang,9.9,9.3,10.4,85,1068
1628,NESTLE CERELAC GANDUM DAN MADU - KOTAK,225g,Sabah,9.9,9.79,10.3,142,1317
1628,NESTLE CERELAC GANDUM DAN MADU - KOTAK,225g,Sarawak,9.9,9.7,10.0,155,1764
1628,NESTLE CERELAC GANDUM DAN MADU - KOTAK,225g,Selangor,9.9,9.1,9.9,73,883
1628,NESTLE CERELAC GANDUM DAN MADU - KOTAK,225g,Terengganu,9.9,9.8,10.3,86,1051
1628,NESTLE CERELAC GANDUM DAN MADU - KOTAK,225g,W.P. Kuala Lumpur,9.9,9.8,9.9,84,946
1628,NESTLE CERELAC GANDUM DAN MADU - KOTAK,225g,W.P. Labuan,9.9,9.78,10.0,12,119
1628,NESTLE CERELAC GANDUM DAN MADU - KOTAK,225g,W.P. Putrajaya,9.9,9.2,10.25,19,228
1630,BERUS GIGI COLGATE (TWISTER - SOFT),1 batang,Johor,5.45,4.9,5.49,58,686
1630,BERUS GIGI COLGATE (TWISTER - SOFT),1 batang,Kedah,4.9,4.29,4.9,22,277
1630,BERUS GIGI COLGATE (TWISTER - SOFT),1 batang,Kelantan,4.95,4.7,5.2,51,639
1630,BERUS GIGI COLGATE (TWISTER - SOFT),1 batang,Melaka,4.9,4.75,5.31,6,76
1630,BERUS GIGI COLGATE (TWISTER - SOFT),1 batang,Negeri Sembilan,4.9,4.5,4.95,13,154
1630,BERUS GIGI COLGATE (TWISTER - SOFT),1 batang,Pahang,4.9,4.5,5.45,37,469
1630,BERUS GIGI COLGATE (TWISTER - SOFT),1 batang,Perak,5.5,4.9,5.69,41,499
1630,BERUS GIGI COLGATE (TWISTER - SOFT),1 batang,Perlis,4.5,4.2,4.9,9,114
1630,BERUS GIGI COLGATE (TWISTER - SOFT),1 batang,Pulau Pinang,4.9,4.57,5.45,14,157
1630,BERUS GIGI COLGATE (TWISTER - SOFT),1 batang,Sabah,4.69,4.5,4.9,69,616
1630,BERUS GIGI COLGATE (TWISTER - SOFT),1 batang,Sarawak,4.5,4.44,4.9,84,809
1630,BERUS GIGI COLGATE (TWISTER - SOFT),1 batang,Selangor,5.45,4.9,5.66,28,331
1630,BERUS GIGI COLGATE (TWISTER - SOFT),1 batang,Terengganu,4.9,4.5,4.9,27,295
1630,BERUS GIGI COLGATE (TWISTER - SOFT),1 batang,W.P. Kuala Lumpur,5.45,4.9,5.5,43,521
1630,BERUS GIGI COLGATE (TWISTER - SOFT),1 batang,W.P. Labuan,4.7,4.6,4.7,8,76
1630,BERUS GIGI COLGATE (TWISTER - SOFT),1 batang,W.P. Putrajaya,5.45,5.04,5.48,7,76
1635,NESTLE COFFEE-MATE,450 g,Johor,9.94,9.4,10.28,86,1019
1635,NESTLE COFFEE-MATE,450 g,Kedah,9.9,9.4,10.25,38,463
1635,NESTLE COFFEE-MATE,450 g,Kelantan,9.95,9.85,10.21,41,347
1635,NESTLE COFFEE-MATE,450 g,Melaka,9.95,9.48,10.05,16,161
1635,NESTLE COFFEE-MATE,450 g,Negeri Sembilan,9.9,9.4,10.0,23,272
1635,NESTLE COFFEE-MATE,450 g,Pahang,9.99,9.99,10.27,42,421
1635,NESTLE COFFEE-MATE,450 g,Perak,9.9,9.3,10.3,53,611
1635,NESTLE COFFEE-MATE,450 g,Perlis,10.23,9.95,10.44,10,54
1635,NESTLE COFFEE-MATE,450 g,Pulau Pinang,9.9,9.4,10.0,33,392
1635,NESTLE COFFEE-MATE,450 g,Sabah,9.89,9.7,10.0,67,570
1635,NESTLE COFFEE-MATE,450 g,Sarawak,9.9,9.8,10.16,106,1127
1635,NESTLE COFFEE-MATE,450 g,Selangor,9.8,9.4,10.1,45,534
1635,NESTLE COFFEE-MATE,450 g,Terengganu,9.99,9.9,10.2,27,241
1635,NESTLE COFFEE-MATE,450 g,W.P. Kuala Lumpur,10.0,9.9,10.2,93,1147
1635,NESTLE COFFEE-MATE,450 g,W.P. Labuan,9.7,9.6,9.7,10,90
1635,NESTLE COFFEE-MATE,450 g,W.P. Putrajaya,10.0,9.7,10.1,11,113
1650,TEH LIPTON (UNCANG),100 beg,Johor,15.99,12.99,16.9,149,405
1650,TEH LIPTON (UNCANG),100 beg,Kedah,16.5,12.5,16.9,63,168
1650,TEH LIPTON (UNCANG),100 beg,Kelantan,16.9,15.9,17.2,60,138
1650,TEH LIPTON (UNCANG),100 beg,Melaka,15.9,12.7,16.99,27,75
1650,TEH LIPTON (UNCANG),100 beg,Negeri Sembilan,14.49,12.5,16.96,32,94
1650,TEH LIPTON (UNCANG),100 beg,Pahang,14.99,12.5,16.99,94,257
1650,TEH LIPTON (UNCANG),100 beg,Perak,13.39,12.5,16.5,111,303
1650,TEH LIPTON (UNCANG),100 beg,Perlis,16.84,15.9,16.92,20,56
1650,TEH LIPTON (UNCANG),100 beg,Pulau Pinang,16.6,12.5,17.5,76,204
1650,TEH LIPTON (UNCANG),100 beg,Sabah,17.0,16.9,17.82,100,254
1650,TEH LIPTON (UNCANG),100 beg,Sarawak,16.9,16.7,17.6,141,350
1650,TEH LIPTON (UNCANG),100 beg,Selangor,13.95,12.5,15.7,79,233
1650,TEH LIPTON (UNCANG),100 beg,Terengganu,16.9,14.52,17.3,56,128
1650,TEH LIPTON (UNCANG),100 beg,W.P. Kuala Lumpur,15.95,14.29,17.2,113,305
1650,TEH LIPTON (UNCANG),100 beg,W.P. Labuan,17.2,16.95,17.35,7,19
1650,TEH LIPTON (UNCANG),100 beg,W.P. Putrajaya,16.9,15.94,17.59,20,53
1651,YEO'S SOYA (KOTAK),250 ml,Johor,1.25,1.12,1.39,10,100
1651,YEO'S SOYA (KOTAK),250 ml,Kedah,1.2,1.2,1.3,5,51
1651,YEO'S SOYA (KOTAK),250 ml,Melaka,1.1,1.05,1.15,2,11
1651,YEO'S SOYA (KOTAK),250 ml,Pahang,1.25,1.2,1.44,6,66
1651,YEO'S SOYA (KOTAK),250 ml,Perak,1.2,1.1,1.2,3,30
1651,YEO'S SOYA (KOTAK),250 ml,Perlis,1.2,1.15,1.27,4,33
1651,YEO'S SOYA (KOTAK),250 ml,Pulau Pinang,1.39,1.39,1.39,1,9
1651,YEO'S SOYA (KOTAK),250 ml,Sabah,1.0,1.0,1.27,8,41
1651,YEO'S SOYA (KOTAK),250 ml,Sarawak,1.2,1.2,1.35,11,109
1651,YEO'S SOYA (KOTAK),250 ml,Terengganu,1.2,1.2,1.25,3,26
1651,YEO'S SOYA (KOTAK),250 ml,W.P. Kuala Lumpur,1.39,1.2,1.39,9,114
1651,YEO'S SOYA (KOTAK),250 ml,W.P. Labuan,1.15,1.1,1.23,4,39
1804,KEPAK AYAM (CHICKEN WING),1kg,Johor,15.49,13.99,16.5,129,1697
1804,KEPAK AYAM (CHICKEN WING),1kg,Kedah,14.39,13.9,16.0,53,644
1804,KEPAK AYAM (CHICKEN WING),1kg,Kelantan,14.9,13.89,15.97,58,746
1804,KEPAK AYAM (CHICKEN WING),1kg,Melaka,14.7,12.92,15.99,30,347
1804,KEPAK AYAM (CHICKEN WING),1kg,Negeri Sembilan,14.99,14.44,16.0,31,393
1804,KEPAK AYAM (CHICKEN WING),1kg,Pahang,14.99,13.99,15.99,74,962
1804,KEPAK AYAM (CHICKEN WING),1kg,Perak,14.99,14.6,16.94,99,1254
1804,KEPAK AYAM (CHICKEN WING),1kg,Perlis,15.45,14.0,16.92,16,196
1804,KEPAK AYAM (CHICKEN WING),1kg,Pulau Pinang,15.0,14.42,16.88,82,1050
1804,KEPAK AYAM (CHICKEN WING),1kg,Sabah,16.5,15.5,17.5,163,1673
1804,KEPAK AYAM (CHICKEN WING),1kg,Sarawak,14.8,13.99,15.9,205,2406
1804,KEPAK AYAM (CHICKEN WING),1kg,Selangor,15.99,14.99,16.9,78,978
1804,KEPAK AYAM (CHICKEN WING),1kg,Terengganu,15.34,14.7,15.99,43,500
1804,KEPAK AYAM (CHICKEN WING),1kg,W.P. Kuala Lumpur,16.7,14.99,17.99,104,1187
1804,KEPAK AYAM (CHICKEN WING),1kg,W.P. Labuan,16.5,16.4,16.9,15,199
1804,KEPAK AYAM (CHICKEN WING),1kg,W.P. Putrajaya,15.64,14.08,17.02,20,211
1818,KACANG BOTOL,1kg,Sabah,11.39,11.39,11.39,1,1
1819,LENGKUAS,1kg,Johor,9.85,8.79,10.92,188,9867
1819,LENGKUAS,1kg,Kedah,9.99,8.5,10.9,85,5232
1819,LENGKUAS,1kg,Kelantan,10.9,10.0,12.0,120,7219
1819,LENGKUAS,1kg,Melaka,9.99,8.35,12.0,47,2116
1819,LENGKUAS,1kg,Negeri Sembilan,10.0,8.5,12.0,55,3031
1819,LENGKUAS,1kg,Pahang,9.99,8.99,11.99,118,6934
1819,LENGKUAS,1kg,Perak,10.99,8.99,13.0,124,8122
1819,LENGKUAS,1kg,Perlis,10.5,9.9,13.5,25,1434
1819,LENGKUAS,1kg,Pulau Pinang,10.0,9.0,12.0,118,6486
1819,LENGKUAS,1kg,Sabah,9.45,8.5,10.99,110,5638
1819,LENGKUAS,1kg,Sarawak,8.99,7.9,10.9,129,6372
1819,LENGKUAS,1kg,Selangor,10.0,8.55,11.99,110,6866
1819,LENGKUAS,1kg,Terengganu,11.0,9.9,12.49,107,5579
1819,LENGKUAS,1kg,W.P. Kuala Lumpur,10.99,8.99,14.65,154,10543
1819,LENGKUAS,1kg,W.P. Labuan,10.9,10.5,11.1,13,682
1819,LENGKUAS,1kg,W.P. Putrajaya,11.0,9.93,12.9,26,1261
1822,BERAS PUTIH IMPORT SABAH RICE VAGAS TOKOU,10 kg,Sabah,28.0,27.5,28.5,60,276
1823,BERAS TKC SABAH CAP TQR 5%,10 kg,Sabah,34.0,34.0,34.9,68,388
1823,BERAS TKC SABAH CAP TQR 5%,10 kg,W.P. Labuan,34.9,34.45,35.35,2,7
1824,BERAS TKC SUPER HUMA CAP KELISA EMAS (SABAH),10 kg,Sabah,33.0,33.0,33.8,57,337
1825,BERAS SUPER SAZARICE CAP ANGGUR (BERAS PUTIH IMPORT ),10 kg,Sabah,28.5,28.5,28.99,159,1426
1825,BERAS SUPER SAZARICE CAP ANGGUR (BERAS PUTIH IMPORT ),10 kg,W.P. Labuan,28.9,28.68,29.0,14,145
1826,BERAS SUPER SAZARICE CAP RODA (BERAS PUTIH IMPORT),10 kg,Sabah,28.3,28.3,28.6,156,1360
1826,BERAS SUPER SAZARICE CAP RODA (BERAS PUTIH IMPORT),10 kg,W.P. Labuan,28.5,28.3,29.0,13,129
1827,"TEPUNG GANDUM NGP (BERBUNGKUS, CAP MUHIBAH)",1kg,Sabah,3.3,2.9,3.69,141,1230
1832,BERAS CAP BAO-BAO GOLDEN SARAWAK (SUPER IMPORT),10 kg,Sarawak,27.9,27.9,27.9,38,382
1833,BERAS PREMIUM CAP UNCLE TAN (SUPER IMPORT),10 kg,Sarawak,31.0,30.5,31.0,134,1486
1849,TEPUNG NAIK SENDIRI CAP 'BLUE KEY',1kg,Johor,5.1,4.69,5.2,86,828
1849,TEPUNG NAIK SENDIRI CAP 'BLUE KEY',1kg,Kedah,4.9,4.7,5.1,37,452
1849,TEPUNG NAIK SENDIRI CAP 'BLUE KEY',1kg,Kelantan,5.1,4.9,5.32,55,621
1849,TEPUNG NAIK SENDIRI CAP 'BLUE KEY',1kg,Melaka,4.9,4.72,5.3,14,134
1849,TEPUNG NAIK SENDIRI CAP 'BLUE KEY',1kg,Negeri Sembilan,4.99,4.75,5.12,24,243
1849,TEPUNG NAIK SENDIRI CAP 'BLUE KEY',1kg,Pahang,5.1,4.96,5.29,54,641
1849,TEPUNG NAIK SENDIRI CAP 'BLUE KEY',1kg,Perak,4.94,4.6,5.2,60,687
1849,TEPUNG NAIK SENDIRI CAP 'BLUE KEY',1kg,Perlis,5.1,4.9,5.2,9,86
1849,TEPUNG NAIK SENDIRI CAP 'BLUE KEY',1kg,Pulau Pinang,4.85,4.6,5.1,28,301
1849,TEPUNG NAIK SENDIRI CAP 'BLUE KEY',1kg,Sabah,5.2,4.9,5.44,55,424
1849,TEPUNG NAIK SENDIRI CAP 'BLUE KEY',1kg,Sarawak,5.4,5.2,5.5,86,690
1849,TEPUNG NAIK SENDIRI CAP 'BLUE KEY',1kg,Selangor,5.1,4.9,5.3,55,615
1849,TEPUNG NAIK SENDIRI CAP 'BLUE KEY',1kg,Terengganu,5.1,4.9,5.1,35,402
1849,TEPUNG NAIK SENDIRI CAP 'BLUE KEY',1kg,W.P. Kuala Lumpur,5.3,5.1,5.35,85,1025
1849,TEPUNG NAIK SENDIRI CAP 'BLUE KEY',1kg,W.P. Labuan,6.5,5.7,6.55,7,45
1849,TEPUNG NAIK SENDIRI CAP 'BLUE KEY',1kg,W.P. Putrajaya,5.3,5.05,5.39,12,119
1852,DESA FRESH MILK (KOTAK),1 liter,Sabah,7.35,7.16,7.78,42,83
1854,KORDIAL F&N SUN VALLEY (PELBAGAI PERISA),2 liter,Sabah,12.7,12.49,12.99,119,277
1854,KORDIAL F&N SUN VALLEY (PELBAGAI PERISA),2 liter,Sarawak,12.5,12.5,12.9,178,481
1870,"TEPUNG GANDUM NGP (BERBUNGKUS, CAP  FAIZA)",1kg,Johor,3.59,3.5,3.7,112,1320
1870,"TEPUNG GANDUM NGP (BERBUNGKUS, CAP  FAIZA)",1kg,Kedah,3.6,3.55,3.7,52,636
1870,"TEPUNG GANDUM NGP (BERBUNGKUS, CAP  FAIZA)",1kg,Kelantan,3.65,3.51,3.79,82,888
1870,"TEPUNG GANDUM NGP (BERBUNGKUS, CAP  FAIZA)",1kg,Melaka,3.6,3.5,3.7,29,329
1870,"TEPUNG GANDUM NGP (BERBUNGKUS, CAP  FAIZA)",1kg,Negeri Sembilan,3.6,3.5,3.75,33,386
1870,"TEPUNG GANDUM NGP (BERBUNGKUS, CAP  FAIZA)",1kg,Pahang,3.59,3.59,3.7,93,1098
1870,"TEPUNG GANDUM NGP (BERBUNGKUS, CAP  FAIZA)",1kg,Perak,3.59,3.5,3.67,95,1140
1870,"TEPUNG GANDUM NGP (BERBUNGKUS, CAP  FAIZA)",1kg,Perlis,3.6,3.54,3.7,11,104
1870,"TEPUNG GANDUM NGP (BERBUNGKUS, CAP  FAIZA)",1kg,Pulau Pinang,3.59,3.54,3.7,52,602
1870,"TEPUNG GANDUM NGP (BERBUNGKUS, CAP  FAIZA)",1kg,Sarawak,3.8,3.8,3.8,1,1
1870,"TEPUNG GANDUM NGP (BERBUNGKUS, CAP  FAIZA)",1kg,Selangor,3.6,3.55,3.82,84,988
1870,"TEPUNG GANDUM NGP (BERBUNGKUS, CAP  FAIZA)",1kg,Terengganu,3.65,3.52,3.8,62,715
1870,"TEPUNG GANDUM NGP (BERBUNGKUS, CAP  FAIZA)",1kg,W.P. Kuala Lumpur,3.7,3.55,3.89,90,1026
1870,"TEPUNG GANDUM NGP (BERBUNGKUS, CAP  FAIZA)",1kg,W.P. Putrajaya,3.7,3.58,3.92,20,243
1872,MAYONIS SEBENAR LADY'S CHOICE,220ml,Johor,8.1,7.74,8.4,91,1075
1872,MAYONIS SEBENAR LADY'S CHOICE,220ml,Kedah,7.93,7.1,8.3,40,460
1872,MAYONIS SEBENAR LADY'S CHOICE,220ml,Kelantan,8.0,7.7,8.3,55,635
1872,MAYONIS SEBENAR LADY'S CHOICE,220ml,Melaka,7.98,7.62,8.35,16,168
1872,MAYONIS SEBENAR LADY'S CHOICE,220ml,Negeri Sembilan,8.2,7.35,8.3,23,266
1872,MAYONIS SEBENAR LADY'S CHOICE,220ml,Pahang,8.3,7.99,8.4,57,613
1872,MAYONIS SEBENAR LADY'S CHOICE,220ml,Perak,7.95,6.8,8.3,57,707
1872,MAYONIS SEBENAR LADY'S CHOICE,220ml,Perlis,8.4,8.22,8.44,10,87
1872,MAYONIS SEBENAR LADY'S CHOICE,220ml,Pulau Pinang,7.95,6.8,8.28,34,424
1872,MAYONIS SEBENAR LADY'S CHOICE,220ml,Sabah,8.1,7.94,8.29,60,489
1872,MAYONIS SEBENAR LADY'S CHOICE,220ml,Sarawak,7.93,7.9,8.2,96,872
1872,MAYONIS SEBENAR LADY'S CHOICE,220ml,Selangor,8.12,7.62,8.3,48,610
1872,MAYONIS SEBENAR LADY'S CHOICE,220ml,Terengganu,8.27,8.19,8.4,34,385
1872,MAYONIS SEBENAR LADY'S CHOICE,220ml,W.P. Kuala Lumpur,8.4,8.2,8.5,105,1250
1872,MAYONIS SEBENAR LADY'S CHOICE,220ml,W.P. Labuan,8.1,8.1,8.1,7,58
1872,MAYONIS SEBENAR LADY'S CHOICE,220ml,W.P. Putrajaya,8.18,7.9,8.48,14,141
1876,PELEMBUT PAKAIAN - DOWNY (PREMIUM PARFUM PASSION),800ml,Johor,13.1,11.22,13.48,54,636
1876,PELEMBUT PAKAIAN - DOWNY (PREMIUM PARFUM PASSION),800ml,Kedah,12.35,11.15,13.4,32,413
1876,PELEMBUT PAKAIAN - DOWNY (PREMIUM PARFUM PASSION),800ml,Kelantan,13.4,12.94,13.9,27,266
1876,PELEMBUT PAKAIAN - DOWNY (PREMIUM PARFUM PASSION),800ml,Melaka,12.9,11.94,13.4,11,114
1876,PELEMBUT PAKAIAN - DOWNY (PREMIUM PARFUM PASSION),800ml,Negeri Sembilan,13.4,11.74,13.5,15,182
1876,PELEMBUT PAKAIAN - DOWNY (PREMIUM PARFUM PASSION),800ml,Pahang,12.99,12.6,13.4,37,410
1876,PELEMBUT PAKAIAN - DOWNY (PREMIUM PARFUM PASSION),800ml,Perak,13.2,12.5,13.9,37,461
1876,PELEMBUT PAKAIAN - DOWNY (PREMIUM PARFUM PASSION),800ml,Perlis,12.9,12.9,13.4,9,87
1876,PELEMBUT PAKAIAN - DOWNY (PREMIUM PARFUM PASSION),800ml,Pulau Pinang,12.22,11.2,13.4,26,333
1876,PELEMBUT PAKAIAN - DOWNY (PREMIUM PARFUM PASSION),800ml,Sabah,12.99,12.5,13.9,50,325
1876,PELEMBUT PAKAIAN - DOWNY (PREMIUM PARFUM PASSION),800ml,Sarawak,13.5,12.7,13.9,97,877
1876,PELEMBUT PAKAIAN - DOWNY (PREMIUM PARFUM PASSION),800ml,Selangor,13.4,11.2,13.5,33,416
1876,PELEMBUT PAKAIAN - DOWNY (PREMIUM PARFUM PASSION),800ml,Terengganu,12.85,12.4,13.48,22,270
1876,PELEMBUT PAKAIAN - DOWNY (PREMIUM PARFUM PASSION),800ml,W.P. Kuala Lumpur,13.4,13.25,13.48,62,751
1876,PELEMBUT PAKAIAN - DOWNY (PREMIUM PARFUM PASSION),800ml,W.P. Labuan,13.4,12.45,13.9,8,69
1876,PELEMBUT PAKAIAN - DOWNY (PREMIUM PARFUM PASSION),800ml,W.P. Putrajaya,13.4,12.5,13.4,9,98
1879,SEVEN UP LEMON & LIME (TIN),320ml,Johor,1.79,1.5,1.91,64,634
1879,SEVEN UP LEMON & LIME (TIN),320ml,Kedah,1.85,1.8,1.89,18,194
1879,SEVEN UP LEMON & LIME (TIN),320ml,Kelantan,1.9,1.8,2.0,38,427
1879,SEVEN UP LEMON & LIME (TIN),320ml,Melaka,1.5,1.5,1.72,8,69
1879,SEVEN UP LEMON & LIME (TIN),320ml,Negeri Sembilan,1.7,1.5,1.8,17,199
1879,SEVEN UP LEMON & LIME (TIN),320ml,Pahang,1.8,1.8,1.99,50,551
1879,SEVEN UP LEMON & LIME (TIN),320ml,Perak,1.69,1.5,1.8,50,544
1879,SEVEN UP LEMON & LIME (TIN),320ml,Perlis,1.92,1.85,2.12,4,39
1879,SEVEN UP LEMON & LIME (TIN),320ml,Pulau Pinang,1.8,1.52,1.97,26,324
1879,SEVEN UP LEMON & LIME (TIN),320ml,Sabah,1.79,1.7,1.9,79,638
1879,SEVEN UP LEMON & LIME (TIN),320ml,Sarawak,1.8,1.8,1.9,99,1059
1879,SEVEN UP LEMON & LIME (TIN),320ml,Selangor,1.75,1.6,1.85,52,611
1879,SEVEN UP LEMON & LIME (TIN),320ml,Terengganu,1.95,1.8,2.09,26,271
1879,SEVEN UP LEMON & LIME (TIN),320ml,W.P. Kuala Lumpur,1.9,1.8,1.95,86,1060
1879,SEVEN UP LEMON & LIME (TIN),320ml,W.P. Labuan,2.0,1.8,2.0,5,37
1879,SEVEN UP LEMON & LIME (TIN),320ml,W.P. Putrajaya,1.9,1.79,1.96,12,124
1899,CILI KERING KERINTING (BERTANGKAI/TIDAK BERTANGKAI),1kg,Johor,19.99,17.93,25.0,192,2596
1899,CILI KERING KERINTING (BERTANGKAI/TIDAK BERTANGKAI),1kg,Kedah,19.7,17.58,21.45,94,1265
1899,CILI KERING KERINTING (BERTANGKAI/TIDAK BERTANGKAI),1kg,Kelantan,22.7,19.9,27.95,110,1185
1899,CILI KERING KERINTING (BERTANGKAI/TIDAK BERTANGKAI),1kg,Melaka,20.2,18.0,25.0,53,698
1899,CILI KERING KERINTING (BERTANGKAI/TIDAK BERTANGKAI),1kg,Negeri Sembilan,20.9,18.9,24.0,54,697
1899,CILI KERING KERINTING (BERTANGKAI/TIDAK BERTANGKAI),1kg,Pahang,19.94,17.99,21.97,110,1484
1899,CILI KERING KERINTING (BERTANGKAI/TIDAK BERTANGKAI),1kg,Perak,19.99,18.0,23.62,152,2027
1899,CILI KERING KERINTING (BERTANGKAI/TIDAK BERTANGKAI),1kg,Perlis,19.4,17.74,20.0,28,333
1899,CILI KERING KERINTING (BERTANGKAI/TIDAK BERTANGKAI),1kg,Pulau Pinang,20.0,17.99,22.92,116,1497
1899,CILI KERING KERINTING (BERTANGKAI/TIDAK BERTANGKAI),1kg,Sabah,21.95,19.99,26.5,130,1206
1899,CILI KERING KERINTING (BERTANGKAI/TIDAK BERTANGKAI),1kg,Sarawak,24.9,21.59,29.9,45,349
1899,CILI KERING KERINTING (BERTANGKAI/TIDAK BERTANGKAI),1kg,Selangor,19.99,18.5,23.42,98,1181
1899,CILI KERING KERINTING (BERTANGKAI/TIDAK BERTANGKAI),1kg,Terengganu,20.0,17.99,24.0,69,793
1899,CILI KERING KERINTING (BERTANGKAI/TIDAK BERTANGKAI),1kg,W.P. Kuala Lumpur,21.65,18.26,30.0,124,1423
1899,CILI KERING KERINTING (BERTANGKAI/TIDAK BERTANGKAI),1kg,W.P. Labuan,24.35,21.99,25.9,14,166
1899,CILI KERING KERINTING (BERTANGKAI/TIDAK BERTANGKAI),1kg,W.P. Putrajaya,23.0,18.5,29.0,21,228
1900,CILI KERING LEPER (BERTANGKAI/TIDAK BERTANGKAI),1kg,Johor,22.39,20.44,24.44,43,483
1900,CILI KERING LEPER (BERTANGKAI/TIDAK BERTANGKAI),1kg,Kedah,20.49,19.98,21.72,8,93
1900,CILI KERING LEPER (BERTANGKAI/TIDAK BERTANGKAI),1kg,Kelantan,22.0,20.0,25.0,67,564
1900,CILI KERING LEPER (BERTANGKAI/TIDAK BERTANGKAI),1kg,Melaka,19.9,16.99,22.4,5,41
1900,CILI KERING LEPER (BERTANGKAI/TIDAK BERTANGKAI),1kg,Negeri Sembilan,22.9,20.99,24.72,22,217
1900,CILI KERING LEPER (BERTANGKAI/TIDAK BERTANGKAI),1kg,Pahang,20.99,19.23,21.0,14,178
1900,CILI KERING LEPER (BERTANGKAI/TIDAK BERTANGKAI),1kg,Perak,22.9,20.49,28.95,59,701
1900,CILI KERING LEPER (BERTANGKAI/TIDAK BERTANGKAI),1kg,Pulau Pinang,20.0,19.99,22.93,26,276
1900,CILI KERING LEPER (BERTANGKAI/TIDAK BERTANGKAI),1kg,Sabah,17.55,14.9,19.99,128,1045
1900,CILI KERING LEPER (BERTANGKAI/TIDAK BERTANGKAI),1kg,Sarawak,23.5,20.9,26.0,161,1708
1900,CILI KERING LEPER (BERTANGKAI/TIDAK BERTANGKAI),1kg,Selangor,23.65,20.0,26.0,50,547
1900,CILI KERING LEPER (BERTANGKAI/TIDAK BERTANGKAI),1kg,Terengganu,21.99,19.69,25.14,60,662
1900,CILI KERING LEPER (BERTANGKAI/TIDAK BERTANGKAI),1kg,W.P. Kuala Lumpur,23.15,19.67,27.0,24,255
1900,CILI KERING LEPER (BERTANGKAI/TIDAK BERTANGKAI),1kg,W.P. Putrajaya,23.9,16.9,31.35,11,38
1904,DUMEX DUGRO 3 (1-3 TAHUN) (PELBAGAI PERISA),850g,Johor,25.89,25.49,26.7,135,1744
1904,DUMEX DUGRO 3 (1-3 TAHUN) (PELBAGAI PERISA),850g,Kedah,25.5,24.94,25.99,83,1112
1904,DUMEX DUGRO 3 (1-3 TAHUN) (PELBAGAI PERISA),850g,Kelantan,25.9,25.74,26.0,159,2073
1904,DUMEX DUGRO 3 (1-3 TAHUN) (PELBAGAI PERISA),850g,Melaka,25.49,24.8,25.99,27,277
1904,DUMEX DUGRO 3 (1-3 TAHUN) (PELBAGAI PERISA),850g,Negeri Sembilan,25.5,24.79,26.0,33,432
1904,DUMEX DUGRO 3 (1-3 TAHUN) (PELBAGAI PERISA),850g,Pahang,25.5,25.49,25.78,116,1541
1904,DUMEX DUGRO 3 (1-3 TAHUN) (PELBAGAI PERISA),850g,Perak,25.5,25.1,25.5,117,1495
1904,DUMEX DUGRO 3 (1-3 TAHUN) (PELBAGAI PERISA),850g,Perlis,25.5,24.99,25.9,26,312
1904,DUMEX DUGRO 3 (1-3 TAHUN) (PELBAGAI PERISA),850g,Pulau Pinang,25.5,24.99,25.9,74,914
1904,DUMEX DUGRO 3 (1-3 TAHUN) (PELBAGAI PERISA),850g,Sabah,31.99,26.0,34.25,161,1613
1904,DUMEX DUGRO 3 (1-3 TAHUN) (PELBAGAI PERISA),850g,Sarawak,26.0,25.8,26.0,175,2060
1904,DUMEX DUGRO 3 (1-3 TAHUN) (PELBAGAI PERISA),850g,Selangor,25.5,24.99,26.22,79,1051
1904,DUMEX DUGRO 3 (1-3 TAHUN) (PELBAGAI PERISA),850g,Terengganu,25.7,25.49,25.9,97,1218
1904,DUMEX DUGRO 3 (1-3 TAHUN) (PELBAGAI PERISA),850g,W.P. Kuala Lumpur,25.95,25.4,33.65,85,1054
1904,DUMEX DUGRO 3 (1-3 TAHUN) (PELBAGAI PERISA),850g,W.P. Labuan,26.0,26.0,26.0,13,161
1904,DUMEX DUGRO 3 (1-3 TAHUN) (PELBAGAI PERISA),850g,W.P. Putrajaya,25.49,25.4,25.62,12,151
1913,DAGING LEMBU IMPORT (BLOCK),1kg,Johor,32.99,30.97,36.42,12,77
1913,DAGING LEMBU IMPORT (BLOCK),1kg,Kedah,32.99,32.99,32.99,2,13
1913,DAGING LEMBU IMPORT (BLOCK),1kg,Kelantan,27.34,24.52,30.17,2,3
1913,DAGING LEMBU IMPORT (BLOCK),1kg,Melaka,20.9,20.9,20.9,1,1
1913,DAGING LEMBU IMPORT (BLOCK),1kg,Negeri Sembilan,32.99,28.5,32.99,3,22
1913,DAGING LEMBU IMPORT (BLOCK),1kg,Perak,32.99,32.99,37.61,8,68
1913,DAGING LEMBU IMPORT (BLOCK),1kg,Pulau Pinang,32.99,32.99,32.99,11,56
1913,DAGING LEMBU IMPORT (BLOCK),1kg,Sabah,24.2,22.5,25.9,6,11
1913,DAGING LEMBU IMPORT (BLOCK),1kg,Sarawak,24.5,21.9,41.9,5,12
1913,DAGING LEMBU IMPORT (BLOCK),1kg,Selangor,32.99,29.99,33.75,13,69
1913,DAGING LEMBU IMPORT (BLOCK),1kg,W.P. Kuala Lumpur,31.7,30.59,32.8,2,4
1913,DAGING LEMBU IMPORT (BLOCK),1kg,W.P. Putrajaya,39.6,28.72,54.12,4,12
1914,DAGING KERBAU IMPORT (INDIA) (BLOCK),1kg,Johor,23.79,22.9,24.92,36,408
1914,DAGING KERBAU IMPORT (INDIA) (BLOCK),1kg,Kedah,23.99,22.99,25.27,11,95
1914,DAGING KERBAU IMPORT (INDIA) (BLOCK),1kg,Kelantan,23.77,23.54,23.99,4,14
1914,DAGING KERBAU IMPORT (INDIA) (BLOCK),1kg,Melaka,22.94,21.35,23.62,8,54
1914,DAGING KERBAU IMPORT (INDIA) (BLOCK),1kg,Negeri Sembilan,22.74,21.84,23.9,7,34
1914,DAGING KERBAU IMPORT (INDIA) (BLOCK),1kg,Pahang,22.5,22.5,22.5,1,13
1914,DAGING KERBAU IMPORT (INDIA) (BLOCK),1kg,Perak,23.99,22.99,25.5,32,319
1914,DAGING KERBAU IMPORT (INDIA) (BLOCK),1kg,Pulau Pinang,23.99,22.97,25.0,24,222
1914,DAGING KERBAU IMPORT (INDIA) (BLOCK),1kg,Sabah,23.24,22.49,24.9,78,505
1914,DAGING KERBAU IMPORT (INDIA) (BLOCK),1kg,Sarawak,24.9,23.99,25.99,101,1006
1914,DAGING KERBAU IMPORT (INDIA) (BLOCK),1kg,Selangor,23.49,21.99,24.9,36,333
1914,DAGING KERBAU IMPORT (INDIA) (BLOCK),1kg,Terengganu,25.84,23.76,27.92,2,10
1914,DAGING KERBAU IMPORT (INDIA) (BLOCK),1kg,W.P. Kuala Lumpur,23.99,22.5,24.9,19,204
1914,DAGING KERBAU IMPORT (INDIA) (BLOCK),1kg,W.P. Putrajaya,23.9,22.99,25.8,7,49
1915,IKAN JENAHAK (KEPINGAN),1kg,Johor,45.99,43.0,49.9,89,795
1915,IKAN JENAHAK (KEPINGAN),1kg,Kedah,45.0,42.5,48.0,41,421
1915,IKAN JENAHAK (KEPINGAN),1kg,Kelantan,44.94,37.67,65.8,16,168
1915,IKAN JENAHAK (KEPINGAN),1kg,Melaka,44.7,39.67,48.5,24,207
1915,IKAN JENAHAK (KEPINGAN),1kg,Negeri Sembilan,45.0,42.5,49.9,31,348
1915,IKAN JENAHAK (KEPINGAN),1kg,Pahang,43.5,40.0,46.92,40,398
1915,IKAN JENAHAK (KEPINGAN),1kg,Perak,45.0,44.59,49.97,74,748
1915,IKAN JENAHAK (KEPINGAN),1kg,Perlis,42.9,39.4,48.95,3,17
1915,IKAN JENAHAK (KEPINGAN),1kg,Pulau Pinang,45.99,42.15,60.0,46,433
1915,IKAN JENAHAK (KEPINGAN),1kg,Sabah,29.95,28.48,34.5,6,13
1915,IKAN JENAHAK (KEPINGAN),1kg,Sarawak,36.9,35.0,39.0,17,87
1915,IKAN JENAHAK (KEPINGAN),1kg,Selangor,44.99,43.9,49.97,74,784
1915,IKAN JENAHAK (KEPINGAN),1kg,Terengganu,45.0,41.92,49.9,12,101
1915,IKAN JENAHAK (KEPINGAN),1kg,W.P. Kuala Lumpur,55.9,44.92,69.9,86,932
1915,IKAN JENAHAK (KEPINGAN),1kg,W.P. Labuan,35.0,35.0,35.0,1,14
1915,IKAN JENAHAK (KEPINGAN),1kg,W.P. Putrajaya,54.5,44.92,64.32,14,165
1916,IKAN DEMUDUK/CUPAK/CERMIN (≤ 3 EKOR SEKILOGRAM),1kg,Johor,24.0,20.0,28.24,51,794
1916,IKAN DEMUDUK/CUPAK/CERMIN (≤ 3 EKOR SEKILOGRAM),1kg,Kedah,29.94,28.0,31.89,56,3015
1916,IKAN DEMUDUK/CUPAK/CERMIN (≤ 3 EKOR SEKILOGRAM),1kg,Kelantan,26.0,23.0,32.14,24,422
1916,IKAN DEMUDUK/CUPAK/CERMIN (≤ 3 EKOR SEKILOGRAM),1kg,Melaka,16.99,16.94,18.99,7,69
1916,IKAN DEMUDUK/CUPAK/CERMIN (≤ 3 EKOR SEKILOGRAM),1kg,Negeri Sembilan,28.7,20.94,33.4,14,364
1916,IKAN DEMUDUK/CUPAK/CERMIN (≤ 3 EKOR SEKILOGRAM),1kg,Pahang,25.5,23.86,28.49,16,153
1916,IKAN DEMUDUK/CUPAK/CERMIN (≤ 3 EKOR SEKILOGRAM),1kg,Perak,29.99,26.0,32.0,73,3458
1916,IKAN DEMUDUK/CUPAK/CERMIN (≤ 3 EKOR SEKILOGRAM),1kg,Perlis,28.0,27.72,29.05,12,521
1916,IKAN DEMUDUK/CUPAK/CERMIN (≤ 3 EKOR SEKILOGRAM),1kg,Pulau Pinang,30.0,29.9,32.0,79,2806
1916,IKAN DEMUDUK/CUPAK/CERMIN (≤ 3 EKOR SEKILOGRAM),1kg,Sabah,20.0,18.74,22.12,56,1699
1916,IKAN DEMUDUK/CUPAK/CERMIN (≤ 3 EKOR SEKILOGRAM),1kg,Sarawak,18.0,15.99,20.0,37,638
1916,IKAN DEMUDUK/CUPAK/CERMIN (≤ 3 EKOR SEKILOGRAM),1kg,Selangor,31.89,25.99,33.9,59,2094
1916,IKAN DEMUDUK/CUPAK/CERMIN (≤ 3 EKOR SEKILOGRAM),1kg,Terengganu,24.99,20.34,28.0,16,328
1916,IKAN DEMUDUK/CUPAK/CERMIN (≤ 3 EKOR SEKILOGRAM),1kg,W.P. Kuala Lumpur,31.89,28.0,33.9,52,1993
1916,IKAN DEMUDUK/CUPAK/CERMIN (≤ 3 EKOR SEKILOGRAM),1kg,W.P. Labuan,23.99,22.12,25.0,4,32
1916,IKAN DEMUDUK/CUPAK/CERMIN (≤ 3 EKOR SEKILOGRAM),1kg,W.P. Putrajaya,32.5,30.7,36.85,15,781
1919,UDANG PUTIH BESAR (ANTARA 20 HINGGA 30 EKOR SEKILOGRAM),1kg,Johor,51.5,38.49,61.25,8,32
1919,UDANG PUTIH BESAR (ANTARA 20 HINGGA 30 EKOR SEKILOGRAM),1kg,Kedah,65.0,55.0,65.0,5,43
1919,UDANG PUTIH BESAR (ANTARA 20 HINGGA 30 EKOR SEKILOGRAM),1kg,Melaka,62.8,62.8,62.8,1,3
1919,UDANG PUTIH BESAR (ANTARA 20 HINGGA 30 EKOR SEKILOGRAM),1kg,Negeri Sembilan,43.0,41.5,55.45,3,9
1919,UDANG PUTIH BESAR (ANTARA 20 HINGGA 30 EKOR SEKILOGRAM),1kg,Pahang,50.0,42.49,57.5,2,2
1919,UDANG PUTIH BESAR (ANTARA 20 HINGGA 30 EKOR SEKILOGRAM),1kg,Perak,49.0,43.5,54.75,18,64
1919,UDANG PUTIH BESAR (ANTARA 20 HINGGA 30 EKOR SEKILOGRAM),1kg,Perlis,55.0,55.0,55.0,1,2
1919,UDANG PUTIH BESAR (ANTARA 20 HINGGA 30 EKOR SEKILOGRAM),1kg,Pulau Pinang,60.0,55.0,65.0,17,63
1919,UDANG PUTIH BESAR (ANTARA 20 HINGGA 30 EKOR SEKILOGRAM),1kg,Sabah,36.99,28.0,39.0,9,20
1919,UDANG PUTIH BESAR (ANTARA 20 HINGGA 30 EKOR SEKILOGRAM),1kg,Sarawak,47.4,45.0,55.0,9,24
1919,UDANG PUTIH BESAR (ANTARA 20 HINGGA 30 EKOR SEKILOGRAM),1kg,Selangor,40.6,38.45,45.05,12,46
1919,UDANG PUTIH BESAR (ANTARA 20 HINGGA 30 EKOR SEKILOGRAM),1kg,W.P. Kuala Lumpur,57.45,48.12,68.93,14,72
1919,UDANG PUTIH BESAR (ANTARA 20 HINGGA 30 EKOR SEKILOGRAM),1kg,W.P. Putrajaya,41.4,39.95,65.65,3,9
1921,IKAN TILAPIA MERAH (ANTARA 2 HINGGA 5 EKOR SEKILOGRAM),1kg,Johor,15.99,14.5,16.99,117,4992
1921,IKAN TILAPIA MERAH (ANTARA 2 HINGGA 5 EKOR SEKILOGRAM),1kg,Kedah,15.0,12.9,16.0,41,2109
1921,IKAN TILAPIA MERAH (ANTARA 2 HINGGA 5 EKOR SEKILOGRAM),1kg,Kelantan,14.0,12.5,16.0,75,4108
1921,IKAN TILAPIA MERAH (ANTARA 2 HINGGA 5 EKOR SEKILOGRAM),1kg,Melaka,14.45,13.19,16.0,26,1140
1921,IKAN TILAPIA MERAH (ANTARA 2 HINGGA 5 EKOR SEKILOGRAM),1kg,Negeri Sembilan,16.9,14.44,18.0,31,1434
1921,IKAN TILAPIA MERAH (ANTARA 2 HINGGA 5 EKOR SEKILOGRAM),1kg,Pahang,15.99,14.99,17.0,81,4911
1921,IKAN TILAPIA MERAH (ANTARA 2 HINGGA 5 EKOR SEKILOGRAM),1kg,Perak,15.0,12.68,16.9,86,3722
1921,IKAN TILAPIA MERAH (ANTARA 2 HINGGA 5 EKOR SEKILOGRAM),1kg,Perlis,14.25,14.0,14.98,14,619
1921,IKAN TILAPIA MERAH (ANTARA 2 HINGGA 5 EKOR SEKILOGRAM),1kg,Pulau Pinang,15.9,13.9,18.0,53,1528
1921,IKAN TILAPIA MERAH (ANTARA 2 HINGGA 5 EKOR SEKILOGRAM),1kg,Sabah,18.99,15.64,19.5,35,663
1921,IKAN TILAPIA MERAH (ANTARA 2 HINGGA 5 EKOR SEKILOGRAM),1kg,Sarawak,16.99,13.9,19.7,171,7876
1921,IKAN TILAPIA MERAH (ANTARA 2 HINGGA 5 EKOR SEKILOGRAM),1kg,Selangor,16.0,14.99,17.9,74,3960
1921,IKAN TILAPIA MERAH (ANTARA 2 HINGGA 5 EKOR SEKILOGRAM),1kg,Terengganu,16.99,15.22,18.0,54,2820
1921,IKAN TILAPIA MERAH (ANTARA 2 HINGGA 5 EKOR SEKILOGRAM),1kg,W.P. Kuala Lumpur,17.9,16.0,20.45,111,7007
1921,IKAN TILAPIA MERAH (ANTARA 2 HINGGA 5 EKOR SEKILOGRAM),1kg,W.P. Labuan,17.4,16.65,17.65,3,46
1921,IKAN TILAPIA MERAH (ANTARA 2 HINGGA 5 EKOR SEKILOGRAM),1kg,W.P. Putrajaya,17.5,15.94,18.35,19,838
1922,SADERI,1kg,Sabah,8.69,8.69,8.69,1,1
1923,TERUNG BULAT,1kg,Johor,8.99,7.99,9.99,99,894
1923,TERUNG BULAT,1kg,Kedah,7.99,7.0,8.89,68,811
1923,TERUNG BULAT,1kg,Kelantan,8.82,8.18,10.34,16,128
1923,TERUNG BULAT,1kg,Melaka,8.99,8.49,9.5,33,318
1923,TERUNG BULAT,1kg,Negeri Sembilan,8.9,7.9,10.0,49,547
1923,TERUNG BULAT,1kg,Pahang,7.99,7.07,8.99,100,1152
1923,TERUNG BULAT,1kg,Perak,8.0,7.77,9.71,122,1479
1923,TERUNG BULAT,1kg,Perlis,8.94,8.0,9.98,14,116
1923,TERUNG BULAT,1kg,Pulau Pinang,9.0,7.99,10.0,112,1358
1923,TERUNG BULAT,1kg,Sabah,7.5,7.19,9.3,5,5
1923,TERUNG BULAT,1kg,Sarawak,15.0,15.0,15.0,1,5
1923,TERUNG BULAT,1kg,Selangor,9.5,8.84,10.0,105,1280
1923,TERUNG BULAT,1kg,Terengganu,7.59,6.99,8.0,65,753
1923,TERUNG BULAT,1kg,W.P. Kuala Lumpur,9.5,8.2,11.12,143,1628
1923,TERUNG BULAT,1kg,W.P. Putrajaya,9.99,9.0,11.0,23,266
1926,CILI AKAR HIJAU,1kg,Johor,12.99,10.99,15.0,201,10046
1926,CILI AKAR HIJAU,1kg,Kedah,12.5,10.99,14.5,93,5434
1926,CILI AKAR HIJAU,1kg,Kelantan,12.0,10.85,13.9,120,6898
1926,CILI AKAR HIJAU,1kg,Melaka,13.9,10.99,15.0,47,2101
1926,CILI AKAR HIJAU,1kg,Negeri Sembilan,12.2,10.97,15.0,52,2874
1926,CILI AKAR HIJAU,1kg,Pahang,13.99,12.0,17.75,137,6857
1926,CILI AKAR HIJAU,1kg,Perak,12.99,11.56,15.0,158,8502
1926,CILI AKAR HIJAU,1kg,Perlis,11.99,10.0,15.0,27,1534
1926,CILI AKAR HIJAU,1kg,Pulau Pinang,12.0,10.99,14.9,125,6665
1926,CILI AKAR HIJAU,1kg,Sabah,25.0,19.7,32.5,51,1514
1926,CILI AKAR HIJAU,1kg,Sarawak,25.0,20.0,29.9,45,712
1926,CILI AKAR HIJAU,1kg,Selangor,12.99,11.19,15.0,119,7110
1926,CILI AKAR HIJAU,1kg,Terengganu,12.0,10.49,13.6,99,5298
1926,CILI AKAR HIJAU,1kg,W.P. Kuala Lumpur,15.0,12.0,20.0,162,10609
1926,CILI AKAR HIJAU,1kg,W.P. Labuan,21.9,21.9,21.9,1,1
1926,CILI AKAR HIJAU,1kg,W.P. Putrajaya,14.45,13.0,19.9,28,1372
1927,CILI AKAR MERAH,1kg,Johor,14.14,10.99,19.9,144,8082
1927,CILI AKAR MERAH,1kg,Kedah,15.99,13.27,19.82,60,3474
1927,CILI AKAR MERAH,1kg,Kelantan,12.7,10.9,15.22,120,7096
1927,CILI AKAR MERAH,1kg,Melaka,14.94,10.99,17.75,34,1476
1927,CILI AKAR MERAH,1kg,Negeri Sembilan,15.0,10.99,18.0,51,2697
1927,CILI AKAR MERAH,1kg,Pahang,14.99,12.99,16.0,110,6685
1927,CILI AKAR MERAH,1kg,Perak,14.0,11.99,16.0,105,6303
1927,CILI AKAR MERAH,1kg,Perlis,15.25,12.98,18.0,24,1464
1927,CILI AKAR MERAH,1kg,Pulau Pinang,15.0,11.24,16.0,62,3153
1927,CILI AKAR MERAH,1kg,Sabah,32.9,25.1,39.99,55,1073
1927,CILI AKAR MERAH,1kg,Sarawak,29.9,25.5,31.45,167,8106
1927,CILI AKAR MERAH,1kg,Selangor,13.74,10.99,15.49,112,6982
1927,CILI AKAR MERAH,1kg,Terengganu,12.0,10.89,15.0,90,4682
1927,CILI AKAR MERAH,1kg,W.P. Kuala Lumpur,15.0,11.5,22.0,157,10269
1927,CILI AKAR MERAH,1kg,W.P. Putrajaya,15.0,13.25,22.0,27,1369
1928,LIMAU KASTURI,1kg,Johor,6.0,3.99,8.0,192,9750
1928,LIMAU KASTURI,1kg,Kedah,6.34,4.99,8.4,87,5237
1928,LIMAU KASTURI,1kg,Kelantan,5.9,4.9,7.25,112,6801
1928,LIMAU KASTURI,1kg,Melaka,6.0,4.35,8.0,47,2029
1928,LIMAU KASTURI,1kg,Negeri Sembilan,6.5,4.92,8.75,54,2955
1928,LIMAU KASTURI,1kg,Pahang,5.99,4.57,7.99,116,6775
1928,LIMAU KASTURI,1kg,Perak,5.99,4.99,7.0,131,8112
1928,LIMAU KASTURI,1kg,Perlis,8.25,5.85,11.6,26,1572
1928,LIMAU KASTURI,1kg,Pulau Pinang,7.99,5.65,10.0,119,6427
1928,LIMAU KASTURI,1kg,Sabah,8.79,7.5,10.6,127,6733
1928,LIMAU KASTURI,1kg,Sarawak,6.9,5.0,8.9,180,9427
1928,LIMAU KASTURI,1kg,Selangor,5.0,4.54,7.99,111,6739
1928,LIMAU KASTURI,1kg,Terengganu,6.5,4.99,9.0,93,5127
1928,LIMAU KASTURI,1kg,W.P. Kuala Lumpur,6.0,4.5,9.0,136,8825
1928,LIMAU KASTURI,1kg,W.P. Labuan,8.95,8.12,9.98,14,690
1928,LIMAU KASTURI,1kg,W.P. Putrajaya,7.0,4.9,9.9,25,1247
1929,SANTAN KELAPA SEGAR (PEKAT),1kg,Johor,16.0,15.0,17.0,13,151
1929,SANTAN KELAPA SEGAR (PEKAT),1kg,Kedah,16.0,15.0,17.0,21,232
1929,SANTAN KELAPA SEGAR (PEKAT),1kg,Kelantan,14.0,14.0,15.0,22,268
1929,SANTAN KELAPA SEGAR (PEKAT),1kg,Melaka,15.1,9.97,17.25,12,116
1929,SANTAN KELAPA SEGAR (PEKAT),1kg,Negeri Sembilan,16.0,15.0,16.0,8,80
1929,SANTAN KELAPA SEGAR (PEKAT),1kg,Pahang,18.0,16.0,20.0,13,163
1929,SANTAN KELAPA SEGAR (PEKAT),1kg,Perak,14.0,10.18,15.75,30,205
1929,SANTAN KELAPA SEGAR (PEKAT),1kg,Perlis,16.0,16.0,16.0,6,73
1929,SANTAN KELAPA SEGAR (PEKAT),1kg,Pulau Pinang,15.6,11.0,17.0,25,251
1929,SANTAN KELAPA SEGAR (PEKAT),1kg,Sabah,14.5,13.5,14.5,15,133
1929,SANTAN KELAPA SEGAR (PEKAT),1kg,Sarawak,11.8,11.0,12.2,13,70
1929,SANTAN KELAPA SEGAR (PEKAT),1kg,Selangor,16.0,15.0,17.0,21,185
1929,SANTAN KELAPA SEGAR (PEKAT),1kg,Terengganu,15.0,14.0,15.5,13,166
1929,SANTAN KELAPA SEGAR (PEKAT),1kg,W.P. Kuala Lumpur,13.5,11.0,16.0,12,89
1929,SANTAN KELAPA SEGAR (PEKAT),1kg,W.P. Labuan,14.5,14.5,14.5,1,1
1929,SANTAN KELAPA SEGAR (PEKAT),1kg,W.P. Putrajaya,14.5,14.25,14.75,2,26
1931,BAWANG BESAR IMPORT (PAKISTAN),1kg,Johor,2.34,1.99,2.49,16,427
1931,BAWANG BESAR IMPORT (PAKISTAN),1kg,Kedah,2.65,1.99,3.62,12,218
1931,BAWANG BESAR IMPORT (PAKISTAN),1kg,Kelantan,2.34,2.14,2.89,8,102
1931,BAWANG BESAR IMPORT (PAKISTAN),1kg,Melaka,2.26,2.15,2.38,2,27
1931,BAWANG BESAR IMPORT (PAKISTAN),1kg,Negeri Sembilan,2.19,1.84,2.9,3,47
1931,BAWANG BESAR IMPORT (PAKISTAN),1kg,Pahang,2.99,2.5,4.0,13,307
1931,BAWANG BESAR IMPORT (PAKISTAN),1kg,Perak,2.39,2.3,2.84,3,55
1931,BAWANG BESAR IMPORT (PAKISTAN),1kg,Perlis,4.5,2.49,5.0,9,123
1931,BAWANG BESAR IMPORT (PAKISTAN),1kg,Pulau Pinang,3.24,2.65,3.62,4,16
1931,BAWANG BESAR IMPORT (PAKISTAN),1kg,Sabah,4.94,4.92,4.97,2,2
1931,BAWANG BESAR IMPORT (PAKISTAN),1kg,Sarawak,4.4,4.14,4.65,2,109
1931,BAWANG BESAR IMPORT (PAKISTAN),1kg,Selangor,2.8,2.56,3.15,8,41
1931,BAWANG BESAR IMPORT (PAKISTAN),1kg,Terengganu,2.99,2.54,4.0,15,197
1931,BAWANG BESAR IMPORT (PAKISTAN),1kg,W.P. Kuala Lumpur,2.39,2.22,2.7,10,227
1931,BAWANG BESAR IMPORT (PAKISTAN),1kg,W.P. Putrajaya,2.9,2.9,2.9,1,13
1937,MINYAK MASAK TULEN CAP SAJI,1kg,Johor,6.9,6.9,6.9,125,1324
1937,MINYAK MASAK TULEN CAP SAJI,1kg,Kedah,6.9,6.9,6.9,44,490
1937,MINYAK MASAK TULEN CAP SAJI,1kg,Kelantan,6.9,6.9,6.9,75,607
1937,MINYAK MASAK TULEN CAP SAJI,1kg,Melaka,6.9,6.9,6.9,27,238
1937,MINYAK MASAK TULEN CAP SAJI,1kg,Negeri Sembilan,6.9,6.9,6.9,34,285
1937,MINYAK MASAK TULEN CAP SAJI,1kg,Pahang,6.9,6.9,6.9,69,699
1937,MINYAK MASAK TULEN CAP SAJI,1kg,Perak,6.9,6.9,6.9,82,791
1937,MINYAK MASAK TULEN CAP SAJI,1kg,Perlis,6.9,6.9,6.9,9,73
1937,MINYAK MASAK TULEN CAP SAJI,1kg,Pulau Pinang,6.9,6.9,6.9,63,563
1937,MINYAK MASAK TULEN CAP SAJI,1kg,Sabah,6.9,6.9,6.9,48,240
1937,MINYAK MASAK TULEN CAP SAJI,1kg,Sarawak,6.9,6.9,6.9,34,110
1937,MINYAK MASAK TULEN CAP SAJI,1kg,Selangor,6.9,6.9,6.9,69,665
1937,MINYAK MASAK TULEN CAP SAJI,1kg,Terengganu,6.9,6.9,6.9,69,662
1937,MINYAK MASAK TULEN CAP SAJI,1kg,W.P. Kuala Lumpur,6.9,6.9,6.9,78,641
1937,MINYAK MASAK TULEN CAP SAJI,1kg,W.P. Putrajaya,6.9,6.9,6.9,19,157
1938,MINYAK MASAK TULEN CAP SAJI,2 kg,Johor,13.3,13.29,13.3,144,1274
1938,MINYAK MASAK TULEN CAP SAJI,2 kg,Kedah,13.3,13.3,13.3,70,629
1938,MINYAK MASAK TULEN CAP SAJI,2 kg,Kelantan,13.3,13.3,13.3,142,1094
1938,MINYAK MASAK TULEN CAP SAJI,2 kg,Melaka,13.3,13.3,13.3,33,248
1938,MINYAK MASAK TULEN CAP SAJI,2 kg,Negeri Sembilan,13.3,13.3,13.3,34,283
1938,MINYAK MASAK TULEN CAP SAJI,2 kg,Pahang,13.3,13.25,13.3,119,1026
1938,MINYAK MASAK TULEN CAP SAJI,2 kg,Perak,13.3,13.25,13.3,122,958
1938,MINYAK MASAK TULEN CAP SAJI,2 kg,Perlis,13.3,13.3,13.3,17,100
1938,MINYAK MASAK TULEN CAP SAJI,2 kg,Pulau Pinang,13.3,13.25,13.3,67,593
1938,MINYAK MASAK TULEN CAP SAJI,2 kg,Sabah,13.3,13.3,13.3,44,261
1938,MINYAK MASAK TULEN CAP SAJI,2 kg,Sarawak,13.3,13.3,13.3,52,222
1938,MINYAK MASAK TULEN CAP SAJI,2 kg,Selangor,13.3,13.3,13.3,87,682
1938,MINYAK MASAK TULEN CAP SAJI,2 kg,Terengganu,13.3,13.3,13.3,94,879
1938,MINYAK MASAK TULEN CAP SAJI,2 kg,W.P. Kuala Lumpur,13.3,13.3,13.3,68,563
1938,MINYAK MASAK TULEN CAP SAJI,2 kg,W.P. Labuan,13.3,13.3,13.3,4,18
1938,MINYAK MASAK TULEN CAP SAJI,2 kg,W.P. Putrajaya,13.3,13.3,13.3,21,118
1939,MINYAK MASAK TULEN CAP SAJI,5 kg,Johor,30.9,30.89,30.9,165,1708
1939,MINYAK MASAK TULEN CAP SAJI,5 kg,Kedah,30.9,30.7,30.9,85,894
1939,MINYAK MASAK TULEN CAP SAJI,5 kg,Kelantan,30.9,30.9,30.9,158,1261
1939,MINYAK MASAK TULEN CAP SAJI,5 kg,Melaka,30.9,30.9,30.9,36,323
1939,MINYAK MASAK TULEN CAP SAJI,5 kg,Negeri Sembilan,30.9,30.9,30.9,43,402
1939,MINYAK MASAK TULEN CAP SAJI,5 kg,Pahang,30.9,30.5,30.9,130,1321
1939,MINYAK MASAK TULEN CAP SAJI,5 kg,Perak,30.9,30.5,30.9,140,1306
1939,MINYAK MASAK TULEN CAP SAJI,5 kg,Perlis,30.9,30.8,30.9,24,193
1939,MINYAK MASAK TULEN CAP SAJI,5 kg,Pulau Pinang,30.9,30.5,30.9,76,807
1939,MINYAK MASAK TULEN CAP SAJI,5 kg,Sabah,30.9,30.9,30.9,51,331
1939,MINYAK MASAK TULEN CAP SAJI,5 kg,Sarawak,30.9,30.9,30.9,68,434
1939,MINYAK MASAK TULEN CAP SAJI,5 kg,Selangor,30.9,30.5,30.9,94,906
1939,MINYAK MASAK TULEN CAP SAJI,5 kg,Terengganu,30.9,30.9,30.9,100,998
1939,MINYAK MASAK TULEN CAP SAJI,5 kg,W.P. Kuala Lumpur,30.9,30.85,30.9,110,1113
1939,MINYAK MASAK TULEN CAP SAJI,5 kg,W.P. Labuan,30.9,30.9,30.9,2,13
1939,MINYAK MASAK TULEN CAP SAJI,5 kg,W.P. Putrajaya,30.9,30.9,30.9,18,194
1940,MINYAK MASAK TULEN CAP ALIF,1kg,Johor,18.9,12.9,24.89,2,11
1940,MINYAK MASAK TULEN CAP ALIF,1kg,Kelantan,6.44,6.44,6.44,1,2
1940,MINYAK MASAK TULEN CAP ALIF,1kg,Melaka,6.89,6.89,6.89,1,1
1940,MINYAK MASAK TULEN CAP ALIF,1kg,Negeri Sembilan,6.9,6.9,6.9,2,10
1940,MINYAK MASAK TULEN CAP ALIF,1kg,Pahang,6.9,6.9,6.9,2,22
1940,MINYAK MASAK TULEN CAP ALIF,1kg,Perak,30.9,30.9,30.9,1,1
1940,MINYAK MASAK TULEN CAP ALIF,1kg,Perlis,6.9,6.9,6.9,1,4
1940,MINYAK MASAK TULEN CAP ALIF,1kg,Pulau Pinang,6.9,6.9,6.9,1,8
1940,MINYAK MASAK TULEN CAP ALIF,1kg,Sabah,6.9,6.9,6.9,1,4
1940,MINYAK MASAK TULEN CAP ALIF,1kg,Selangor,6.44,6.22,6.67,2,15
1940,MINYAK MASAK TULEN CAP ALIF,1kg,Terengganu,6.9,6.9,6.9,2,15
1940,MINYAK MASAK TULEN CAP ALIF,1kg,W.P. Kuala Lumpur,6.9,6.9,6.9,2,11
1941,MINYAK MASAK TULEN CAP ALIF,2 kg,Kelantan,13.3,13.3,13.3,1,12
1941,MINYAK MASAK TULEN CAP ALIF,2 kg,Negeri Sembilan,13.3,13.3,13.3,1,14
1941,MINYAK MASAK TULEN CAP ALIF,2 kg,Sabah,13.3,13.3,13.3,6,26
1941,MINYAK MASAK TULEN CAP ALIF,2 kg,Sarawak,13.6,13.6,13.6,1,1
1941,MINYAK MASAK TULEN CAP ALIF,2 kg,Selangor,13.3,13.3,13.3,1,1
1941,MINYAK MASAK TULEN CAP ALIF,2 kg,W.P. Kuala Lumpur,13.2,13.2,13.2,1,10
1942,MINYAK MASAK TULEN CAP ALIF,5 kg,Kedah,30.9,30.9,30.9,1,9
1942,MINYAK MASAK TULEN CAP ALIF,5 kg,Kelantan,30.9,30.9,30.9,1,7
1942,MINYAK MASAK TULEN CAP ALIF,5 kg,Melaka,30.89,30.89,30.89,1,1
1942,MINYAK MASAK TULEN CAP ALIF,5 kg,Negeri Sembilan,30.4,30.15,30.65,2,6
1942,MINYAK MASAK TULEN CAP ALIF,5 kg,Pahang,30.9,30.9,30.9,10,76
1942,MINYAK MASAK TULEN CAP ALIF,5 kg,Pulau Pinang,29.9,29.9,30.4,3,26
1942,MINYAK MASAK TULEN CAP ALIF,5 kg,Sabah,30.9,30.9,30.9,8,42
1942,MINYAK MASAK TULEN CAP ALIF,5 kg,Selangor,30.7,23.49,30.9,4,21
1942,MINYAK MASAK TULEN CAP ALIF,5 kg,Terengganu,30.9,30.9,30.9,1,2
1942,MINYAK MASAK TULEN CAP ALIF,5 kg,W.P. Kuala Lumpur,30.9,30.19,30.9,6,27
1943,KACANG MERAH (IMPORT),1kg,Sabah,11.9,11.9,11.9,1,1
1944,KACANG SOYA (IMPORT),1kg,Johor,6.9,6.18,8.99,70,839
1944,KACANG SOYA (IMPORT),1kg,Kedah,6.9,6.5,7.0,18,210
1944,KACANG SOYA (IMPORT),1kg,Kelantan,7.0,6.9,7.5,37,410
1944,KACANG SOYA (IMPORT),1kg,Melaka,6.9,6.5,7.0,13,149
1944,KACANG SOYA (IMPORT),1kg,Negeri Sembilan,7.0,6.0,8.7,23,301
1944,KACANG SOYA (IMPORT),1kg,Pahang,6.9,6.29,7.99,35,435
1944,KACANG SOYA (IMPORT),1kg,Perak,6.9,6.22,7.0,44,523
1944,KACANG SOYA (IMPORT),1kg,Perlis,7.5,7.5,8.75,3,39
1944,KACANG SOYA (IMPORT),1kg,Pulau Pinang,6.9,6.5,8.5,20,266
1944,KACANG SOYA (IMPORT),1kg,Sabah,7.9,6.99,8.27,44,413
1944,KACANG SOYA (IMPORT),1kg,Sarawak,6.9,6.5,7.65,72,778
1944,KACANG SOYA (IMPORT),1kg,Selangor,7.0,6.7,10.0,39,460
1944,KACANG SOYA (IMPORT),1kg,Terengganu,6.9,6.28,7.74,23,275
1944,KACANG SOYA (IMPORT),1kg,W.P. Kuala Lumpur,10.0,7.8,10.9,66,838
1944,KACANG SOYA (IMPORT),1kg,W.P. Labuan,7.9,6.7,8.45,7,75
1944,KACANG SOYA (IMPORT),1kg,W.P. Putrajaya,10.92,7.58,12.36,10,113
1947,SERBUK PENAIK ROYAL (TIN),113g,Johor,6.49,6.29,6.65,75,875
1947,SERBUK PENAIK ROYAL (TIN),113g,Kedah,6.7,6.2,6.99,23,304
1947,SERBUK PENAIK ROYAL (TIN),113g,Kelantan,6.48,6.2,6.75,8,79
1947,SERBUK PENAIK ROYAL (TIN),113g,Melaka,6.3,6.3,6.67,10,94
1947,SERBUK PENAIK ROYAL (TIN),113g,Negeri Sembilan,6.6,6.3,6.84,18,207
1947,SERBUK PENAIK ROYAL (TIN),113g,Pahang,6.6,6.3,6.6,53,649
1947,SERBUK PENAIK ROYAL (TIN),113g,Perak,6.3,6.3,6.7,44,551
1947,SERBUK PENAIK ROYAL (TIN),113g,Perlis,6.2,6.2,6.42,6,51
1947,SERBUK PENAIK ROYAL (TIN),113g,Pulau Pinang,6.62,6.3,6.99,24,314
1947,SERBUK PENAIK ROYAL (TIN),113g,Sabah,6.8,6.5,6.95,75,633
1947,SERBUK PENAIK ROYAL (TIN),113g,Sarawak,6.8,6.5,6.9,77,765
1947,SERBUK PENAIK ROYAL (TIN),113g,Selangor,6.55,6.3,6.66,36,454
1947,SERBUK PENAIK ROYAL (TIN),113g,Terengganu,6.6,6.4,6.65,23,240
1947,SERBUK PENAIK ROYAL (TIN),113g,W.P. Kuala Lumpur,6.59,6.27,6.7,59,640
1947,SERBUK PENAIK ROYAL (TIN),113g,W.P. Labuan,6.25,6.2,6.32,8,69
1947,SERBUK PENAIK ROYAL (TIN),113g,W.P. Putrajaya,6.45,6.3,6.69,10,101
1951,BERAS PREMIUM CAP 3A BOY (SUPER IMPORT),10 kg,Sarawak,29.5,28.9,30.52,156,1749
1953,KRIMER MANIS PEKAT CAP SAJI,500 g,Johor,3.4,3.29,3.6,187,2143
1953,KRIMER MANIS PEKAT CAP SAJI,500 g,Kedah,3.37,3.2,3.5,60,665
1953,KRIMER MANIS PEKAT CAP SAJI,500 g,Kelantan,3.4,3.3,3.5,174,1872
1953,KRIMER MANIS PEKAT CAP SAJI,500 g,Melaka,3.45,3.29,3.5,39,418
1953,KRIMER MANIS PEKAT CAP SAJI,500 g,Negeri Sembilan,3.5,3.2,3.5,49,560
1953,KRIMER MANIS PEKAT CAP SAJI,500 g,Pahang,3.39,3.2,3.5,151,1794
1953,KRIMER MANIS PEKAT CAP SAJI,500 g,Perak,3.35,3.2,3.5,133,1497
1953,KRIMER MANIS PEKAT CAP SAJI,500 g,Perlis,3.5,3.39,3.5,14,113
1953,KRIMER MANIS PEKAT CAP SAJI,500 g,Pulau Pinang,3.4,3.2,3.56,76,826
1953,KRIMER MANIS PEKAT CAP SAJI,500 g,Sabah,3.8,3.62,3.94,62,412
1953,KRIMER MANIS PEKAT CAP SAJI,500 g,Sarawak,3.9,3.56,4.0,46,390
1953,KRIMER MANIS PEKAT CAP SAJI,500 g,Selangor,3.5,3.2,3.6,101,1169
1953,KRIMER MANIS PEKAT CAP SAJI,500 g,Terengganu,3.5,3.3,3.6,116,1407
1953,KRIMER MANIS PEKAT CAP SAJI,500 g,W.P. Kuala Lumpur,3.5,3.37,3.69,87,902
1953,KRIMER MANIS PEKAT CAP SAJI,500 g,W.P. Labuan,3.8,3.7,3.82,8,48
1953,KRIMER MANIS PEKAT CAP SAJI,500 g,W.P. Putrajaya,3.59,3.4,3.78,19,183
1955,YOGURT MARIGOLD (LOW FAT) (STRAWBERRY),130g,Johor,2.9,2.85,2.9,89,960
1955,YOGURT MARIGOLD (LOW FAT) (STRAWBERRY),130g,Kedah,2.9,2.8,2.9,38,431
1955,YOGURT MARIGOLD (LOW FAT) (STRAWBERRY),130g,Kelantan,2.85,2.65,2.9,54,512
1955,YOGURT MARIGOLD (LOW FAT) (STRAWBERRY),130g,Melaka,2.9,2.76,2.9,16,183
1955,YOGURT MARIGOLD (LOW FAT) (STRAWBERRY),130g,Negeri Sembilan,2.9,2.8,2.9,21,256
1955,YOGURT MARIGOLD (LOW FAT) (STRAWBERRY),130g,Pahang,2.9,2.89,2.9,42,488
1955,YOGURT MARIGOLD (LOW FAT) (STRAWBERRY),130g,Perak,2.9,2.9,2.9,53,630
1955,YOGURT MARIGOLD (LOW FAT) (STRAWBERRY),130g,Perlis,2.85,2.8,2.92,8,95
1955,YOGURT MARIGOLD (LOW FAT) (STRAWBERRY),130g,Pulau Pinang,2.9,2.85,2.9,32,411
1955,YOGURT MARIGOLD (LOW FAT) (STRAWBERRY),130g,Sabah,3.19,3.1,3.19,41,264
1955,YOGURT MARIGOLD (LOW FAT) (STRAWBERRY),130g,Sarawak,3.1,3.0,3.2,74,433
1955,YOGURT MARIGOLD (LOW FAT) (STRAWBERRY),130g,Selangor,2.9,2.9,2.91,44,522
1955,YOGURT MARIGOLD (LOW FAT) (STRAWBERRY),130g,Terengganu,2.89,2.82,2.9,35,351
1955,YOGURT MARIGOLD (LOW FAT) (STRAWBERRY),130g,W.P. Kuala Lumpur,2.95,2.9,3.0,85,1078
1955,YOGURT MARIGOLD (LOW FAT) (STRAWBERRY),130g,W.P. Labuan,3.1,3.1,3.19,5,30
1955,YOGURT MARIGOLD (LOW FAT) (STRAWBERRY),130g,W.P. Putrajaya,2.9,2.9,3.0,11,99
1960,SUSU SEGAR KURMA FARM FRESH,700 g,Johor,9.29,8.99,9.59,81,728
1960,SUSU SEGAR KURMA FARM FRESH,700 g,Kedah,9.35,9.35,9.5,33,291
1960,SUSU SEGAR KURMA FARM FRESH,700 g,Kelantan,9.5,9.35,10.5,53,499
1960,SUSU SEGAR KURMA FARM FRESH,700 g,Melaka,9.2,8.99,9.35,13,97
1960,SUSU SEGAR KURMA FARM FRESH,700 g,Negeri Sembilan,9.12,8.99,9.46,20,116
1960,SUSU SEGAR KURMA FARM FRESH,700 g,Pahang,9.35,9.2,9.46,42,286
1960,SUSU SEGAR KURMA FARM FRESH,700 g,Perak,9.29,8.99,9.35,44,375
1960,SUSU SEGAR KURMA FARM FRESH,700 g,Perlis,9.35,9.08,9.46,6,25
1960,SUSU SEGAR KURMA FARM FRESH,700 g,Pulau Pinang,9.35,9.2,9.35,26,188
1960,SUSU SEGAR KURMA FARM FRESH,700 g,Sarawak,11.9,11.5,12.3,29,95
1960,SUSU SEGAR KURMA FARM FRESH,700 g,Selangor,9.35,9.05,9.5,40,355
1960,SUSU SEGAR KURMA FARM FRESH,700 g,Terengganu,9.35,9.09,9.79,28,154
1960,SUSU SEGAR KURMA FARM FRESH,700 g,W.P. Kuala Lumpur,9.35,9.05,9.4,85,938
1960,SUSU SEGAR KURMA FARM FRESH,700 g,W.P. Putrajaya,9.35,9.35,9.5,12,109
1963,ANMUM ESSENTIAL LANGKAH 4 PERISA ASLI (TANPA GULA TAMBAHAN) - KOTAK,550 g,Johor,37.7,36.85,38.69,48,468
1963,ANMUM ESSENTIAL LANGKAH 4 PERISA ASLI (TANPA GULA TAMBAHAN) - KOTAK,550 g,Kedah,37.5,35.92,38.8,46,507
1963,ANMUM ESSENTIAL LANGKAH 4 PERISA ASLI (TANPA GULA TAMBAHAN) - KOTAK,550 g,Kelantan,37.15,36.69,37.9,60,501
1963,ANMUM ESSENTIAL LANGKAH 4 PERISA ASLI (TANPA GULA TAMBAHAN) - KOTAK,550 g,Melaka,37.5,36.98,37.9,10,120
1963,ANMUM ESSENTIAL LANGKAH 4 PERISA ASLI (TANPA GULA TAMBAHAN) - KOTAK,550 g,Negeri Sembilan,37.6,36.8,38.42,16,138
1963,ANMUM ESSENTIAL LANGKAH 4 PERISA ASLI (TANPA GULA TAMBAHAN) - KOTAK,550 g,Pahang,37.5,36.9,37.58,30,312
1963,ANMUM ESSENTIAL LANGKAH 4 PERISA ASLI (TANPA GULA TAMBAHAN) - KOTAK,550 g,Perak,37.7,36.9,39.3,33,269
1963,ANMUM ESSENTIAL LANGKAH 4 PERISA ASLI (TANPA GULA TAMBAHAN) - KOTAK,550 g,Perlis,39.2,38.72,39.4,8,62
1963,ANMUM ESSENTIAL LANGKAH 4 PERISA ASLI (TANPA GULA TAMBAHAN) - KOTAK,550 g,Pulau Pinang,36.75,35.7,38.9,26,264
1963,ANMUM ESSENTIAL LANGKAH 4 PERISA ASLI (TANPA GULA TAMBAHAN) - KOTAK,550 g,Sabah,36.89,36.83,37.95,43,328
1963,ANMUM ESSENTIAL LANGKAH 4 PERISA ASLI (TANPA GULA TAMBAHAN) - KOTAK,550 g,Sarawak,36.9,36.4,37.5,94,766
1963,ANMUM ESSENTIAL LANGKAH 4 PERISA ASLI (TANPA GULA TAMBAHAN) - KOTAK,550 g,Selangor,37.0,35.7,38.9,21,261
1963,ANMUM ESSENTIAL LANGKAH 4 PERISA ASLI (TANPA GULA TAMBAHAN) - KOTAK,550 g,Terengganu,37.0,36.54,37.58,38,289
1963,ANMUM ESSENTIAL LANGKAH 4 PERISA ASLI (TANPA GULA TAMBAHAN) - KOTAK,550 g,W.P. Kuala Lumpur,37.85,37.5,39.4,20,240
1963,ANMUM ESSENTIAL LANGKAH 4 PERISA ASLI (TANPA GULA TAMBAHAN) - KOTAK,550 g,W.P. Labuan,37.6,37.55,38.5,3,20
1963,ANMUM ESSENTIAL LANGKAH 4 PERISA ASLI (TANPA GULA TAMBAHAN) - KOTAK,550 g,W.P. Putrajaya,37.5,37.02,39.38,10,81
1964,QUAKER OATS INSTANT OATMEALS,1kg,Johor,11.85,10.68,11.91,12,121
1964,QUAKER OATS INSTANT OATMEALS,1kg,Kedah,10.65,10.65,11.06,8,96
1964,QUAKER OATS INSTANT OATMEALS,1kg,Kelantan,11.3,10.98,11.62,2,5
1964,QUAKER OATS INSTANT OATMEALS,1kg,Melaka,11.95,11.3,12.92,3,20
1964,QUAKER OATS INSTANT OATMEALS,1kg,Negeri Sembilan,13.2,11.5,13.9,9,47
1964,QUAKER OATS INSTANT OATMEALS,1kg,Perak,11.92,10.66,12.16,14,130
1964,QUAKER OATS INSTANT OATMEALS,1kg,Perlis,12.23,12.23,12.23,1,10
1964,QUAKER OATS INSTANT OATMEALS,1kg,Pulau Pinang,10.65,10.65,10.69,9,112
1964,QUAKER OATS INSTANT OATMEALS,1kg,Sabah,14.29,13.15,15.37,14,65
1964,QUAKER OATS INSTANT OATMEALS,1kg,Sarawak,10.99,10.99,10.99,1,1
1964,QUAKER OATS INSTANT OATMEALS,1kg,Selangor,11.24,10.68,11.9,12,129
1964,QUAKER OATS INSTANT OATMEALS,1kg,Terengganu,12.23,12.23,12.23,1,14
1964,QUAKER OATS INSTANT OATMEALS,1kg,W.P. Kuala Lumpur,11.9,10.84,11.92,11,126
1964,QUAKER OATS INSTANT OATMEALS,1kg,W.P. Putrajaya,10.9,10.8,11.9,5,35
1966,MILNA BISKUT RUSK (PELBAGAI PERISA),130g,Johor,7.9,7.4,8.0,89,1019
1966,MILNA BISKUT RUSK (PELBAGAI PERISA),130g,Kedah,7.65,7.35,7.9,42,506
1966,MILNA BISKUT RUSK (PELBAGAI PERISA),130g,Kelantan,8.0,7.5,8.3,121,1462
1966,MILNA BISKUT RUSK (PELBAGAI PERISA),130g,Melaka,7.5,7.18,7.75,19,218
1966,MILNA BISKUT RUSK (PELBAGAI PERISA),130g,Negeri Sembilan,7.9,7.5,7.99,25,272
1966,MILNA BISKUT RUSK (PELBAGAI PERISA),130g,Pahang,7.59,7.15,7.9,45,486
1966,MILNA BISKUT RUSK (PELBAGAI PERISA),130g,Perak,7.2,7.15,7.9,47,569
1966,MILNA BISKUT RUSK (PELBAGAI PERISA),130g,Perlis,7.5,7.28,7.6,17,178
1966,MILNA BISKUT RUSK (PELBAGAI PERISA),130g,Pulau Pinang,7.9,7.26,8.0,25,296
1966,MILNA BISKUT RUSK (PELBAGAI PERISA),130g,Sabah,7.5,7.5,7.88,90,782
1966,MILNA BISKUT RUSK (PELBAGAI PERISA),130g,Sarawak,7.5,7.3,7.7,82,820
1966,MILNA BISKUT RUSK (PELBAGAI PERISA),130g,Selangor,7.55,7.15,7.95,36,403
1966,MILNA BISKUT RUSK (PELBAGAI PERISA),130g,Terengganu,7.8,7.5,8.0,63,750
1966,MILNA BISKUT RUSK (PELBAGAI PERISA),130g,W.P. Kuala Lumpur,8.0,7.9,8.25,58,684
1966,MILNA BISKUT RUSK (PELBAGAI PERISA),130g,W.P. Labuan,7.55,7.5,7.75,10,111
1966,MILNA BISKUT RUSK (PELBAGAI PERISA),130g,W.P. Putrajaya,7.97,7.8,8.05,12,155
1976,MAGGI MI SEGERA PERISA KARI,5 X 79g,Johor,4.99,4.89,5.5,207,2691
1976,MAGGI MI SEGERA PERISA KARI,5 X 79g,Kedah,5.0,4.9,5.3,111,1452
1976,MAGGI MI SEGERA PERISA KARI,5 X 79g,Kelantan,5.35,5.0,5.6,202,2526
1976,MAGGI MI SEGERA PERISA KARI,5 X 79g,Melaka,4.99,4.87,5.5,52,665
1976,MAGGI MI SEGERA PERISA KARI,5 X 79g,Negeri Sembilan,5.2,4.9,5.5,62,801
1976,MAGGI MI SEGERA PERISA KARI,5 X 79g,Pahang,5.2,4.99,5.5,177,2181
1976,MAGGI MI SEGERA PERISA KARI,5 X 79g,Perak,5.2,4.9,5.29,175,2290
1976,MAGGI MI SEGERA PERISA KARI,5 X 79g,Perlis,5.2,4.94,5.5,32,416
1976,MAGGI MI SEGERA PERISA KARI,5 X 79g,Pulau Pinang,5.2,4.9,5.5,125,1599
1976,MAGGI MI SEGERA PERISA KARI,5 X 79g,Sabah,5.0,4.9,5.49,173,1830
1976,MAGGI MI SEGERA PERISA KARI,5 X 79g,Sarawak,5.2,4.99,5.3,201,2375
1976,MAGGI MI SEGERA PERISA KARI,5 X 79g,Selangor,5.0,4.9,5.5,124,1573
1976,MAGGI MI SEGERA PERISA KARI,5 X 79g,Terengganu,5.3,4.99,5.7,124,1568
1976,MAGGI MI SEGERA PERISA KARI,5 X 79g,W.P. Kuala Lumpur,5.3,4.91,5.9,170,2167
1976,MAGGI MI SEGERA PERISA KARI,5 X 79g,W.P. Labuan,5.03,4.95,5.2,14,164
1976,MAGGI MI SEGERA PERISA KARI,5 X 79g,W.P. Putrajaya,5.5,4.8,5.88,27,343
1984,SYAMPU HEAD & SHOULDERS (SMOOTH & SILKY),330 ml,Johor,15.9,14.49,16.99,87,1088
1984,SYAMPU HEAD & SHOULDERS (SMOOTH & SILKY),330 ml,Kedah,15.5,13.9,15.95,37,473
1984,SYAMPU HEAD & SHOULDERS (SMOOTH & SILKY),330 ml,Kelantan,15.7,14.9,16.8,30,295
1984,SYAMPU HEAD & SHOULDERS (SMOOTH & SILKY),330 ml,Melaka,15.44,13.9,15.98,14,169
1984,SYAMPU HEAD & SHOULDERS (SMOOTH & SILKY),330 ml,Negeri Sembilan,15.54,14.27,15.95,22,269
1984,SYAMPU HEAD & SHOULDERS (SMOOTH & SILKY),330 ml,Pahang,15.9,14.99,16.5,33,422
1984,SYAMPU HEAD & SHOULDERS (SMOOTH & SILKY),330 ml,Perak,14.99,14.27,15.95,50,657
1984,SYAMPU HEAD & SHOULDERS (SMOOTH & SILKY),330 ml,Perlis,16.4,14.9,17.35,10,112
1984,SYAMPU HEAD & SHOULDERS (SMOOTH & SILKY),330 ml,Pulau Pinang,14.99,14.5,15.95,31,404
1984,SYAMPU HEAD & SHOULDERS (SMOOTH & SILKY),330 ml,Sabah,17.5,16.4,17.99,75,699
1984,SYAMPU HEAD & SHOULDERS (SMOOTH & SILKY),330 ml,Sarawak,16.9,16.2,18.88,102,1042
1984,SYAMPU HEAD & SHOULDERS (SMOOTH & SILKY),330 ml,Selangor,15.95,15.89,17.93,42,539
1984,SYAMPU HEAD & SHOULDERS (SMOOTH & SILKY),330 ml,Terengganu,14.99,14.09,16.85,23,277
1984,SYAMPU HEAD & SHOULDERS (SMOOTH & SILKY),330 ml,W.P. Kuala Lumpur,19.1,15.95,20.88,82,990
1984,SYAMPU HEAD & SHOULDERS (SMOOTH & SILKY),330 ml,W.P. Labuan,16.99,16.99,17.2,9,90
1984,SYAMPU HEAD & SHOULDERS (SMOOTH & SILKY),330 ml,W.P. Putrajaya,17.3,15.91,19.12,10,108
1987,DEODORAN NIVEA MAN (BLACK & WHITE INVISIBLE - ORIGINAL),150 ml,Johor,17.9,16.99,22.47,78,915
1987,DEODORAN NIVEA MAN (BLACK & WHITE INVISIBLE - ORIGINAL),150 ml,Kedah,17.85,16.8,21.9,32,366
1987,DEODORAN NIVEA MAN (BLACK & WHITE INVISIBLE - ORIGINAL),150 ml,Kelantan,17.9,16.8,21.9,43,356
1987,DEODORAN NIVEA MAN (BLACK & WHITE INVISIBLE - ORIGINAL),150 ml,Melaka,17.9,16.9,21.5,13,138
1987,DEODORAN NIVEA MAN (BLACK & WHITE INVISIBLE - ORIGINAL),150 ml,Negeri Sembilan,17.9,16.9,21.9,21,244
1987,DEODORAN NIVEA MAN (BLACK & WHITE INVISIBLE - ORIGINAL),150 ml,Pahang,17.9,16.8,21.9,21,227
1987,DEODORAN NIVEA MAN (BLACK & WHITE INVISIBLE - ORIGINAL),150 ml,Perak,17.9,17.85,21.9,52,599
1987,DEODORAN NIVEA MAN (BLACK & WHITE INVISIBLE - ORIGINAL),150 ml,Perlis,22.65,20.6,23.08,4,43
1987,DEODORAN NIVEA MAN (BLACK & WHITE INVISIBLE - ORIGINAL),150 ml,Pulau Pinang,17.9,17.35,22.4,27,311
1987,DEODORAN NIVEA MAN (BLACK & WHITE INVISIBLE - ORIGINAL),150 ml,Sabah,17.8,17.39,22.02,40,276
1987,DEODORAN NIVEA MAN (BLACK & WHITE INVISIBLE - ORIGINAL),150 ml,Sarawak,21.4,19.5,21.6,64,577
1987,DEODORAN NIVEA MAN (BLACK & WHITE INVISIBLE - ORIGINAL),150 ml,Selangor,17.9,17.85,22.9,32,363
1987,DEODORAN NIVEA MAN (BLACK & WHITE INVISIBLE - ORIGINAL),150 ml,Terengganu,21.9,17.9,22.9,13,114
1987,DEODORAN NIVEA MAN (BLACK & WHITE INVISIBLE - ORIGINAL),150 ml,W.P. Kuala Lumpur,22.4,17.86,22.9,38,450
1987,DEODORAN NIVEA MAN (BLACK & WHITE INVISIBLE - ORIGINAL),150 ml,W.P. Labuan,21.6,21.5,21.6,5,31
1987,DEODORAN NIVEA MAN (BLACK & WHITE INVISIBLE - ORIGINAL),150 ml,W.P. Putrajaya,21.04,16.82,22.9,10,74
1988,DEODORAN NIVEA (EXTRA BRIGHTENING),150 ml,Johor,17.99,16.99,22.49,69,816
1988,DEODORAN NIVEA (EXTRA BRIGHTENING),150 ml,Kedah,20.7,16.9,22.89,30,368
1988,DEODORAN NIVEA (EXTRA BRIGHTENING),150 ml,Kelantan,20.9,16.8,22.4,41,366
1988,DEODORAN NIVEA (EXTRA BRIGHTENING),150 ml,Melaka,17.9,16.79,21.5,13,100
1988,DEODORAN NIVEA (EXTRA BRIGHTENING),150 ml,Negeri Sembilan,17.9,17.52,21.98,22,220
1988,DEODORAN NIVEA (EXTRA BRIGHTENING),150 ml,Pahang,21.9,17.9,22.9,27,301
1988,DEODORAN NIVEA (EXTRA BRIGHTENING),150 ml,Perak,20.9,17.9,21.9,49,560
1988,DEODORAN NIVEA (EXTRA BRIGHTENING),150 ml,Perlis,22.9,19.05,22.9,3,24
1988,DEODORAN NIVEA (EXTRA BRIGHTENING),150 ml,Pulau Pinang,22.4,17.9,22.89,25,288
1988,DEODORAN NIVEA (EXTRA BRIGHTENING),150 ml,Sabah,20.9,17.49,22.37,50,327
1988,DEODORAN NIVEA (EXTRA BRIGHTENING),150 ml,Sarawak,21.5,19.88,21.6,72,741
1988,DEODORAN NIVEA (EXTRA BRIGHTENING),150 ml,Selangor,22.4,17.9,22.9,33,403
1988,DEODORAN NIVEA (EXTRA BRIGHTENING),150 ml,Terengganu,22.58,22.32,22.9,16,130
1988,DEODORAN NIVEA (EXTRA BRIGHTENING),150 ml,W.P. Kuala Lumpur,22.4,21.3,22.9,33,402
1988,DEODORAN NIVEA (EXTRA BRIGHTENING),150 ml,W.P. Labuan,21.55,21.42,21.8,4,15
1988,DEODORAN NIVEA (EXTRA BRIGHTENING),150 ml,W.P. Putrajaya,20.85,17.1,22.9,10,77
1989,DEODORAN REXONA MEN (SPORT DEFENSE),50 ml,Johor,10.94,8.17,13.45,74,840
1989,DEODORAN REXONA MEN (SPORT DEFENSE),50 ml,Kedah,7.9,5.99,12.5,37,417
1989,DEODORAN REXONA MEN (SPORT DEFENSE),50 ml,Kelantan,10.4,7.6,13.3,41,348
1989,DEODORAN REXONA MEN (SPORT DEFENSE),50 ml,Melaka,11.5,10.4,12.42,11,108
1989,DEODORAN REXONA MEN (SPORT DEFENSE),50 ml,Negeri Sembilan,10.4,9.43,12.15,19,201
1989,DEODORAN REXONA MEN (SPORT DEFENSE),50 ml,Pahang,10.99,7.22,12.88,26,294
1989,DEODORAN REXONA MEN (SPORT DEFENSE),50 ml,Perak,10.9,10.4,12.9,47,528
1989,DEODORAN REXONA MEN (SPORT DEFENSE),50 ml,Perlis,6.9,5.9,7.9,9,74
1989,DEODORAN REXONA MEN (SPORT DEFENSE),50 ml,Pulau Pinang,10.9,9.15,13.5,27,307
1989,DEODORAN REXONA MEN (SPORT DEFENSE),50 ml,Sabah,12.59,11.6,12.69,16,81
1989,DEODORAN REXONA MEN (SPORT DEFENSE),50 ml,Sarawak,11.5,7.37,12.5,80,741
1989,DEODORAN REXONA MEN (SPORT DEFENSE),50 ml,Selangor,13.5,10.4,13.5,35,399
1989,DEODORAN REXONA MEN (SPORT DEFENSE),50 ml,Terengganu,10.9,9.99,12.9,27,255
1989,DEODORAN REXONA MEN (SPORT DEFENSE),50 ml,W.P. Kuala Lumpur,13.5,10.9,13.5,44,514
1989,DEODORAN REXONA MEN (SPORT DEFENSE),50 ml,W.P. Labuan,12.7,12.7,12.7,1,5
1989,DEODORAN REXONA MEN (SPORT DEFENSE),50 ml,W.P. Putrajaya,13.5,9.48,13.5,10,104
1990,DEODORAN REXONA (POWDER DRY BRIGHTENING),50 ml,Johor,10.99,10.4,13.5,43,390
1990,DEODORAN REXONA (POWDER DRY BRIGHTENING),50 ml,Kedah,7.2,5.99,10.65,19,187
1990,DEODORAN REXONA (POWDER DRY BRIGHTENING),50 ml,Kelantan,10.99,7.9,13.2,21,159
1990,DEODORAN REXONA (POWDER DRY BRIGHTENING),50 ml,Melaka,10.4,9.4,10.78,8,73
1990,DEODORAN REXONA (POWDER DRY BRIGHTENING),50 ml,Negeri Sembilan,10.2,9.4,10.4,8,87
1990,DEODORAN REXONA (POWDER DRY BRIGHTENING),50 ml,Pahang,10.99,9.78,13.12,16,185
1990,DEODORAN REXONA (POWDER DRY BRIGHTENING),50 ml,Perak,10.6,10.4,11.22,44,368
1990,DEODORAN REXONA (POWDER DRY BRIGHTENING),50 ml,Perlis,6.44,5.97,7.15,4,28
1990,DEODORAN REXONA (POWDER DRY BRIGHTENING),50 ml,Pulau Pinang,10.4,7.9,11.74,13,152
1990,DEODORAN REXONA (POWDER DRY BRIGHTENING),50 ml,Sabah,12.5,9.9,12.8,13,60
1990,DEODORAN REXONA (POWDER DRY BRIGHTENING),50 ml,Sarawak,11.9,8.6,12.5,53,333
1990,DEODORAN REXONA (POWDER DRY BRIGHTENING),50 ml,Selangor,12.1,8.98,13.5,22,255
1990,DEODORAN REXONA (POWDER DRY BRIGHTENING),50 ml,Terengganu,10.9,9.99,12.9,18,143
1990,DEODORAN REXONA (POWDER DRY BRIGHTENING),50 ml,W.P. Kuala Lumpur,13.25,10.9,13.5,20,195
1990,DEODORAN REXONA (POWDER DRY BRIGHTENING),50 ml,W.P. Labuan,9.0,9.0,9.0,1,4
1990,DEODORAN REXONA (POWDER DRY BRIGHTENING),50 ml,W.P. Putrajaya,13.5,8.05,13.5,7,57
1992,SABUN SERBUK ATTACK (AROMA FRESH + COLOUR),800 g,Johor,10.75,10.2,10.9,29,385
1992,SABUN SERBUK ATTACK (AROMA FRESH + COLOUR),800 g,Kedah,10.5,10.2,10.9,22,302
1992,SABUN SERBUK ATTACK (AROMA FRESH + COLOUR),800 g,Kelantan,10.5,9.9,10.9,20,245
1992,SABUN SERBUK ATTACK (AROMA FRESH + COLOUR),800 g,Melaka,10.2,10.1,10.84,7,67
1992,SABUN SERBUK ATTACK (AROMA FRESH + COLOUR),800 g,Negeri Sembilan,10.9,10.05,10.95,8,98
1992,SABUN SERBUK ATTACK (AROMA FRESH + COLOUR),800 g,Pahang,10.99,10.9,10.99,27,365
1992,SABUN SERBUK ATTACK (AROMA FRESH + COLOUR),800 g,Perak,10.9,10.9,10.9,16,216
1992,SABUN SERBUK ATTACK (AROMA FRESH + COLOUR),800 g,Perlis,10.38,10.2,10.9,9,116
1992,SABUN SERBUK ATTACK (AROMA FRESH + COLOUR),800 g,Pulau Pinang,10.75,10.75,10.75,11,152
1992,SABUN SERBUK ATTACK (AROMA FRESH + COLOUR),800 g,Sabah,11.1,10.8,11.59,48,416
1992,SABUN SERBUK ATTACK (AROMA FRESH + COLOUR),800 g,Sarawak,10.9,10.31,11.1,62,645
1992,SABUN SERBUK ATTACK (AROMA FRESH + COLOUR),800 g,Selangor,10.75,10.75,10.9,17,232
1992,SABUN SERBUK ATTACK (AROMA FRESH + COLOUR),800 g,Terengganu,10.9,10.8,11.4,19,244
1992,SABUN SERBUK ATTACK (AROMA FRESH + COLOUR),800 g,W.P. Kuala Lumpur,10.75,10.58,10.96,40,474
1992,SABUN SERBUK ATTACK (AROMA FRESH + COLOUR),800 g,W.P. Labuan,11.2,10.98,11.32,4,43
1992,SABUN SERBUK ATTACK (AROMA FRESH + COLOUR),800 g,W.P. Putrajaya,10.9,10.79,10.98,6,75
1998,PENCUCI PELBAGAI GUNA DETTOL (LAVENDER),2.5 liter,Johor,25.8,24.6,25.9,21,210
1998,PENCUCI PELBAGAI GUNA DETTOL (LAVENDER),2.5 liter,Kedah,24.5,22.7,25.9,13,162
1998,PENCUCI PELBAGAI GUNA DETTOL (LAVENDER),2.5 liter,Kelantan,22.7,22.15,23.5,4,39
1998,PENCUCI PELBAGAI GUNA DETTOL (LAVENDER),2.5 liter,Melaka,22.7,22.7,24.3,3,34
1998,PENCUCI PELBAGAI GUNA DETTOL (LAVENDER),2.5 liter,Negeri Sembilan,25.4,23.25,25.9,6,50
1998,PENCUCI PELBAGAI GUNA DETTOL (LAVENDER),2.5 liter,Pahang,25.9,24.92,25.9,14,175
1998,PENCUCI PELBAGAI GUNA DETTOL (LAVENDER),2.5 liter,Perak,25.8,23.7,25.9,15,174
1998,PENCUCI PELBAGAI GUNA DETTOL (LAVENDER),2.5 liter,Perlis,25.9,25.9,25.9,3,30
1998,PENCUCI PELBAGAI GUNA DETTOL (LAVENDER),2.5 liter,Pulau Pinang,25.5,22.7,25.9,17,184
1998,PENCUCI PELBAGAI GUNA DETTOL (LAVENDER),2.5 liter,Sabah,19.25,18.5,20.49,25,167
1998,PENCUCI PELBAGAI GUNA DETTOL (LAVENDER),2.5 liter,Sarawak,19.9,19.2,20.15,3,3
1998,PENCUCI PELBAGAI GUNA DETTOL (LAVENDER),2.5 liter,Selangor,25.8,22.7,25.9,18,198
1998,PENCUCI PELBAGAI GUNA DETTOL (LAVENDER),2.5 liter,Terengganu,25.3,23.65,25.9,7,62
1998,PENCUCI PELBAGAI GUNA DETTOL (LAVENDER),2.5 liter,W.P. Kuala Lumpur,25.8,24.6,25.9,21,224
1998,PENCUCI PELBAGAI GUNA DETTOL (LAVENDER),2.5 liter,W.P. Labuan,18.2,17.05,19.35,2,13
1998,PENCUCI PELBAGAI GUNA DETTOL (LAVENDER),2.5 liter,W.P. Putrajaya,24.6,22.7,25.8,5,52
1999,PENCUCI PELBAGAI GUNA MR MUSCLE (LAVENDER),2 liter,Johor,12.99,12.4,15.02,83,1035
1999,PENCUCI PELBAGAI GUNA MR MUSCLE (LAVENDER),2 liter,Kedah,13.2,12.89,13.9,37,477
1999,PENCUCI PELBAGAI GUNA MR MUSCLE (LAVENDER),2 liter,Kelantan,13.6,12.99,15.3,50,588
1999,PENCUCI PELBAGAI GUNA MR MUSCLE (LAVENDER),2 liter,Melaka,13.49,12.4,14.74,15,165
1999,PENCUCI PELBAGAI GUNA MR MUSCLE (LAVENDER),2 liter,Negeri Sembilan,12.99,11.99,13.94,22,283
1999,PENCUCI PELBAGAI GUNA MR MUSCLE (LAVENDER),2 liter,Pahang,12.99,12.49,13.99,51,654
1999,PENCUCI PELBAGAI GUNA MR MUSCLE (LAVENDER),2 liter,Perak,12.4,11.99,13.7,49,600
1999,PENCUCI PELBAGAI GUNA MR MUSCLE (LAVENDER),2 liter,Perlis,14.94,13.9,15.5,10,108
1999,PENCUCI PELBAGAI GUNA MR MUSCLE (LAVENDER),2 liter,Pulau Pinang,13.9,12.4,14.9,33,406
1999,PENCUCI PELBAGAI GUNA MR MUSCLE (LAVENDER),2 liter,Sabah,15.29,14.65,15.9,56,464
1999,PENCUCI PELBAGAI GUNA MR MUSCLE (LAVENDER),2 liter,Sarawak,14.5,12.99,15.5,94,982
1999,PENCUCI PELBAGAI GUNA MR MUSCLE (LAVENDER),2 liter,Selangor,13.7,12.32,14.9,43,554
1999,PENCUCI PELBAGAI GUNA MR MUSCLE (LAVENDER),2 liter,Terengganu,13.89,12.99,14.9,32,355
1999,PENCUCI PELBAGAI GUNA MR MUSCLE (LAVENDER),2 liter,W.P. Kuala Lumpur,14.9,13.55,15.5,82,956
1999,PENCUCI PELBAGAI GUNA MR MUSCLE (LAVENDER),2 liter,W.P. Labuan,14.14,13.78,14.99,8,84
1999,PENCUCI PELBAGAI GUNA MR MUSCLE (LAVENDER),2 liter,W.P. Putrajaya,14.5,13.98,15.31,10,110
2000,PENCUCI PELBAGAI GUNA AJAX FABULOSO (LAVENDER),2 liter,Johor,13.99,13.04,14.92,88,1023
2000,PENCUCI PELBAGAI GUNA AJAX FABULOSO (LAVENDER),2 liter,Kedah,13.99,13.3,15.5,36,408
2000,PENCUCI PELBAGAI GUNA AJAX FABULOSO (LAVENDER),2 liter,Kelantan,15.1,14.2,15.5,53,553
2000,PENCUCI PELBAGAI GUNA AJAX FABULOSO (LAVENDER),2 liter,Melaka,14.0,13.03,14.59,16,170
2000,PENCUCI PELBAGAI GUNA AJAX FABULOSO (LAVENDER),2 liter,Negeri Sembilan,13.5,12.99,14.9,23,285
2000,PENCUCI PELBAGAI GUNA AJAX FABULOSO (LAVENDER),2 liter,Pahang,14.5,13.99,15.1,56,655
2000,PENCUCI PELBAGAI GUNA AJAX FABULOSO (LAVENDER),2 liter,Perak,13.99,12.99,14.7,62,707
2000,PENCUCI PELBAGAI GUNA AJAX FABULOSO (LAVENDER),2 liter,Perlis,15.5,14.34,15.73,10,113
2000,PENCUCI PELBAGAI GUNA AJAX FABULOSO (LAVENDER),2 liter,Pulau Pinang,13.3,13.04,14.99,33,403
2000,PENCUCI PELBAGAI GUNA AJAX FABULOSO (LAVENDER),2 liter,Sabah,15.1,14.49,15.9,82,672
2000,PENCUCI PELBAGAI GUNA AJAX FABULOSO (LAVENDER),2 liter,Sarawak,14.94,14.5,15.58,102,892
2000,PENCUCI PELBAGAI GUNA AJAX FABULOSO (LAVENDER),2 liter,Selangor,13.99,13.22,15.0,56,695
2000,PENCUCI PELBAGAI GUNA AJAX FABULOSO (LAVENDER),2 liter,Terengganu,15.1,13.96,15.9,34,336
2000,PENCUCI PELBAGAI GUNA AJAX FABULOSO (LAVENDER),2 liter,W.P. Kuala Lumpur,14.99,13.99,15.1,99,1098
2000,PENCUCI PELBAGAI GUNA AJAX FABULOSO (LAVENDER),2 liter,W.P. Labuan,15.3,14.42,15.8,10,101
2000,PENCUCI PELBAGAI GUNA AJAX FABULOSO (LAVENDER),2 liter,W.P. Putrajaya,14.94,13.45,15.09,12,140
2001,DUMEX DUPRO 2 (RUMUSAN SUSULAN),850g,Johor,29.5,28.75,30.5,125,1428
2001,DUMEX DUPRO 2 (RUMUSAN SUSULAN),850g,Kedah,29.5,28.79,29.9,86,984
2001,DUMEX DUPRO 2 (RUMUSAN SUSULAN),850g,Kelantan,29.7,29.18,29.9,160,1984
2001,DUMEX DUPRO 2 (RUMUSAN SUSULAN),850g,Melaka,29.9,28.77,29.99,26,280
2001,DUMEX DUPRO 2 (RUMUSAN SUSULAN),850g,Negeri Sembilan,29.99,28.75,30.9,32,386
2001,DUMEX DUPRO 2 (RUMUSAN SUSULAN),850g,Pahang,28.75,28.75,29.5,111,1354
2001,DUMEX DUPRO 2 (RUMUSAN SUSULAN),850g,Perak,28.9,28.75,29.9,114,1317
2001,DUMEX DUPRO 2 (RUMUSAN SUSULAN),850g,Perlis,29.7,28.98,30.37,26,224
2001,DUMEX DUPRO 2 (RUMUSAN SUSULAN),850g,Pulau Pinang,28.99,28.75,29.9,74,844
2001,DUMEX DUPRO 2 (RUMUSAN SUSULAN),850g,Sabah,30.1,29.1,31.0,153,1440
2001,DUMEX DUPRO 2 (RUMUSAN SUSULAN),850g,Sarawak,29.5,29.3,29.9,172,1906
2001,DUMEX DUPRO 2 (RUMUSAN SUSULAN),850g,Selangor,29.35,28.7,30.79,76,810
2001,DUMEX DUPRO 2 (RUMUSAN SUSULAN),850g,Terengganu,29.5,29.2,29.9,98,1195
2001,DUMEX DUPRO 2 (RUMUSAN SUSULAN),850g,W.P. Kuala Lumpur,30.7,28.75,31.0,52,559
2001,DUMEX DUPRO 2 (RUMUSAN SUSULAN),850g,W.P. Labuan,30.1,29.75,30.4,14,150
2001,DUMEX DUPRO 2 (RUMUSAN SUSULAN),850g,W.P. Putrajaya,30.7,29.5,31.0,13,112
2002,PELUNTUR CLOROX (ORIGINAL),1 liter,Johor,4.69,4.56,4.95,79,983
2002,PELUNTUR CLOROX (ORIGINAL),1 liter,Kedah,4.8,4.45,4.9,35,410
2002,PELUNTUR CLOROX (ORIGINAL),1 liter,Kelantan,4.9,4.81,5.2,54,614
2002,PELUNTUR CLOROX (ORIGINAL),1 liter,Melaka,4.69,4.3,4.9,13,143
2002,PELUNTUR CLOROX (ORIGINAL),1 liter,Negeri Sembilan,4.78,4.41,4.98,22,276
2002,PELUNTUR CLOROX (ORIGINAL),1 liter,Pahang,4.9,4.8,5.05,52,697
2002,PELUNTUR CLOROX (ORIGINAL),1 liter,Perak,4.65,4.45,4.9,46,621
2002,PELUNTUR CLOROX (ORIGINAL),1 liter,Perlis,4.8,4.72,5.05,7,85
2002,PELUNTUR CLOROX (ORIGINAL),1 liter,Pulau Pinang,4.57,4.45,4.85,30,409
2002,PELUNTUR CLOROX (ORIGINAL),1 liter,Sabah,5.89,5.59,5.99,67,461
2002,PELUNTUR CLOROX (ORIGINAL),1 liter,Sarawak,5.9,5.6,5.99,72,612
2002,PELUNTUR CLOROX (ORIGINAL),1 liter,Selangor,4.8,4.45,4.9,40,532
2002,PELUNTUR CLOROX (ORIGINAL),1 liter,Terengganu,4.9,4.8,4.99,36,424
2002,PELUNTUR CLOROX (ORIGINAL),1 liter,W.P. Kuala Lumpur,4.85,4.85,4.99,84,1042
2002,PELUNTUR CLOROX (ORIGINAL),1 liter,W.P. Labuan,5.9,5.7,5.9,5,28
2002,PELUNTUR CLOROX (ORIGINAL),1 liter,W.P. Putrajaya,4.85,4.8,4.9,9,112
2003,BIHUN KERING IMPORT (PELBAGAI JENAMA),400 g,Sabah,4.78,4.27,5.01,24,101
2003,BIHUN KERING IMPORT (PELBAGAI JENAMA),400 g,Sarawak,3.99,3.72,5.0,135,1359
2003,BIHUN KERING IMPORT (PELBAGAI JENAMA),400 g,W.P. Labuan,4.5,4.3,4.95,3,21
2004,BERAS SUPER IMPORT CAP FAMILY,10 kg,W.P. Labuan,27.6,27.4,27.8,2,25
2009,DUTCH LADY 123 (PELBAGAI PERISA),850g,Johor,23.99,23.47,25.49,147,1990
2009,DUTCH LADY 123 (PELBAGAI PERISA),850g,Kedah,23.5,22.99,24.4,93,1265
2009,DUTCH LADY 123 (PELBAGAI PERISA),850g,Kelantan,24.9,23.93,25.5,168,2225
2009,DUTCH LADY 123 (PELBAGAI PERISA),850g,Melaka,24.8,23.85,25.49,35,431
2009,DUTCH LADY 123 (PELBAGAI PERISA),850g,Negeri Sembilan,23.94,23.05,24.99,34,461
2009,DUTCH LADY 123 (PELBAGAI PERISA),850g,Pahang,23.99,23.24,24.75,125,1696
2009,DUTCH LADY 123 (PELBAGAI PERISA),850g,Perak,23.24,22.9,24.9,137,1825
2009,DUTCH LADY 123 (PELBAGAI PERISA),850g,Perlis,23.37,22.9,24.05,28,385
2009,DUTCH LADY 123 (PELBAGAI PERISA),850g,Pulau Pinang,23.5,22.9,24.8,87,1130
2009,DUTCH LADY 123 (PELBAGAI PERISA),850g,Sabah,25.5,24.99,26.9,145,1505
2009,DUTCH LADY 123 (PELBAGAI PERISA),850g,Sarawak,25.2,24.9,25.9,176,2154
2009,DUTCH LADY 123 (PELBAGAI PERISA),850g,Selangor,23.99,23.05,25.42,98,1340
2009,DUTCH LADY 123 (PELBAGAI PERISA),850g,Terengganu,24.9,23.99,25.5,107,1415
2009,DUTCH LADY 123 (PELBAGAI PERISA),850g,W.P. Kuala Lumpur,24.99,23.99,29.94,123,1573
2009,DUTCH LADY 123 (PELBAGAI PERISA),850g,W.P. Labuan,25.9,25.7,26.0,13,159
2009,DUTCH LADY 123 (PELBAGAI PERISA),850g,W.P. Putrajaya,24.9,23.49,25.9,21,271
2010,DUTCH LADY 456 (PELBAGAI PERISA),850g,Johor,23.99,23.47,25.8,155,2054
2010,DUTCH LADY 456 (PELBAGAI PERISA),850g,Kedah,23.5,22.99,24.2,91,1266
2010,DUTCH LADY 456 (PELBAGAI PERISA),850g,Kelantan,24.9,23.9,25.5,163,2153
2010,DUTCH LADY 456 (PELBAGAI PERISA),850g,Melaka,24.8,23.85,25.24,35,426
2010,DUTCH LADY 456 (PELBAGAI PERISA),850g,Negeri Sembilan,23.94,23.05,24.99,34,456
2010,DUTCH LADY 456 (PELBAGAI PERISA),850g,Pahang,23.95,23.24,24.75,125,1689
2010,DUTCH LADY 456 (PELBAGAI PERISA),850g,Perak,23.24,22.9,24.9,136,1823
2010,DUTCH LADY 456 (PELBAGAI PERISA),850g,Perlis,23.37,22.9,24.05,28,385
2010,DUTCH LADY 456 (PELBAGAI PERISA),850g,Pulau Pinang,23.5,22.9,24.7,85,1102
2010,DUTCH LADY 456 (PELBAGAI PERISA),850g,Sabah,25.5,24.99,26.7,145,1490
2010,DUTCH LADY 456 (PELBAGAI PERISA),850g,Sarawak,25.2,24.9,25.9,175,2141
2010,DUTCH LADY 456 (PELBAGAI PERISA),850g,Selangor,23.99,22.99,25.5,95,1324
2010,DUTCH LADY 456 (PELBAGAI PERISA),850g,Terengganu,24.9,23.99,25.5,105,1390
2010,DUTCH LADY 456 (PELBAGAI PERISA),850g,W.P. Kuala Lumpur,24.9,23.99,28.7,117,1509
2010,DUTCH LADY 456 (PELBAGAI PERISA),850g,W.P. Labuan,25.9,25.45,25.9,13,163
2010,DUTCH LADY 456 (PELBAGAI PERISA),850g,W.P. Putrajaya,24.99,23.49,25.9,21,279
2011,KIUB SUP TOM YAM (MAGGI),6 X 10g,Johor,3.3,3.15,3.39,96,1199
2011,KIUB SUP TOM YAM (MAGGI),6 X 10g,Kedah,3.3,3.15,3.4,39,517
2011,KIUB SUP TOM YAM (MAGGI),6 X 10g,Kelantan,3.3,3.2,3.4,55,636
2011,KIUB SUP TOM YAM (MAGGI),6 X 10g,Melaka,3.25,3.15,3.36,16,158
2011,KIUB SUP TOM YAM (MAGGI),6 X 10g,Negeri Sembilan,3.3,3.15,3.39,24,333
2011,KIUB SUP TOM YAM (MAGGI),6 X 10g,Pahang,3.3,3.19,3.4,63,792
2011,KIUB SUP TOM YAM (MAGGI),6 X 10g,Perak,3.2,3.15,3.3,64,790
2011,KIUB SUP TOM YAM (MAGGI),6 X 10g,Perlis,3.4,3.26,3.5,12,132
2011,KIUB SUP TOM YAM (MAGGI),6 X 10g,Pulau Pinang,3.3,3.15,3.4,33,438
2011,KIUB SUP TOM YAM (MAGGI),6 X 10g,Sabah,3.29,3.15,3.4,75,635
2011,KIUB SUP TOM YAM (MAGGI),6 X 10g,Sarawak,3.3,3.2,3.4,108,1077
2011,KIUB SUP TOM YAM (MAGGI),6 X 10g,Selangor,3.25,3.15,3.4,56,695
2011,KIUB SUP TOM YAM (MAGGI),6 X 10g,Terengganu,3.32,3.2,3.4,32,367
2011,KIUB SUP TOM YAM (MAGGI),6 X 10g,W.P. Kuala Lumpur,3.4,3.29,3.4,101,1307
2011,KIUB SUP TOM YAM (MAGGI),6 X 10g,W.P. Putrajaya,3.35,3.3,3.4,13,169
2014,ENFAGROW A+ MIND PRO LANGKAH 3 (PELBAGAI PERISA) (KOTAK),500 g,Johor,57.5,56.8,57.99,65,785
2014,ENFAGROW A+ MIND PRO LANGKAH 3 (PELBAGAI PERISA) (KOTAK),500 g,Kedah,57.5,56.8,57.9,46,594
2014,ENFAGROW A+ MIND PRO LANGKAH 3 (PELBAGAI PERISA) (KOTAK),500 g,Kelantan,57.5,56.7,57.9,62,695
2014,ENFAGROW A+ MIND PRO LANGKAH 3 (PELBAGAI PERISA) (KOTAK),500 g,Melaka,56.7,56.35,57.85,11,135
2014,ENFAGROW A+ MIND PRO LANGKAH 3 (PELBAGAI PERISA) (KOTAK),500 g,Negeri Sembilan,57.5,56.8,58.85,19,228
2014,ENFAGROW A+ MIND PRO LANGKAH 3 (PELBAGAI PERISA) (KOTAK),500 g,Pahang,56.5,56.2,56.9,65,810
2014,ENFAGROW A+ MIND PRO LANGKAH 3 (PELBAGAI PERISA) (KOTAK),500 g,Perak,56.9,56.5,57.9,64,813
2014,ENFAGROW A+ MIND PRO LANGKAH 3 (PELBAGAI PERISA) (KOTAK),500 g,Perlis,57.5,56.9,57.99,9,112
2014,ENFAGROW A+ MIND PRO LANGKAH 3 (PELBAGAI PERISA) (KOTAK),500 g,Pulau Pinang,56.9,56.5,57.7,51,571
2014,ENFAGROW A+ MIND PRO LANGKAH 3 (PELBAGAI PERISA) (KOTAK),500 g,Sabah,57.09,56.5,58.4,71,668
2014,ENFAGROW A+ MIND PRO LANGKAH 3 (PELBAGAI PERISA) (KOTAK),500 g,Sarawak,56.9,56.15,57.5,111,1185
2014,ENFAGROW A+ MIND PRO LANGKAH 3 (PELBAGAI PERISA) (KOTAK),500 g,Selangor,56.7,56.5,59.2,43,549
2014,ENFAGROW A+ MIND PRO LANGKAH 3 (PELBAGAI PERISA) (KOTAK),500 g,Terengganu,57.49,56.9,58.74,30,345
2014,ENFAGROW A+ MIND PRO LANGKAH 3 (PELBAGAI PERISA) (KOTAK),500 g,W.P. Kuala Lumpur,59.2,57.5,59.2,57,662
2014,ENFAGROW A+ MIND PRO LANGKAH 3 (PELBAGAI PERISA) (KOTAK),500 g,W.P. Labuan,58.9,58.2,59.2,7,60
2014,ENFAGROW A+ MIND PRO LANGKAH 3 (PELBAGAI PERISA) (KOTAK),500 g,W.P. Putrajaya,58.9,57.42,59.2,11,97
2019,NESCAFE 3 IN 1 ORIGINAL (AROMATIC & BALANCED),25 x 18g,Johor,13.95,13.79,14.87,97,1249
2019,NESCAFE 3 IN 1 ORIGINAL (AROMATIC & BALANCED),25 x 18g,Kedah,13.95,12.99,14.68,39,520
2019,NESCAFE 3 IN 1 ORIGINAL (AROMATIC & BALANCED),25 x 18g,Kelantan,15.95,13.98,16.75,56,727
2019,NESCAFE 3 IN 1 ORIGINAL (AROMATIC & BALANCED),25 x 18g,Melaka,13.9,13.12,13.99,17,183
2019,NESCAFE 3 IN 1 ORIGINAL (AROMATIC & BALANCED),25 x 18g,Negeri Sembilan,13.95,13.79,13.99,24,325
2019,NESCAFE 3 IN 1 ORIGINAL (AROMATIC & BALANCED),25 x 18g,Pahang,14.24,13.49,15.99,63,809
2019,NESCAFE 3 IN 1 ORIGINAL (AROMATIC & BALANCED),25 x 18g,Perak,13.99,13.79,14.49,64,831
2019,NESCAFE 3 IN 1 ORIGINAL (AROMATIC & BALANCED),25 x 18g,Perlis,14.9,13.74,15.78,12,152
2019,NESCAFE 3 IN 1 ORIGINAL (AROMATIC & BALANCED),25 x 18g,Pulau Pinang,13.92,12.99,14.99,33,444
2019,NESCAFE 3 IN 1 ORIGINAL (AROMATIC & BALANCED),25 x 18g,Sabah,15.9,15.3,17.3,83,790
2019,NESCAFE 3 IN 1 ORIGINAL (AROMATIC & BALANCED),25 x 18g,Sarawak,16.2,15.5,16.9,107,1254
2019,NESCAFE 3 IN 1 ORIGINAL (AROMATIC & BALANCED),25 x 18g,Selangor,13.99,13.79,14.49,56,755
2019,NESCAFE 3 IN 1 ORIGINAL (AROMATIC & BALANCED),25 x 18g,Terengganu,14.49,13.99,16.11,33,424
2019,NESCAFE 3 IN 1 ORIGINAL (AROMATIC & BALANCED),25 x 18g,W.P. Kuala Lumpur,14.99,13.99,16.9,118,1479
2019,NESCAFE 3 IN 1 ORIGINAL (AROMATIC & BALANCED),25 x 18g,W.P. Labuan,15.9,15.5,16.0,9,95
2019,NESCAFE 3 IN 1 ORIGINAL (AROMATIC & BALANCED),25 x 18g,W.P. Putrajaya,14.49,13.85,16.75,13,166
2020,YOGURT LACTEL (FAT FREE) (STRAWBERRY),130g,Johor,2.8,2.75,2.9,87,1016
2020,YOGURT LACTEL (FAT FREE) (STRAWBERRY),130g,Kedah,2.8,2.75,2.85,37,452
2020,YOGURT LACTEL (FAT FREE) (STRAWBERRY),130g,Kelantan,2.8,2.79,2.9,53,622
2020,YOGURT LACTEL (FAT FREE) (STRAWBERRY),130g,Melaka,2.77,2.71,2.8,16,175
2020,YOGURT LACTEL (FAT FREE) (STRAWBERRY),130g,Negeri Sembilan,2.8,2.75,2.9,23,269
2020,YOGURT LACTEL (FAT FREE) (STRAWBERRY),130g,Pahang,2.79,2.79,2.9,50,601
2020,YOGURT LACTEL (FAT FREE) (STRAWBERRY),130g,Perak,2.79,2.75,2.8,50,621
2020,YOGURT LACTEL (FAT FREE) (STRAWBERRY),130g,Perlis,2.85,2.78,2.9,8,89
2020,YOGURT LACTEL (FAT FREE) (STRAWBERRY),130g,Pulau Pinang,2.77,2.75,2.8,32,408
2020,YOGURT LACTEL (FAT FREE) (STRAWBERRY),130g,Sabah,3.29,3.19,3.3,40,232
2020,YOGURT LACTEL (FAT FREE) (STRAWBERRY),130g,Sarawak,3.25,3.2,3.3,77,397
2020,YOGURT LACTEL (FAT FREE) (STRAWBERRY),130g,Selangor,2.8,2.75,2.9,44,576
2020,YOGURT LACTEL (FAT FREE) (STRAWBERRY),130g,Terengganu,2.9,2.79,2.96,32,354
2020,YOGURT LACTEL (FAT FREE) (STRAWBERRY),130g,W.P. Kuala Lumpur,2.9,2.8,2.9,92,1186
2020,YOGURT LACTEL (FAT FREE) (STRAWBERRY),130g,W.P. Labuan,3.3,3.2,3.3,7,38
2020,YOGURT LACTEL (FAT FREE) (STRAWBERRY),130g,W.P. Putrajaya,2.8,2.8,2.9,11,134
2022,LEPAAN BUTTERCUP,227g,Johor,7.5,7.35,8.3,181,2185
2022,LEPAAN BUTTERCUP,227g,Kedah,7.5,7.2,7.9,87,1072
2022,LEPAAN BUTTERCUP,227g,Kelantan,8.19,7.59,8.51,128,1444
2022,LEPAAN BUTTERCUP,227g,Melaka,7.8,7.29,7.96,40,425
2022,LEPAAN BUTTERCUP,227g,Negeri Sembilan,7.5,7.29,7.94,39,443
2022,LEPAAN BUTTERCUP,227g,Pahang,7.35,7.3,7.59,120,1384
2022,LEPAAN BUTTERCUP,227g,Perak,7.5,7.35,7.99,144,1749
2022,LEPAAN BUTTERCUP,227g,Perlis,7.5,7.35,7.9,28,304
2022,LEPAAN BUTTERCUP,227g,Pulau Pinang,7.4,7.15,7.9,96,1178
2022,LEPAAN BUTTERCUP,227g,Sabah,9.3,8.9,9.5,65,451
2022,LEPAAN BUTTERCUP,227g,Sarawak,9.2,8.9,9.5,78,509
2022,LEPAAN BUTTERCUP,227g,Selangor,7.9,7.35,8.2,99,1191
2022,LEPAAN BUTTERCUP,227g,Terengganu,7.9,7.5,8.6,97,1050
2022,LEPAAN BUTTERCUP,227g,W.P. Kuala Lumpur,8.2,7.59,8.9,131,1553
2022,LEPAAN BUTTERCUP,227g,W.P. Labuan,8.8,8.5,8.99,5,47
2022,LEPAAN BUTTERCUP,227g,W.P. Putrajaya,8.37,7.9,8.97,22,257
2025,SUSU TEPUNG SEGERA EVERYDAY,500 g,Johor,18.9,18.5,18.9,154,1896
2025,SUSU TEPUNG SEGERA EVERYDAY,500 g,Kedah,18.5,18.0,18.9,85,1075
2025,SUSU TEPUNG SEGERA EVERYDAY,500 g,Kelantan,18.9,18.5,18.9,152,1682
2025,SUSU TEPUNG SEGERA EVERYDAY,500 g,Melaka,18.9,18.42,18.9,38,413
2025,SUSU TEPUNG SEGERA EVERYDAY,500 g,Negeri Sembilan,18.9,18.8,18.9,45,538
2025,SUSU TEPUNG SEGERA EVERYDAY,500 g,Pahang,18.84,18.49,18.9,88,1044
2025,SUSU TEPUNG SEGERA EVERYDAY,500 g,Perak,18.9,18.0,18.9,119,1432
2025,SUSU TEPUNG SEGERA EVERYDAY,500 g,Perlis,18.9,18.48,18.9,26,244
2025,SUSU TEPUNG SEGERA EVERYDAY,500 g,Pulau Pinang,18.89,18.0,18.9,83,1018
2025,SUSU TEPUNG SEGERA EVERYDAY,500 g,Sabah,18.9,17.9,18.9,138,1158
2025,SUSU TEPUNG SEGERA EVERYDAY,500 g,Sarawak,18.9,17.9,18.9,169,1724
2025,SUSU TEPUNG SEGERA EVERYDAY,500 g,Selangor,18.9,18.0,18.9,85,1022
2025,SUSU TEPUNG SEGERA EVERYDAY,500 g,Terengganu,18.5,18.29,18.9,78,894
2025,SUSU TEPUNG SEGERA EVERYDAY,500 g,W.P. Kuala Lumpur,18.9,18.8,18.9,117,1394
2025,SUSU TEPUNG SEGERA EVERYDAY,500 g,W.P. Labuan,18.9,18.35,18.9,11,111
2025,SUSU TEPUNG SEGERA EVERYDAY,500 g,W.P. Putrajaya,18.9,18.9,18.9,22,194
2027,NAN LANGKAH 1 RUMUSAN BAYI (KOTAK),600 g,Johor,71.29,70.95,73.94,35,397
2027,NAN LANGKAH 1 RUMUSAN BAYI (KOTAK),600 g,Kedah,71.8,70.95,73.7,27,311
2027,NAN LANGKAH 1 RUMUSAN BAYI (KOTAK),600 g,Kelantan,73.19,72.6,74.0,10,92
2027,NAN LANGKAH 1 RUMUSAN BAYI (KOTAK),600 g,Melaka,72.85,71.35,74.65,8,86
2027,NAN LANGKAH 1 RUMUSAN BAYI (KOTAK),600 g,Negeri Sembilan,71.9,70.95,74.86,14,160
2027,NAN LANGKAH 1 RUMUSAN BAYI (KOTAK),600 g,Pahang,70.95,70.95,70.95,45,581
2027,NAN LANGKAH 1 RUMUSAN BAYI (KOTAK),600 g,Perak,70.95,70.95,70.95,34,425
2027,NAN LANGKAH 1 RUMUSAN BAYI (KOTAK),600 g,Perlis,73.5,70.95,75.0,5,56
2027,NAN LANGKAH 1 RUMUSAN BAYI (KOTAK),600 g,Pulau Pinang,70.95,70.95,72.37,22,256
2027,NAN LANGKAH 1 RUMUSAN BAYI (KOTAK),600 g,Sabah,72.0,71.69,73.79,37,280
2027,NAN LANGKAH 1 RUMUSAN BAYI (KOTAK),600 g,Sarawak,70.9,70.3,72.6,53,555
2027,NAN LANGKAH 1 RUMUSAN BAYI (KOTAK),600 g,Selangor,70.95,70.95,78.0,19,230
2027,NAN LANGKAH 1 RUMUSAN BAYI (KOTAK),600 g,Terengganu,73.39,71.9,80.2,13,127
2027,NAN LANGKAH 1 RUMUSAN BAYI (KOTAK),600 g,W.P. Kuala Lumpur,78.0,72.1,80.19,27,334
2027,NAN LANGKAH 1 RUMUSAN BAYI (KOTAK),600 g,W.P. Labuan,80.2,80.2,80.2,1,2
2027,NAN LANGKAH 1 RUMUSAN BAYI (KOTAK),600 g,W.P. Putrajaya,73.3,72.71,74.16,4,40
2030,NAN LANGKAH 2 RUMUSAN SUSULAN (KOTAK),600 g,Johor,66.85,66.8,67.99,22,227
2030,NAN LANGKAH 2 RUMUSAN SUSULAN (KOTAK),600 g,Kedah,67.03,66.8,67.9,22,251
2030,NAN LANGKAH 2 RUMUSAN SUSULAN (KOTAK),600 g,Kelantan,68.2,67.58,69.22,14,96
2030,NAN LANGKAH 2 RUMUSAN SUSULAN (KOTAK),600 g,Melaka,71.98,70.14,73.83,2,16
2030,NAN LANGKAH 2 RUMUSAN SUSULAN (KOTAK),600 g,Negeri Sembilan,67.93,66.82,74.18,14,131
2030,NAN LANGKAH 2 RUMUSAN SUSULAN (KOTAK),600 g,Pahang,66.8,66.8,66.8,39,505
2030,NAN LANGKAH 2 RUMUSAN SUSULAN (KOTAK),600 g,Perak,66.8,66.8,66.8,34,417
2030,NAN LANGKAH 2 RUMUSAN SUSULAN (KOTAK),600 g,Perlis,66.8,66.8,66.8,2,23
2030,NAN LANGKAH 2 RUMUSAN SUSULAN (KOTAK),600 g,Pulau Pinang,66.8,66.8,68.24,22,231
2030,NAN LANGKAH 2 RUMUSAN SUSULAN (KOTAK),600 g,Sabah,67.8,66.97,69.22,34,267
2030,NAN LANGKAH 2 RUMUSAN SUSULAN (KOTAK),600 g,Sarawak,66.9,66.35,68.8,46,423
2030,NAN LANGKAH 2 RUMUSAN SUSULAN (KOTAK),600 g,Selangor,67.35,66.8,73.9,22,259
2030,NAN LANGKAH 2 RUMUSAN SUSULAN (KOTAK),600 g,Terengganu,69.19,68.15,72.68,7,61
2030,NAN LANGKAH 2 RUMUSAN SUSULAN (KOTAK),600 g,W.P. Kuala Lumpur,73.9,66.95,75.65,24,253
2030,NAN LANGKAH 2 RUMUSAN SUSULAN (KOTAK),600 g,W.P. Labuan,75.65,75.65,75.65,1,2
2030,NAN LANGKAH 2 RUMUSAN SUSULAN (KOTAK),600 g,W.P. Putrajaya,69.0,68.45,69.85,4,35
2031,S-26 RUMUSAN BAYI LANGKAH 1 - (KOTAK),600 g,Johor,64.9,62.8,66.19,77,689
2031,S-26 RUMUSAN BAYI LANGKAH 1 - (KOTAK),600 g,Kedah,63.9,62.8,66.5,41,441
2031,S-26 RUMUSAN BAYI LANGKAH 1 - (KOTAK),600 g,Kelantan,65.5,64.5,66.5,96,956
2031,S-26 RUMUSAN BAYI LANGKAH 1 - (KOTAK),600 g,Melaka,64.8,61.85,65.74,15,134
2031,S-26 RUMUSAN BAYI LANGKAH 1 - (KOTAK),600 g,Negeri Sembilan,64.9,62.8,65.99,25,270
2031,S-26 RUMUSAN BAYI LANGKAH 1 - (KOTAK),600 g,Pahang,63.07,62.85,65.12,84,937
2031,S-26 RUMUSAN BAYI LANGKAH 1 - (KOTAK),600 g,Perak,62.85,62.8,65.75,81,807
2031,S-26 RUMUSAN BAYI LANGKAH 1 - (KOTAK),600 g,Perlis,65.9,63.86,67.32,8,48
2031,S-26 RUMUSAN BAYI LANGKAH 1 - (KOTAK),600 g,Pulau Pinang,62.85,62.8,64.97,42,461
2031,S-26 RUMUSAN BAYI LANGKAH 1 - (KOTAK),600 g,Sabah,65.19,63.2,66.9,71,579
2031,S-26 RUMUSAN BAYI LANGKAH 1 - (KOTAK),600 g,Sarawak,64.9,64.2,65.9,113,1068
2031,S-26 RUMUSAN BAYI LANGKAH 1 - (KOTAK),600 g,Selangor,62.85,62.8,64.9,55,609
2031,S-26 RUMUSAN BAYI LANGKAH 1 - (KOTAK),600 g,Terengganu,65.5,64.9,66.4,66,690
2031,S-26 RUMUSAN BAYI LANGKAH 1 - (KOTAK),600 g,W.P. Kuala Lumpur,64.9,62.85,67.9,47,495
2031,S-26 RUMUSAN BAYI LANGKAH 1 - (KOTAK),600 g,W.P. Labuan,67.2,66.5,67.9,10,96
2031,S-26 RUMUSAN BAYI LANGKAH 1 - (KOTAK),600 g,W.P. Putrajaya,65.9,64.39,67.9,12,97
2032,PETPET GOLD+,"M64, L54, XL42",Johor,28.99,28.9,30.5,57,692
2032,PETPET GOLD+,"M64, L54, XL42",Kedah,29.7,28.97,30.5,28,350
2032,PETPET GOLD+,"M64, L54, XL42",Kelantan,30.9,28.9,30.9,49,420
2032,PETPET GOLD+,"M64, L54, XL42",Melaka,28.5,27.9,28.9,9,106
2032,PETPET GOLD+,"M64, L54, XL42",Negeri Sembilan,29.99,28.96,30.9,18,185
2032,PETPET GOLD+,"M64, L54, XL42",Pahang,30.5,28.99,30.5,69,843
2032,PETPET GOLD+,"M64, L54, XL42",Perak,29.99,28.9,30.5,75,976
2032,PETPET GOLD+,"M64, L54, XL42",Perlis,29.99,29.5,30.5,5,35
2032,PETPET GOLD+,"M64, L54, XL42",Pulau Pinang,29.9,28.97,30.5,32,376
2032,PETPET GOLD+,"M64, L54, XL42",Sabah,28.99,26.99,29.24,11,54
2032,PETPET GOLD+,"M64, L54, XL42",Sarawak,30.9,27.7,32.4,3,11
2032,PETPET GOLD+,"M64, L54, XL42",Selangor,29.94,28.92,30.5,46,531
2032,PETPET GOLD+,"M64, L54, XL42",Terengganu,28.9,28.5,28.99,21,203
2032,PETPET GOLD+,"M64, L54, XL42",W.P. Kuala Lumpur,30.24,28.99,33.22,40,446
2032,PETPET GOLD+,"M64, L54, XL42",W.P. Putrajaya,31.5,30.74,32.2,11,83
2036,TEPUNG GANDUM CAP KUDA HIJAU,1kg,W.P. Labuan,3.05,3.0,3.28,10,79
2037,BIHUN KERING (CAP LONGKOU),400 g,W.P. Labuan,4.8,4.8,4.8,1,14
2042,PETPET PANTS GOLD+,"M56, L46, XL38",Johor,28.9,27.8,28.99,49,544
2042,PETPET PANTS GOLD+,"M56, L46, XL38",Kedah,28.9,27.9,28.99,32,367
2042,PETPET PANTS GOLD+,"M56, L46, XL38",Kelantan,29.9,29.44,29.9,39,360
2042,PETPET PANTS GOLD+,"M56, L46, XL38",Melaka,27.79,26.65,28.15,8,58
2042,PETPET PANTS GOLD+,"M56, L46, XL38",Negeri Sembilan,27.9,27.8,28.99,11,89
2042,PETPET PANTS GOLD+,"M56, L46, XL38",Pahang,28.9,28.09,28.9,58,676
2042,PETPET PANTS GOLD+,"M56, L46, XL38",Perak,28.9,27.9,28.9,71,931
2042,PETPET PANTS GOLD+,"M56, L46, XL38",Perlis,28.94,28.9,28.99,4,21
2042,PETPET PANTS GOLD+,"M56, L46, XL38",Pulau Pinang,28.9,27.85,28.9,31,354
2042,PETPET PANTS GOLD+,"M56, L46, XL38",Sabah,28.89,26.99,30.27,20,97
2042,PETPET PANTS GOLD+,"M56, L46, XL38",Sarawak,29.9,26.9,31.4,11,78
2042,PETPET PANTS GOLD+,"M56, L46, XL38",Selangor,28.9,27.9,28.99,53,578
2042,PETPET PANTS GOLD+,"M56, L46, XL38",Terengganu,28.45,27.9,28.99,14,115
2042,PETPET PANTS GOLD+,"M56, L46, XL38",W.P. Kuala Lumpur,28.99,28.9,31.2,38,420
2042,PETPET PANTS GOLD+,"M56, L46, XL38",W.P. Putrajaya,28.9,27.9,30.99,13,89
2045,IKAN SELAYANG/SARDIN (ANTARA 8-12 EKOR SEKILOGRAM),1kg,Johor,12.9,10.9,14.7,155,6730
2045,IKAN SELAYANG/SARDIN (ANTARA 8-12 EKOR SEKILOGRAM),1kg,Kedah,12.5,10.99,14.0,63,3295
2045,IKAN SELAYANG/SARDIN (ANTARA 8-12 EKOR SEKILOGRAM),1kg,Kelantan,11.6,10.12,12.0,90,5898
2045,IKAN SELAYANG/SARDIN (ANTARA 8-12 EKOR SEKILOGRAM),1kg,Melaka,11.44,10.2,13.37,34,1218
2045,IKAN SELAYANG/SARDIN (ANTARA 8-12 EKOR SEKILOGRAM),1kg,Negeri Sembilan,13.25,10.99,15.38,42,2043
2045,IKAN SELAYANG/SARDIN (ANTARA 8-12 EKOR SEKILOGRAM),1kg,Pahang,13.99,11.99,15.0,99,5885
2045,IKAN SELAYANG/SARDIN (ANTARA 8-12 EKOR SEKILOGRAM),1kg,Perak,11.9,10.9,12.9,114,6819
2045,IKAN SELAYANG/SARDIN (ANTARA 8-12 EKOR SEKILOGRAM),1kg,Perlis,12.7,12.0,14.0,15,525
2045,IKAN SELAYANG/SARDIN (ANTARA 8-12 EKOR SEKILOGRAM),1kg,Pulau Pinang,14.0,10.99,15.0,100,5019
2045,IKAN SELAYANG/SARDIN (ANTARA 8-12 EKOR SEKILOGRAM),1kg,Sabah,10.0,8.5,11.0,85,3243
2045,IKAN SELAYANG/SARDIN (ANTARA 8-12 EKOR SEKILOGRAM),1kg,Sarawak,9.9,9.0,11.0,120,3850
2045,IKAN SELAYANG/SARDIN (ANTARA 8-12 EKOR SEKILOGRAM),1kg,Selangor,14.9,12.9,16.6,99,6211
2045,IKAN SELAYANG/SARDIN (ANTARA 8-12 EKOR SEKILOGRAM),1kg,Terengganu,12.0,11.12,13.99,70,3657
2045,IKAN SELAYANG/SARDIN (ANTARA 8-12 EKOR SEKILOGRAM),1kg,W.P. Kuala Lumpur,16.9,13.97,18.0,136,8089
2045,IKAN SELAYANG/SARDIN (ANTARA 8-12 EKOR SEKILOGRAM),1kg,W.P. Labuan,9.9,9.9,10.0,11,483
2045,IKAN SELAYANG/SARDIN (ANTARA 8-12 EKOR SEKILOGRAM),1kg,W.P. Putrajaya,17.5,15.9,18.99,23,1098
2047,IKAN TONGKOL/AYA/KAYU HITAM/PUTIH (ANTARA 1 HINGGA 2 EKOR SEKILOGRAM),1kg,Johor,12.0,10.9,13.99,156,6858
2047,IKAN TONGKOL/AYA/KAYU HITAM/PUTIH (ANTARA 1 HINGGA 2 EKOR SEKILOGRAM),1kg,Kedah,13.0,11.9,14.31,64,3820
2047,IKAN TONGKOL/AYA/KAYU HITAM/PUTIH (ANTARA 1 HINGGA 2 EKOR SEKILOGRAM),1kg,Kelantan,11.5,10.9,12.0,89,5608
2047,IKAN TONGKOL/AYA/KAYU HITAM/PUTIH (ANTARA 1 HINGGA 2 EKOR SEKILOGRAM),1kg,Melaka,12.7,10.99,14.71,34,1395
2047,IKAN TONGKOL/AYA/KAYU HITAM/PUTIH (ANTARA 1 HINGGA 2 EKOR SEKILOGRAM),1kg,Negeri Sembilan,13.0,11.9,14.99,42,2088
2047,IKAN TONGKOL/AYA/KAYU HITAM/PUTIH (ANTARA 1 HINGGA 2 EKOR SEKILOGRAM),1kg,Pahang,13.0,11.99,14.99,96,5066
2047,IKAN TONGKOL/AYA/KAYU HITAM/PUTIH (ANTARA 1 HINGGA 2 EKOR SEKILOGRAM),1kg,Perak,12.9,11.9,14.0,116,7552
2047,IKAN TONGKOL/AYA/KAYU HITAM/PUTIH (ANTARA 1 HINGGA 2 EKOR SEKILOGRAM),1kg,Perlis,12.0,11.95,13.0,15,481
2047,IKAN TONGKOL/AYA/KAYU HITAM/PUTIH (ANTARA 1 HINGGA 2 EKOR SEKILOGRAM),1kg,Pulau Pinang,14.0,12.99,15.0,96,4516
2047,IKAN TONGKOL/AYA/KAYU HITAM/PUTIH (ANTARA 1 HINGGA 2 EKOR SEKILOGRAM),1kg,Sabah,9.5,8.0,11.0,78,2922
2047,IKAN TONGKOL/AYA/KAYU HITAM/PUTIH (ANTARA 1 HINGGA 2 EKOR SEKILOGRAM),1kg,Sarawak,12.0,10.9,14.0,141,6089
2047,IKAN TONGKOL/AYA/KAYU HITAM/PUTIH (ANTARA 1 HINGGA 2 EKOR SEKILOGRAM),1kg,Selangor,14.0,12.99,15.0,96,6192
2047,IKAN TONGKOL/AYA/KAYU HITAM/PUTIH (ANTARA 1 HINGGA 2 EKOR SEKILOGRAM),1kg,Terengganu,12.0,11.0,13.0,67,3347
2047,IKAN TONGKOL/AYA/KAYU HITAM/PUTIH (ANTARA 1 HINGGA 2 EKOR SEKILOGRAM),1kg,W.P. Kuala Lumpur,14.99,12.9,16.9,119,7001
2047,IKAN TONGKOL/AYA/KAYU HITAM/PUTIH (ANTARA 1 HINGGA 2 EKOR SEKILOGRAM),1kg,W.P. Labuan,10.9,10.9,11.44,11,633
2047,IKAN TONGKOL/AYA/KAYU HITAM/PUTIH (ANTARA 1 HINGGA 2 EKOR SEKILOGRAM),1kg,W.P. Putrajaya,15.94,14.12,18.23,20,1022
2056,SABUN PENCUCI AXION PASTE (PELBAGAI JENIS),325 g,Johor,4.0,3.99,4.2,175,492
2056,SABUN PENCUCI AXION PASTE (PELBAGAI JENIS),325 g,Kedah,3.99,3.92,4.2,87,241
2056,SABUN PENCUCI AXION PASTE (PELBAGAI JENIS),325 g,Kelantan,4.0,3.99,4.2,172,466
2056,SABUN PENCUCI AXION PASTE (PELBAGAI JENIS),325 g,Melaka,3.99,3.99,4.19,40,108
2056,SABUN PENCUCI AXION PASTE (PELBAGAI JENIS),325 g,Negeri Sembilan,4.0,3.97,4.3,51,146
2056,SABUN PENCUCI AXION PASTE (PELBAGAI JENIS),325 g,Pahang,4.0,3.6,4.2,150,429
2056,SABUN PENCUCI AXION PASTE (PELBAGAI JENIS),325 g,Perak,3.99,3.6,4.0,136,374
2056,SABUN PENCUCI AXION PASTE (PELBAGAI JENIS),325 g,Perlis,3.99,3.99,4.19,30,74
2056,SABUN PENCUCI AXION PASTE (PELBAGAI JENIS),325 g,Pulau Pinang,3.99,3.9,4.19,95,254
2056,SABUN PENCUCI AXION PASTE (PELBAGAI JENIS),325 g,Sabah,4.19,3.99,4.27,135,346
2056,SABUN PENCUCI AXION PASTE (PELBAGAI JENIS),325 g,Sarawak,4.2,3.99,4.2,143,350
2056,SABUN PENCUCI AXION PASTE (PELBAGAI JENIS),325 g,Selangor,3.99,3.6,4.2,80,230
2056,SABUN PENCUCI AXION PASTE (PELBAGAI JENIS),325 g,Terengganu,4.15,3.99,4.2,94,244
2056,SABUN PENCUCI AXION PASTE (PELBAGAI JENIS),325 g,W.P. Kuala Lumpur,4.2,3.99,4.3,112,315
2056,SABUN PENCUCI AXION PASTE (PELBAGAI JENIS),325 g,W.P. Labuan,4.05,3.99,4.2,12,31
2056,SABUN PENCUCI AXION PASTE (PELBAGAI JENIS),325 g,W.P. Putrajaya,4.0,3.99,4.2,18,49
2060,SUSU MARIGOLD HL,946ML,Johor,8.3,7.99,8.59,131,359
2060,SUSU MARIGOLD HL,946ML,Kedah,8.4,7.99,8.8,65,163
2060,SUSU MARIGOLD HL,946ML,Kelantan,8.5,7.99,8.8,85,207
2060,SUSU MARIGOLD HL,946ML,Melaka,8.4,8.14,8.5,24,55
2060,SUSU MARIGOLD HL,946ML,Negeri Sembilan,8.44,7.99,8.69,30,80
2060,SUSU MARIGOLD HL,946ML,Pahang,7.99,7.9,8.9,93,235
2060,SUSU MARIGOLD HL,946ML,Perak,8.29,7.9,8.7,121,314
2060,SUSU MARIGOLD HL,946ML,Perlis,8.5,8.29,8.59,16,39
2060,SUSU MARIGOLD HL,946ML,Pulau Pinang,8.4,7.9,8.9,75,191
2060,SUSU MARIGOLD HL,946ML,Sarawak,9.7,9.45,9.88,51,101
2060,SUSU MARIGOLD HL,946ML,Selangor,8.5,7.9,8.99,81,223
2060,SUSU MARIGOLD HL,946ML,Terengganu,8.7,7.99,8.9,58,141
2060,SUSU MARIGOLD HL,946ML,W.P. Kuala Lumpur,8.7,8.14,8.99,123,317
2060,SUSU MARIGOLD HL,946ML,W.P. Putrajaya,8.5,8.35,8.9,16,40
2062,S-26 SMA RUMUSAN BAYI LANGKAH 1 - (KOTAK) (550g),550 g,Johor,79.85,79.8,83.99,76,792
2062,S-26 SMA RUMUSAN BAYI LANGKAH 1 - (KOTAK) (550g),550 g,Kedah,79.88,79.85,82.6,44,524
2062,S-26 SMA RUMUSAN BAYI LANGKAH 1 - (KOTAK) (550g),550 g,Kelantan,82.7,81.71,84.12,84,883
2062,S-26 SMA RUMUSAN BAYI LANGKAH 1 - (KOTAK) (550g),550 g,Melaka,80.5,79.8,83.2,15,144
2062,S-26 SMA RUMUSAN BAYI LANGKAH 1 - (KOTAK) (550g),550 g,Negeri Sembilan,81.5,79.85,84.75,25,292
2062,S-26 SMA RUMUSAN BAYI LANGKAH 1 - (KOTAK) (550g),550 g,Pahang,79.85,79.85,83.45,76,872
2062,S-26 SMA RUMUSAN BAYI LANGKAH 1 - (KOTAK) (550g),550 g,Perak,79.85,79.8,79.85,79,899
2062,S-26 SMA RUMUSAN BAYI LANGKAH 1 - (KOTAK) (550g),550 g,Perlis,82.5,79.85,84.9,9,66
2062,S-26 SMA RUMUSAN BAYI LANGKAH 1 - (KOTAK) (550g),550 g,Pulau Pinang,79.85,79.5,79.85,41,457
2062,S-26 SMA RUMUSAN BAYI LANGKAH 1 - (KOTAK) (550g),550 g,Sabah,82.5,81.43,83.06,66,578
2062,S-26 SMA RUMUSAN BAYI LANGKAH 1 - (KOTAK) (550g),550 g,Sarawak,81.5,80.65,82.9,103,1081
2062,S-26 SMA RUMUSAN BAYI LANGKAH 1 - (KOTAK) (550g),550 g,Selangor,79.85,79.8,86.5,53,579
2062,S-26 SMA RUMUSAN BAYI LANGKAH 1 - (KOTAK) (550g),550 g,Terengganu,83.85,80.5,84.38,58,572
2062,S-26 SMA RUMUSAN BAYI LANGKAH 1 - (KOTAK) (550g),550 g,W.P. Kuala Lumpur,83.9,80.11,86.6,66,711
2062,S-26 SMA RUMUSAN BAYI LANGKAH 1 - (KOTAK) (550g),550 g,W.P. Labuan,82.5,82.5,84.8,9,101
2062,S-26 SMA RUMUSAN BAYI LANGKAH 1 - (KOTAK) (550g),550 g,W.P. Putrajaya,86.55,84.5,86.6,12,100
2066,BERAS PUTIH CAP FAIZA EMAS (IMPORT),10 kg,Johor,32.9,31.9,34.99,161,1850
2066,BERAS PUTIH CAP FAIZA EMAS (IMPORT),10 kg,Kedah,31.68,30.5,32.41,52,620
2066,BERAS PUTIH CAP FAIZA EMAS (IMPORT),10 kg,Kelantan,32.8,31.0,34.5,121,1213
2066,BERAS PUTIH CAP FAIZA EMAS (IMPORT),10 kg,Melaka,32.7,31.35,34.39,40,398
2066,BERAS PUTIH CAP FAIZA EMAS (IMPORT),10 kg,Negeri Sembilan,32.24,31.13,34.12,36,420
2066,BERAS PUTIH CAP FAIZA EMAS (IMPORT),10 kg,Pahang,31.9,29.99,31.99,112,1169
2066,BERAS PUTIH CAP FAIZA EMAS (IMPORT),10 kg,Perak,32.5,31.9,32.99,110,1299
2066,BERAS PUTIH CAP FAIZA EMAS (IMPORT),10 kg,Perlis,30.99,30.9,31.91,12,107
2066,BERAS PUTIH CAP FAIZA EMAS (IMPORT),10 kg,Pulau Pinang,31.9,31.5,33.49,57,691
2066,BERAS PUTIH CAP FAIZA EMAS (IMPORT),10 kg,Sabah,28.3,28.3,28.3,1,1
2066,BERAS PUTIH CAP FAIZA EMAS (IMPORT),10 kg,Sarawak,30.5,30.35,31.0,18,157
2066,BERAS PUTIH CAP FAIZA EMAS (IMPORT),10 kg,Selangor,32.9,31.9,34.0,85,961
2066,BERAS PUTIH CAP FAIZA EMAS (IMPORT),10 kg,Terengganu,31.9,30.94,33.7,83,946
2066,BERAS PUTIH CAP FAIZA EMAS (IMPORT),10 kg,W.P. Kuala Lumpur,35.99,32.5,37.25,93,946
2066,BERAS PUTIH CAP FAIZA EMAS (IMPORT),10 kg,W.P. Putrajaya,36.0,33.0,37.92,18,179
2068,BERAS CAP JASMINE SUPER 5 SPECIAL (IMPORT),10 kg,Johor,34.49,33.7,35.99,117,1374
2068,BERAS CAP JASMINE SUPER 5 SPECIAL (IMPORT),10 kg,Kedah,34.5,34.35,35.34,36,434
2068,BERAS CAP JASMINE SUPER 5 SPECIAL (IMPORT),10 kg,Kelantan,36.0,33.99,37.4,73,637
2068,BERAS CAP JASMINE SUPER 5 SPECIAL (IMPORT),10 kg,Melaka,34.4,33.65,34.9,35,297
2068,BERAS CAP JASMINE SUPER 5 SPECIAL (IMPORT),10 kg,Negeri Sembilan,35.99,34.08,37.25,43,480
2068,BERAS CAP JASMINE SUPER 5 SPECIAL (IMPORT),10 kg,Pahang,34.5,33.99,35.49,91,1039
2068,BERAS CAP JASMINE SUPER 5 SPECIAL (IMPORT),10 kg,Perak,34.5,34.4,35.99,106,1201
2068,BERAS CAP JASMINE SUPER 5 SPECIAL (IMPORT),10 kg,Perlis,36.9,33.7,37.08,12,127
2068,BERAS CAP JASMINE SUPER 5 SPECIAL (IMPORT),10 kg,Pulau Pinang,34.45,33.99,34.59,49,567
2068,BERAS CAP JASMINE SUPER 5 SPECIAL (IMPORT),10 kg,Selangor,34.59,34.4,35.99,86,998
2068,BERAS CAP JASMINE SUPER 5 SPECIAL (IMPORT),10 kg,Terengganu,34.4,33.9,36.44,54,567
2068,BERAS CAP JASMINE SUPER 5 SPECIAL (IMPORT),10 kg,W.P. Kuala Lumpur,35.59,34.49,37.9,125,1273
2068,BERAS CAP JASMINE SUPER 5 SPECIAL (IMPORT),10 kg,W.P. Putrajaya,38.0,36.2,38.6,20,189
2086,SAWI PENDEK/JEPUN/SIOW PAK CHOY (1KG),1kg,Johor,7.49,5.0,8.8,181,9055
2086,SAWI PENDEK/JEPUN/SIOW PAK CHOY (1KG),1kg,Kedah,5.5,4.62,6.35,75,4624
2086,SAWI PENDEK/JEPUN/SIOW PAK CHOY (1KG),1kg,Kelantan,6.0,4.99,8.0,108,5618
2086,SAWI PENDEK/JEPUN/SIOW PAK CHOY (1KG),1kg,Melaka,6.5,4.99,8.0,45,1687
2086,SAWI PENDEK/JEPUN/SIOW PAK CHOY (1KG),1kg,Negeri Sembilan,7.5,6.0,8.2,49,2521
2086,SAWI PENDEK/JEPUN/SIOW PAK CHOY (1KG),1kg,Pahang,6.49,5.49,7.5,115,6535
2086,SAWI PENDEK/JEPUN/SIOW PAK CHOY (1KG),1kg,Perak,5.12,4.5,7.0,126,7166
2086,SAWI PENDEK/JEPUN/SIOW PAK CHOY (1KG),1kg,Perlis,6.0,5.5,8.8,21,1133
2086,SAWI PENDEK/JEPUN/SIOW PAK CHOY (1KG),1kg,Pulau Pinang,6.0,4.89,7.0,113,6118
2086,SAWI PENDEK/JEPUN/SIOW PAK CHOY (1KG),1kg,Sabah,7.7,6.9,8.3,133,5527
2086,SAWI PENDEK/JEPUN/SIOW PAK CHOY (1KG),1kg,Sarawak,9.9,8.5,12.0,150,5544
2086,SAWI PENDEK/JEPUN/SIOW PAK CHOY (1KG),1kg,Selangor,7.0,5.5,8.8,102,5844
2086,SAWI PENDEK/JEPUN/SIOW PAK CHOY (1KG),1kg,Terengganu,6.99,5.99,8.0,93,4756
2086,SAWI PENDEK/JEPUN/SIOW PAK CHOY (1KG),1kg,W.P. Kuala Lumpur,7.9,6.0,9.6,129,7948
2086,SAWI PENDEK/JEPUN/SIOW PAK CHOY (1KG),1kg,W.P. Labuan,7.94,7.38,8.6,12,368
2086,SAWI PENDEK/JEPUN/SIOW PAK CHOY (1KG),1kg,W.P. Putrajaya,8.34,6.93,9.82,22,1011
2087,LOBAK PUTIH (1KG),1kg,Johor,5.0,3.99,6.99,177,9356
2087,LOBAK PUTIH (1KG),1kg,Kedah,5.0,3.99,6.5,81,4810
2087,LOBAK PUTIH (1KG),1kg,Kelantan,4.75,3.9,6.0,86,5258
2087,LOBAK PUTIH (1KG),1kg,Melaka,5.0,3.71,6.93,36,1662
2087,LOBAK PUTIH (1KG),1kg,Negeri Sembilan,5.0,3.9,7.5,45,2657
2087,LOBAK PUTIH (1KG),1kg,Pahang,4.99,3.99,5.99,92,5916
2087,LOBAK PUTIH (1KG),1kg,Perak,4.0,3.49,6.0,124,7743
2087,LOBAK PUTIH (1KG),1kg,Perlis,6.0,4.65,8.5,19,1211
2087,LOBAK PUTIH (1KG),1kg,Pulau Pinang,4.99,3.9,6.0,113,6499
2087,LOBAK PUTIH (1KG),1kg,Sabah,5.5,4.9,6.49,129,5598
2087,LOBAK PUTIH (1KG),1kg,Sarawak,5.0,4.9,6.2,165,9467
2087,LOBAK PUTIH (1KG),1kg,Selangor,5.0,3.59,6.99,97,6467
2087,LOBAK PUTIH (1KG),1kg,Terengganu,5.1,3.52,7.0,74,4344
2087,LOBAK PUTIH (1KG),1kg,W.P. Kuala Lumpur,4.99,3.99,6.0,145,9835
2087,LOBAK PUTIH (1KG),1kg,W.P. Labuan,6.9,5.94,8.25,15,506
2087,LOBAK PUTIH (1KG),1kg,W.P. Putrajaya,6.9,4.4,8.95,23,1076
2097,SUSTAGEN ALL-IN-ONE (PELBAGAI PERISA),600 g,Johor,20.9,20.9,20.9,1,1
2098,DRYPERS WEE WEE DRY,"S80, M60, L58, XL50",Johor,29.99,29.8,32.6,141,1920
2098,DRYPERS WEE WEE DRY,"S80, M60, L58, XL50",Kedah,29.99,29.3,31.55,80,1066
2098,DRYPERS WEE WEE DRY,"S80, M60, L58, XL50",Kelantan,29.99,29.9,31.9,143,1877
2098,DRYPERS WEE WEE DRY,"S80, M60, L58, XL50",Melaka,29.99,29.8,31.49,31,380
2098,DRYPERS WEE WEE DRY,"S80, M60, L58, XL50",Negeri Sembilan,29.97,29.52,32.15,32,415
2098,DRYPERS WEE WEE DRY,"S80, M60, L58, XL50",Pahang,29.99,29.8,30.99,108,1410
2098,DRYPERS WEE WEE DRY,"S80, M60, L58, XL50",Perak,29.8,29.25,29.99,118,1596
2098,DRYPERS WEE WEE DRY,"S80, M60, L58, XL50",Perlis,30.9,29.9,31.99,29,359
2098,DRYPERS WEE WEE DRY,"S80, M60, L58, XL50",Pulau Pinang,29.91,28.99,31.9,72,953
2098,DRYPERS WEE WEE DRY,"S80, M60, L58, XL50",Sabah,42.69,41.82,43.88,102,1036
2098,DRYPERS WEE WEE DRY,"S80, M60, L58, XL50",Sarawak,40.7,38.5,42.5,92,990
2098,DRYPERS WEE WEE DRY,"S80, M60, L58, XL50",Selangor,29.9,29.36,32.9,76,991
2098,DRYPERS WEE WEE DRY,"S80, M60, L58, XL50",Terengganu,30.8,29.99,32.12,80,1086
2098,DRYPERS WEE WEE DRY,"S80, M60, L58, XL50",W.P. Kuala Lumpur,32.5,29.9,37.06,103,1344
2098,DRYPERS WEE WEE DRY,"S80, M60, L58, XL50",W.P. Labuan,40.7,40.2,43.4,11,133
2098,DRYPERS WEE WEE DRY,"S80, M60, L58, XL50",W.P. Putrajaya,31.99,29.9,33.5,21,261
2099,HUGGIES DRY TAPE,"S80, M60, L54, XL42",Johor,27.99,26.9,29.99,80,985
2099,HUGGIES DRY TAPE,"S80, M60, L54, XL42",Kedah,28.94,27.9,29.99,60,751
2099,HUGGIES DRY TAPE,"S80, M60, L54, XL42",Kelantan,27.9,27.52,29.9,82,884
2099,HUGGIES DRY TAPE,"S80, M60, L54, XL42",Melaka,29.9,26.9,32.92,14,166
2099,HUGGIES DRY TAPE,"S80, M60, L54, XL42",Negeri Sembilan,29.9,26.9,30.94,23,278
2099,HUGGIES DRY TAPE,"S80, M60, L54, XL42",Pahang,28.9,27.99,30.44,55,708
2099,HUGGIES DRY TAPE,"S80, M60, L54, XL42",Perak,27.99,26.9,30.5,71,794
2099,HUGGIES DRY TAPE,"S80, M60, L54, XL42",Perlis,29.9,27.9,31.9,19,216
2099,HUGGIES DRY TAPE,"S80, M60, L54, XL42",Pulau Pinang,27.9,26.9,29.9,43,525
2099,HUGGIES DRY TAPE,"S80, M60, L54, XL42",Sabah,39.4,30.89,41.49,102,915
2099,HUGGIES DRY TAPE,"S80, M60, L54, XL42",Sarawak,32.9,28.9,36.95,119,1210
2099,HUGGIES DRY TAPE,"S80, M60, L54, XL42",Selangor,27.99,26.9,29.99,53,604
2099,HUGGIES DRY TAPE,"S80, M60, L54, XL42",Terengganu,28.09,27.9,31.25,54,664
2099,HUGGIES DRY TAPE,"S80, M60, L54, XL42",W.P. Kuala Lumpur,29.9,27.99,34.17,50,574
2099,HUGGIES DRY TAPE,"S80, M60, L54, XL42",W.P. Labuan,33.9,30.88,39.33,10,82
2099,HUGGIES DRY TAPE,"S80, M60, L54, XL42",W.P. Putrajaya,29.99,27.99,31.9,9,97
2100,DRYPERS DRYPANTZ,"M58, L48, XL42",Johor,29.9,27.9,31.99,136,1806
2100,DRYPERS DRYPANTZ,"M58, L48, XL42",Kedah,29.9,27.99,30.99,82,1079
2100,DRYPERS DRYPANTZ,"M58, L48, XL42",Kelantan,29.9,28.9,31.5,144,1878
2100,DRYPERS DRYPANTZ,"M58, L48, XL42",Melaka,29.4,28.9,30.9,29,344
2100,DRYPERS DRYPANTZ,"M58, L48, XL42",Negeri Sembilan,28.99,27.9,29.99,31,378
2100,DRYPERS DRYPANTZ,"M58, L48, XL42",Pahang,28.99,27.9,30.99,107,1385
2100,DRYPERS DRYPANTZ,"M58, L48, XL42",Perak,27.9,27.9,29.9,112,1498
2100,DRYPERS DRYPANTZ,"M58, L48, XL42",Perlis,29.9,28.94,31.15,27,355
2100,DRYPERS DRYPANTZ,"M58, L48, XL42",Pulau Pinang,28.9,27.9,29.9,70,938
2100,DRYPERS DRYPANTZ,"M58, L48, XL42",Sabah,37.19,35.29,38.78,118,1174
2100,DRYPERS DRYPANTZ,"M58, L48, XL42",Sarawak,31.9,29.99,36.6,145,1634
2100,DRYPERS DRYPANTZ,"M58, L48, XL42",Selangor,27.99,27.9,30.5,73,990
2100,DRYPERS DRYPANTZ,"M58, L48, XL42",Terengganu,29.99,28.99,31.5,82,1115
2100,DRYPERS DRYPANTZ,"M58, L48, XL42",W.P. Kuala Lumpur,31.79,28.97,35.7,107,1367
2100,DRYPERS DRYPANTZ,"M58, L48, XL42",W.P. Labuan,35.39,32.9,36.65,12,148
2100,DRYPERS DRYPANTZ,"M58, L48, XL42",W.P. Putrajaya,31.99,29.12,32.97,18,239
2101,HUGGIES DRY PANTS,"S66, M50, L40, XL32",Johor,26.99,26.9,28.99,122,1586
2101,HUGGIES DRY PANTS,"S66, M50, L40, XL32",Kedah,26.9,26.2,27.99,80,1039
2101,HUGGIES DRY PANTS,"S66, M50, L40, XL32",Kelantan,27.9,27.9,29.9,135,1683
2101,HUGGIES DRY PANTS,"S66, M50, L40, XL32",Melaka,27.9,26.9,29.9,26,277
2101,HUGGIES DRY PANTS,"S66, M50, L40, XL32",Negeri Sembilan,26.99,26.8,29.99,31,392
2101,HUGGIES DRY PANTS,"S66, M50, L40, XL32",Pahang,27.99,26.2,28.9,103,1305
2101,HUGGIES DRY PANTS,"S66, M50, L40, XL32",Perak,26.9,26.2,27.99,115,1471
2101,HUGGIES DRY PANTS,"S66, M50, L40, XL32",Perlis,27.24,26.72,29.9,28,339
2101,HUGGIES DRY PANTS,"S66, M50, L40, XL32",Pulau Pinang,26.9,26.2,27.5,61,790
2101,HUGGIES DRY PANTS,"S66, M50, L40, XL32",Sabah,36.49,30.89,37.82,128,1110
2101,HUGGIES DRY PANTS,"S66, M50, L40, XL32",Sarawak,28.9,27.9,31.9,160,1823
2101,HUGGIES DRY PANTS,"S66, M50, L40, XL32",Selangor,26.99,26.8,29.47,79,1034
2101,HUGGIES DRY PANTS,"S66, M50, L40, XL32",Terengganu,28.19,27.9,31.9,75,926
2101,HUGGIES DRY PANTS,"S66, M50, L40, XL32",W.P. Kuala Lumpur,28.9,27.29,34.61,100,1237
2101,HUGGIES DRY PANTS,"S66, M50, L40, XL32",W.P. Labuan,28.9,28.05,33.24,11,116
2101,HUGGIES DRY PANTS,"S66, M50, L40, XL32",W.P. Putrajaya,29.7,27.97,33.66,20,213
2102,SABUN MANDIAN LIFEBUOY (PELBAGAI JENIS),920 ML,Johor,19.7,17.99,21.0,166,475
2102,SABUN MANDIAN LIFEBUOY (PELBAGAI JENIS),920 ML,Kedah,18.8,16.99,19.4,85,246
2102,SABUN MANDIAN LIFEBUOY (PELBAGAI JENIS),920 ML,Kelantan,19.9,17.99,20.75,147,402
2102,SABUN MANDIAN LIFEBUOY (PELBAGAI JENIS),920 ML,Melaka,19.5,16.99,20.25,35,95
2102,SABUN MANDIAN LIFEBUOY (PELBAGAI JENIS),920 ML,Negeri Sembilan,18.83,16.99,19.9,42,116
2102,SABUN MANDIAN LIFEBUOY (PELBAGAI JENIS),920 ML,Pahang,18.85,18.85,20.5,125,359
2102,SABUN MANDIAN LIFEBUOY (PELBAGAI JENIS),920 ML,Perak,18.85,17.9,19.9,141,405
2102,SABUN MANDIAN LIFEBUOY (PELBAGAI JENIS),920 ML,Perlis,18.5,17.5,19.46,26,69
2102,SABUN MANDIAN LIFEBUOY (PELBAGAI JENIS),920 ML,Pulau Pinang,18.85,17.9,19.99,91,262
2102,SABUN MANDIAN LIFEBUOY (PELBAGAI JENIS),920 ML,Sabah,19.9,19.4,20.55,99,244
2102,SABUN MANDIAN LIFEBUOY (PELBAGAI JENIS),920 ML,Sarawak,19.9,18.89,20.5,157,407
2102,SABUN MANDIAN LIFEBUOY (PELBAGAI JENIS),920 ML,Selangor,18.85,17.9,20.9,85,247
2102,SABUN MANDIAN LIFEBUOY (PELBAGAI JENIS),920 ML,Terengganu,19.3,18.0,20.5,85,239
2102,SABUN MANDIAN LIFEBUOY (PELBAGAI JENIS),920 ML,W.P. Kuala Lumpur,21.35,18.97,21.5,119,320
2102,SABUN MANDIAN LIFEBUOY (PELBAGAI JENIS),920 ML,W.P. Labuan,20.0,19.4,20.4,9,25
2102,SABUN MANDIAN LIFEBUOY (PELBAGAI JENIS),920 ML,W.P. Putrajaya,21.42,19.15,21.92,24,62
2103,SABUN MANDIAN DETTOL (PELBAGAI JENIS),950g,Johor,18.99,17.9,22.37,143,417
2103,SABUN MANDIAN DETTOL (PELBAGAI JENIS),950g,Kedah,18.9,17.9,21.2,67,186
2103,SABUN MANDIAN DETTOL (PELBAGAI JENIS),950g,Kelantan,19.75,17.99,22.5,137,368
2103,SABUN MANDIAN DETTOL (PELBAGAI JENIS),950g,Melaka,19.4,17.24,20.22,27,71
2103,SABUN MANDIAN DETTOL (PELBAGAI JENIS),950g,Negeri Sembilan,17.99,16.9,19.9,27,73
2103,SABUN MANDIAN DETTOL (PELBAGAI JENIS),950g,Pahang,18.94,17.9,19.5,104,299
2103,SABUN MANDIAN DETTOL (PELBAGAI JENIS),950g,Perak,19.5,17.9,19.9,124,340
2103,SABUN MANDIAN DETTOL (PELBAGAI JENIS),950g,Perlis,19.95,18.9,22.65,22,62
2103,SABUN MANDIAN DETTOL (PELBAGAI JENIS),950g,Pulau Pinang,19.4,17.94,19.7,75,205
2103,SABUN MANDIAN DETTOL (PELBAGAI JENIS),950g,Sabah,23.9,22.99,24.5,106,285
2103,SABUN MANDIAN DETTOL (PELBAGAI JENIS),950g,Sarawak,18.99,16.99,22.97,154,433
2103,SABUN MANDIAN DETTOL (PELBAGAI JENIS),950g,Selangor,19.5,17.99,23.49,77,216
2103,SABUN MANDIAN DETTOL (PELBAGAI JENIS),950g,Terengganu,21.7,17.96,22.9,84,227
2103,SABUN MANDIAN DETTOL (PELBAGAI JENIS),950g,W.P. Kuala Lumpur,22.9,18.5,24.5,103,276
2103,SABUN MANDIAN DETTOL (PELBAGAI JENIS),950g,W.P. Labuan,23.95,21.05,24.35,11,30
2103,SABUN MANDIAN DETTOL (PELBAGAI JENIS),950g,W.P. Putrajaya,23.34,19.28,24.59,18,43
2104,FERNLEAF 1-3 TAHUN (PELBAGAI PERISA),850g,Johor,21.99,21.5,24.9,127,1608
2104,FERNLEAF 1-3 TAHUN (PELBAGAI PERISA),850g,Kedah,21.92,21.42,24.82,84,1087
2104,FERNLEAF 1-3 TAHUN (PELBAGAI PERISA),850g,Kelantan,21.9,21.9,24.9,135,1731
2104,FERNLEAF 1-3 TAHUN (PELBAGAI PERISA),850g,Melaka,22.9,20.94,25.5,27,316
2104,FERNLEAF 1-3 TAHUN (PELBAGAI PERISA),850g,Negeri Sembilan,22.9,21.49,25.0,29,394
2104,FERNLEAF 1-3 TAHUN (PELBAGAI PERISA),850g,Pahang,22.99,21.5,22.99,109,1338
2104,FERNLEAF 1-3 TAHUN (PELBAGAI PERISA),850g,Perak,21.9,21.5,24.9,117,1457
2104,FERNLEAF 1-3 TAHUN (PELBAGAI PERISA),850g,Perlis,24.45,22.12,25.12,26,326
2104,FERNLEAF 1-3 TAHUN (PELBAGAI PERISA),850g,Pulau Pinang,22.24,21.5,24.9,73,919
2104,FERNLEAF 1-3 TAHUN (PELBAGAI PERISA),850g,Sabah,24.9,24.14,25.9,123,1157
2104,FERNLEAF 1-3 TAHUN (PELBAGAI PERISA),850g,Sarawak,24.09,23.49,24.9,171,2041
2104,FERNLEAF 1-3 TAHUN (PELBAGAI PERISA),850g,Selangor,22.5,21.5,25.2,71,936
2104,FERNLEAF 1-3 TAHUN (PELBAGAI PERISA),850g,Terengganu,22.99,21.99,24.99,85,1028
2104,FERNLEAF 1-3 TAHUN (PELBAGAI PERISA),850g,W.P. Kuala Lumpur,25.7,21.99,25.9,79,926
2104,FERNLEAF 1-3 TAHUN (PELBAGAI PERISA),850g,W.P. Labuan,21.9,21.9,22.99,11,116
2104,FERNLEAF 1-3 TAHUN (PELBAGAI PERISA),850g,W.P. Putrajaya,25.2,21.92,25.9,18,203
2105,FERNLEAF 4-6 TAHUN (PELBAGAI PERISA),850g,Johor,21.99,21.5,24.9,127,1627
2105,FERNLEAF 4-6 TAHUN (PELBAGAI PERISA),850g,Kedah,21.9,21.5,24.85,82,1092
2105,FERNLEAF 4-6 TAHUN (PELBAGAI PERISA),850g,Kelantan,21.9,21.9,24.38,130,1712
2105,FERNLEAF 4-6 TAHUN (PELBAGAI PERISA),850g,Melaka,22.92,20.97,25.5,28,313
2105,FERNLEAF 4-6 TAHUN (PELBAGAI PERISA),850g,Negeri Sembilan,22.9,20.99,25.5,29,385
2105,FERNLEAF 4-6 TAHUN (PELBAGAI PERISA),850g,Pahang,22.89,21.5,22.99,107,1290
2105,FERNLEAF 4-6 TAHUN (PELBAGAI PERISA),850g,Perak,21.9,21.5,24.9,117,1478
2105,FERNLEAF 4-6 TAHUN (PELBAGAI PERISA),850g,Perlis,24.5,22.12,25.43,26,327
2105,FERNLEAF 4-6 TAHUN (PELBAGAI PERISA),850g,Pulau Pinang,22.49,21.5,24.9,74,935
2105,FERNLEAF 4-6 TAHUN (PELBAGAI PERISA),850g,Sabah,24.8,23.99,25.9,122,1175
2105,FERNLEAF 4-6 TAHUN (PELBAGAI PERISA),850g,Sarawak,24.09,23.49,24.9,170,2095
2105,FERNLEAF 4-6 TAHUN (PELBAGAI PERISA),850g,Selangor,22.7,21.5,25.7,73,957
2105,FERNLEAF 4-6 TAHUN (PELBAGAI PERISA),850g,Terengganu,22.99,21.99,24.9,76,987
2105,FERNLEAF 4-6 TAHUN (PELBAGAI PERISA),850g,W.P. Kuala Lumpur,25.5,22.89,25.9,81,929
2105,FERNLEAF 4-6 TAHUN (PELBAGAI PERISA),850g,W.P. Labuan,21.9,21.9,24.2,11,128
2105,FERNLEAF 4-6 TAHUN (PELBAGAI PERISA),850g,W.P. Putrajaya,25.2,21.92,25.9,18,204
2106,SYAMPU REJOICE (PELBAGAI JENIS),600 ml,Johor,17.5,15.99,20.9,117,332
2106,SYAMPU REJOICE (PELBAGAI JENIS),600 ml,Kedah,16.9,16.65,19.9,48,138
2106,SYAMPU REJOICE (PELBAGAI JENIS),600 ml,Kelantan,18.9,16.9,20.9,68,181
2106,SYAMPU REJOICE (PELBAGAI JENIS),600 ml,Melaka,16.7,14.9,18.99,17,47
2106,SYAMPU REJOICE (PELBAGAI JENIS),600 ml,Negeri Sembilan,16.95,14.99,18.74,25,73
2106,SYAMPU REJOICE (PELBAGAI JENIS),600 ml,Pahang,16.85,16.85,17.99,88,249
2106,SYAMPU REJOICE (PELBAGAI JENIS),600 ml,Perak,16.85,16.7,17.99,90,265
2106,SYAMPU REJOICE (PELBAGAI JENIS),600 ml,Perlis,16.9,16.85,19.0,13,34
2106,SYAMPU REJOICE (PELBAGAI JENIS),600 ml,Pulau Pinang,16.85,15.9,16.9,49,137
2106,SYAMPU REJOICE (PELBAGAI JENIS),600 ml,Sabah,19.9,18.37,22.04,84,209
2106,SYAMPU REJOICE (PELBAGAI JENIS),600 ml,Sarawak,18.9,18.5,20.9,114,313
2106,SYAMPU REJOICE (PELBAGAI JENIS),600 ml,Selangor,16.85,16.7,19.9,60,181
2106,SYAMPU REJOICE (PELBAGAI JENIS),600 ml,Terengganu,17.94,16.97,19.9,40,108
2106,SYAMPU REJOICE (PELBAGAI JENIS),600 ml,W.P. Kuala Lumpur,21.3,17.99,23.9,82,235
2106,SYAMPU REJOICE (PELBAGAI JENIS),600 ml,W.P. Labuan,18.9,18.9,19.05,11,27
2106,SYAMPU REJOICE (PELBAGAI JENIS),600 ml,W.P. Putrajaya,19.44,18.99,23.62,10,27
2107,UBI KENTANG IMPORT (PAKISTAN),1kg,Johor,1.94,1.86,1.99,16,647
2107,UBI KENTANG IMPORT (PAKISTAN),1kg,Kedah,2.99,2.5,4.0,37,1297
2107,UBI KENTANG IMPORT (PAKISTAN),1kg,Kelantan,3.5,2.7,4.0,87,3251
2107,UBI KENTANG IMPORT (PAKISTAN),1kg,Melaka,1.89,1.64,2.09,3,124
2107,UBI KENTANG IMPORT (PAKISTAN),1kg,Negeri Sembilan,2.14,1.99,2.67,6,187
2107,UBI KENTANG IMPORT (PAKISTAN),1kg,Pahang,2.2,1.99,2.99,20,1269
2107,UBI KENTANG IMPORT (PAKISTAN),1kg,Perak,2.69,1.99,3.0,33,616
2107,UBI KENTANG IMPORT (PAKISTAN),1kg,Perlis,3.3,2.59,3.95,11,375
2107,UBI KENTANG IMPORT (PAKISTAN),1kg,Pulau Pinang,2.9,2.27,3.5,24,839
2107,UBI KENTANG IMPORT (PAKISTAN),1kg,Sabah,3.1,2.99,3.58,26,385
2107,UBI KENTANG IMPORT (PAKISTAN),1kg,Sarawak,2.49,2.39,3.12,8,446
2107,UBI KENTANG IMPORT (PAKISTAN),1kg,Selangor,2.5,1.99,3.0,21,551
2107,UBI KENTANG IMPORT (PAKISTAN),1kg,Terengganu,3.0,2.7,3.9,29,1108
2107,UBI KENTANG IMPORT (PAKISTAN),1kg,W.P. Kuala Lumpur,2.29,1.39,2.99,17,398
2107,UBI KENTANG IMPORT (PAKISTAN),1kg,W.P. Putrajaya,3.29,3.29,3.29,1,3
2108,SYAMPU SUNSILK (PELBAGAI JENIS),625ml,Johor,16.99,16.69,21.9,130,366
2108,SYAMPU SUNSILK (PELBAGAI JENIS),625ml,Kedah,16.85,15.8,19.6,72,200
2108,SYAMPU SUNSILK (PELBAGAI JENIS),625ml,Kelantan,18.49,15.9,20.0,77,208
2108,SYAMPU SUNSILK (PELBAGAI JENIS),625ml,Melaka,16.6,15.88,18.15,20,55
2108,SYAMPU SUNSILK (PELBAGAI JENIS),625ml,Negeri Sembilan,16.7,14.9,16.99,31,81
2108,SYAMPU SUNSILK (PELBAGAI JENIS),625ml,Pahang,16.8,16.8,19.8,94,270
2108,SYAMPU SUNSILK (PELBAGAI JENIS),625ml,Perak,16.8,15.4,16.9,103,299
2108,SYAMPU SUNSILK (PELBAGAI JENIS),625ml,Perlis,18.9,16.8,21.99,21,59
2108,SYAMPU SUNSILK (PELBAGAI JENIS),625ml,Pulau Pinang,16.8,15.9,18.9,72,201
2108,SYAMPU SUNSILK (PELBAGAI JENIS),625ml,Sabah,24.9,24.5,24.99,67,164
2108,SYAMPU SUNSILK (PELBAGAI JENIS),625ml,Sarawak,23.5,18.92,24.9,130,357
2108,SYAMPU SUNSILK (PELBAGAI JENIS),625ml,Selangor,16.8,14.89,19.72,65,192
2108,SYAMPU SUNSILK (PELBAGAI JENIS),625ml,Terengganu,21.7,16.9,24.9,50,135
2108,SYAMPU SUNSILK (PELBAGAI JENIS),625ml,W.P. Kuala Lumpur,19.9,16.97,26.5,96,272
2108,SYAMPU SUNSILK (PELBAGAI JENIS),625ml,W.P. Labuan,24.5,21.15,24.82,11,24
2108,SYAMPU SUNSILK (PELBAGAI JENIS),625ml,W.P. Putrajaya,17.44,16.82,24.84,14,38
2109,SABUN SERBUK BREEZE (PELBAGAI JENIS),2.1kg,Johor,15.55,13.99,16.49,148,384
2109,SABUN SERBUK BREEZE (PELBAGAI JENIS),2.1kg,Kedah,14.9,13.9,15.9,88,240
2109,SABUN SERBUK BREEZE (PELBAGAI JENIS),2.1kg,Kelantan,15.9,15.5,16.9,145,383
2109,SABUN SERBUK BREEZE (PELBAGAI JENIS),2.1kg,Melaka,16.24,14.62,16.65,34,83
2109,SABUN SERBUK BREEZE (PELBAGAI JENIS),2.1kg,Negeri Sembilan,15.45,13.92,15.85,39,107
2109,SABUN SERBUK BREEZE (PELBAGAI JENIS),2.1kg,Pahang,14.99,12.99,15.99,130,359
2109,SABUN SERBUK BREEZE (PELBAGAI JENIS),2.1kg,Perak,13.99,12.99,15.5,147,405
2109,SABUN SERBUK BREEZE (PELBAGAI JENIS),2.1kg,Perlis,15.15,14.9,15.9,26,62
2109,SABUN SERBUK BREEZE (PELBAGAI JENIS),2.1kg,Pulau Pinang,14.94,12.99,15.9,90,224
2109,SABUN SERBUK BREEZE (PELBAGAI JENIS),2.1kg,Sabah,16.1,15.4,16.89,90,222
2109,SABUN SERBUK BREEZE (PELBAGAI JENIS),2.1kg,Sarawak,16.2,15.8,16.7,145,360
2109,SABUN SERBUK BREEZE (PELBAGAI JENIS),2.1kg,Selangor,14.94,12.99,15.6,84,218
2109,SABUN SERBUK BREEZE (PELBAGAI JENIS),2.1kg,Terengganu,15.9,15.45,16.5,83,226
2109,SABUN SERBUK BREEZE (PELBAGAI JENIS),2.1kg,W.P. Kuala Lumpur,15.6,15.0,15.73,111,287
2109,SABUN SERBUK BREEZE (PELBAGAI JENIS),2.1kg,W.P. Labuan,16.1,15.5,16.48,10,24
2109,SABUN SERBUK BREEZE (PELBAGAI JENIS),2.1kg,W.P. Putrajaya,15.6,15.31,17.15,24,64
2110,SABUN DETERGEN TOP (PELBAGAI JENIS),3.6 KG,Johor,20.99,19.99,23.44,157,437
2110,SABUN DETERGEN TOP (PELBAGAI JENIS),3.6 KG,Kedah,21.24,19.9,21.99,84,231
2110,SABUN DETERGEN TOP (PELBAGAI JENIS),3.6 KG,Kelantan,22.9,20.9,24.0,137,356
2110,SABUN DETERGEN TOP (PELBAGAI JENIS),3.6 KG,Melaka,22.94,20.92,25.12,30,82
2110,SABUN DETERGEN TOP (PELBAGAI JENIS),3.6 KG,Negeri Sembilan,20.97,19.22,23.36,38,109
2110,SABUN DETERGEN TOP (PELBAGAI JENIS),3.6 KG,Pahang,20.99,18.95,22.95,117,330
2110,SABUN DETERGEN TOP (PELBAGAI JENIS),3.6 KG,Perak,20.9,18.99,22.9,143,391
2110,SABUN DETERGEN TOP (PELBAGAI JENIS),3.6 KG,Perlis,21.9,19.99,22.9,24,64
2110,SABUN DETERGEN TOP (PELBAGAI JENIS),3.6 KG,Pulau Pinang,20.99,18.99,22.9,82,219
2110,SABUN DETERGEN TOP (PELBAGAI JENIS),3.6 KG,Sabah,25.5,23.05,26.97,126,311
2110,SABUN DETERGEN TOP (PELBAGAI JENIS),3.6 KG,Sarawak,22.75,21.66,24.0,162,425
2110,SABUN DETERGEN TOP (PELBAGAI JENIS),3.6 KG,Selangor,20.97,18.99,23.22,92,263
2110,SABUN DETERGEN TOP (PELBAGAI JENIS),3.6 KG,Terengganu,22.9,20.99,25.9,77,198
2110,SABUN DETERGEN TOP (PELBAGAI JENIS),3.6 KG,W.P. Kuala Lumpur,22.4,20.49,25.96,116,317
2110,SABUN DETERGEN TOP (PELBAGAI JENIS),3.6 KG,W.P. Labuan,22.7,22.42,23.4,12,23
2110,SABUN DETERGEN TOP (PELBAGAI JENIS),3.6 KG,W.P. Putrajaya,19.99,19.18,23.1,18,48
2111,SABUN DAIA EXCELLENT WASHING POWER (PELBAGAI JENIS),2.1kg,Johor,14.5,12.99,15.9,168,440
2111,SABUN DAIA EXCELLENT WASHING POWER (PELBAGAI JENIS),2.1kg,Kedah,13.99,12.99,14.9,84,238
2111,SABUN DAIA EXCELLENT WASHING POWER (PELBAGAI JENIS),2.1kg,Kelantan,14.8,13.9,15.9,137,355
2111,SABUN DAIA EXCELLENT WASHING POWER (PELBAGAI JENIS),2.1kg,Melaka,14.9,12.99,15.9,37,95
2111,SABUN DAIA EXCELLENT WASHING POWER (PELBAGAI JENIS),2.1kg,Negeri Sembilan,14.25,12.95,15.0,40,110
2111,SABUN DAIA EXCELLENT WASHING POWER (PELBAGAI JENIS),2.1kg,Pahang,14.5,12.95,15.5,120,335
2111,SABUN DAIA EXCELLENT WASHING POWER (PELBAGAI JENIS),2.1kg,Perak,13.9,12.95,14.8,140,383
2111,SABUN DAIA EXCELLENT WASHING POWER (PELBAGAI JENIS),2.1kg,Perlis,14.9,14.5,15.7,25,67
2111,SABUN DAIA EXCELLENT WASHING POWER (PELBAGAI JENIS),2.1kg,Pulau Pinang,14.49,12.95,15.5,85,220
2111,SABUN DAIA EXCELLENT WASHING POWER (PELBAGAI JENIS),2.1kg,Sabah,15.9,15.46,16.5,88,192
2111,SABUN DAIA EXCELLENT WASHING POWER (PELBAGAI JENIS),2.1kg,Sarawak,15.9,15.6,16.5,153,413
2111,SABUN DAIA EXCELLENT WASHING POWER (PELBAGAI JENIS),2.1kg,Selangor,14.49,12.95,14.99,98,275
2111,SABUN DAIA EXCELLENT WASHING POWER (PELBAGAI JENIS),2.1kg,Terengganu,14.75,13.99,16.0,72,189
2111,SABUN DAIA EXCELLENT WASHING POWER (PELBAGAI JENIS),2.1kg,W.P. Kuala Lumpur,14.5,13.74,14.99,113,309
2111,SABUN DAIA EXCELLENT WASHING POWER (PELBAGAI JENIS),2.1kg,W.P. Labuan,16.0,15.32,16.45,10,20
2111,SABUN DAIA EXCELLENT WASHING POWER (PELBAGAI JENIS),2.1kg,W.P. Putrajaya,14.82,14.19,16.79,18,52
2112,SABUN PENCUCI SUNLIGHT (PELBAGAI JENIS),800ml,Johor,6.8,6.16,7.2,190,541
2112,SABUN PENCUCI SUNLIGHT (PELBAGAI JENIS),800ml,Kedah,5.94,5.8,6.5,108,305
2112,SABUN PENCUCI SUNLIGHT (PELBAGAI JENIS),800ml,Kelantan,6.6,5.99,7.0,187,522
2112,SABUN PENCUCI SUNLIGHT (PELBAGAI JENIS),800ml,Melaka,6.5,5.99,6.99,40,104
2112,SABUN PENCUCI SUNLIGHT (PELBAGAI JENIS),800ml,Negeri Sembilan,6.6,5.99,6.9,58,167
2112,SABUN PENCUCI SUNLIGHT (PELBAGAI JENIS),800ml,Pahang,6.8,6.49,7.18,167,476
2112,SABUN PENCUCI SUNLIGHT (PELBAGAI JENIS),800ml,Perak,6.29,5.8,6.8,171,489
2112,SABUN PENCUCI SUNLIGHT (PELBAGAI JENIS),800ml,Perlis,6.1,5.9,6.78,30,85
2112,SABUN PENCUCI SUNLIGHT (PELBAGAI JENIS),800ml,Pulau Pinang,5.99,5.9,6.8,113,315
2112,SABUN PENCUCI SUNLIGHT (PELBAGAI JENIS),800ml,Sabah,7.2,6.9,7.5,126,324
2112,SABUN PENCUCI SUNLIGHT (PELBAGAI JENIS),800ml,Sarawak,6.7,6.5,6.9,180,479
2112,SABUN PENCUCI SUNLIGHT (PELBAGAI JENIS),800ml,Selangor,6.29,5.95,6.9,111,325
2112,SABUN PENCUCI SUNLIGHT (PELBAGAI JENIS),800ml,Terengganu,6.9,6.48,7.2,123,344
2112,SABUN PENCUCI SUNLIGHT (PELBAGAI JENIS),800ml,W.P. Kuala Lumpur,6.9,6.26,7.2,156,442
2112,SABUN PENCUCI SUNLIGHT (PELBAGAI JENIS),800ml,W.P. Labuan,7.2,7.0,7.3,13,33
2112,SABUN PENCUCI SUNLIGHT (PELBAGAI JENIS),800ml,W.P. Putrajaya,7.2,5.99,7.6,25,68
2113,KORDIAL SUNQUICK (OREN),700ml,Johor,13.9,12.99,14.65,191,513
2113,KORDIAL SUNQUICK (OREN),700ml,Kedah,12.97,12.89,13.5,106,294
2113,KORDIAL SUNQUICK (OREN),700ml,Kelantan,13.9,13.5,14.5,191,532
2113,KORDIAL SUNQUICK (OREN),700ml,Melaka,13.9,13.14,14.5,47,131
2113,KORDIAL SUNQUICK (OREN),700ml,Negeri Sembilan,13.9,12.95,14.6,53,140
2113,KORDIAL SUNQUICK (OREN),700ml,Pahang,13.8,12.95,14.0,152,415
2113,KORDIAL SUNQUICK (OREN),700ml,Perak,12.95,12.9,13.8,166,460
2113,KORDIAL SUNQUICK (OREN),700ml,Perlis,13.1,12.77,13.83,32,87
2113,KORDIAL SUNQUICK (OREN),700ml,Pulau Pinang,13.5,12.95,13.9,110,298
2113,KORDIAL SUNQUICK (OREN),700ml,Sabah,15.89,14.9,15.99,104,250
2113,KORDIAL SUNQUICK (OREN),700ml,Sarawak,15.5,14.9,15.8,147,376
2113,KORDIAL SUNQUICK (OREN),700ml,Selangor,13.49,12.95,14.4,114,323
2113,KORDIAL SUNQUICK (OREN),700ml,Terengganu,13.97,13.32,14.5,130,365
2113,KORDIAL SUNQUICK (OREN),700ml,W.P. Kuala Lumpur,14.49,13.5,14.9,146,383
2113,KORDIAL SUNQUICK (OREN),700ml,W.P. Labuan,14.0,13.58,14.2,12,32
2113,KORDIAL SUNQUICK (OREN),700ml,W.P. Putrajaya,13.9,13.24,15.5,23,58
2114,MILO (PAKET),900 g,Johor,19.95,19.29,20.99,189,536
2114,MILO (PAKET),900 g,Kedah,19.5,18.99,19.95,101,284
2114,MILO (PAKET),900 g,Kelantan,20.9,19.96,22.0,194,543
2114,MILO (PAKET),900 g,Melaka,19.9,19.14,21.2,43,112
2114,MILO (PAKET),900 g,Negeri Sembilan,19.95,19.39,20.9,53,144
2114,MILO (PAKET),900 g,Pahang,19.95,19.9,20.99,125,337
2114,MILO (PAKET),900 g,Perak,19.9,18.92,20.5,166,478
2114,MILO (PAKET),900 g,Perlis,19.9,19.22,20.23,32,90
2114,MILO (PAKET),900 g,Pulau Pinang,19.9,18.98,19.95,99,266
2114,MILO (PAKET),900 g,Sabah,21.9,20.89,22.93,142,376
2114,MILO (PAKET),900 g,Sarawak,21.5,20.9,22.65,183,495
2114,MILO (PAKET),900 g,Selangor,19.95,19.29,21.59,106,302
2114,MILO (PAKET),900 g,Terengganu,20.9,19.99,21.8,121,341
2114,MILO (PAKET),900 g,W.P. Kuala Lumpur,20.9,19.9,22.7,145,377
2114,MILO (PAKET),900 g,W.P. Labuan,22.35,21.52,22.5,14,39
2114,MILO (PAKET),900 g,W.P. Putrajaya,20.9,19.92,22.44,23,59
2115,INDOCAFE (ORIGINAL BLEND) (PAKET),200 g,Johor,19.9,18.65,20.9,141,368
2115,INDOCAFE (ORIGINAL BLEND) (PAKET),200 g,Kedah,19.5,18.65,19.9,62,163
2115,INDOCAFE (ORIGINAL BLEND) (PAKET),200 g,Kelantan,19.5,18.45,20.82,120,282
2115,INDOCAFE (ORIGINAL BLEND) (PAKET),200 g,Melaka,19.42,18.37,20.58,32,81
2115,INDOCAFE (ORIGINAL BLEND) (PAKET),200 g,Negeri Sembilan,19.2,17.97,19.99,35,90
2115,INDOCAFE (ORIGINAL BLEND) (PAKET),200 g,Pahang,18.77,18.65,20.5,102,267
2115,INDOCAFE (ORIGINAL BLEND) (PAKET),200 g,Perak,18.88,18.3,19.6,132,322
2115,INDOCAFE (ORIGINAL BLEND) (PAKET),200 g,Perlis,19.5,18.9,19.9,22,53
2115,INDOCAFE (ORIGINAL BLEND) (PAKET),200 g,Pulau Pinang,19.2,18.3,20.5,81,201
2115,INDOCAFE (ORIGINAL BLEND) (PAKET),200 g,Sabah,19.5,18.9,20.0,106,257
2115,INDOCAFE (ORIGINAL BLEND) (PAKET),200 g,Sarawak,19.5,18.9,20.09,135,325
2115,INDOCAFE (ORIGINAL BLEND) (PAKET),200 g,Selangor,19.42,18.3,20.9,86,228
2115,INDOCAFE (ORIGINAL BLEND) (PAKET),200 g,Terengganu,19.92,18.99,20.88,90,223
2115,INDOCAFE (ORIGINAL BLEND) (PAKET),200 g,W.P. Kuala Lumpur,20.9,18.95,21.9,83,206
2115,INDOCAFE (ORIGINAL BLEND) (PAKET),200 g,W.P. Labuan,19.8,19.3,19.9,13,34
2115,INDOCAFE (ORIGINAL BLEND) (PAKET),200 g,W.P. Putrajaya,20.5,19.5,21.34,15,33
