Transaction Date,Product Code,Product Name,Pack Variant,Quantity Sold,Transaction Reference,Current Stock,Stock Count Date,Planned Order,Incoming Stock,Expiry Date,Supplier,Lead Time Days,Case Size
2026-02-02,MM0001,Kopi O Kaw 2in1,10 sachets,2,LN001001,7,2026-09-12,9,2,2026-10-30,Syarikat Aminah,3,12
2026-02-04,MM0001,Kopi O Kaw 2in1,10 sachets,1,LN001002,7,2026-09-12,9,2,2026-10-30,Syarikat Aminah,3,12
2026-02-06,MM0001,Kopi O Kaw 2in1,10 sachets,1,LN001003,7,2026-09-12,9,2,2026-10-30,Syarikat Aminah,3,12
2026-02-09,MM0001,Kopi O Kaw 2in1,10 sachets,2,LN001004,7,2026-09-12,9,2,2026-10-30,Syarikat Aminah,3,12
2026-02-10,MM0001,Kopi O Kaw 2in1,10 sachets,1,LN001005,7,2026-09-12,9,2,2026-10-30,Syarikat Aminah,3,12
2026-02-15,MM0001,Kopi O Kaw 2in1,10 sachets,1,LN001006,7,2026-09-12,9,2,2026-10-30,Syarikat Aminah,3,12
2026-02-16,MM0001,Kopi O Kaw 2in1,10 sachets,1,LN001007,7,2026-09-12,9,2,2026-10-30,Syarikat Aminah,3,12
2026-02-20,MM0001,Kopi O Kaw 2in1,10 sachets,1,LN001008,7,2026-09-12,9,2,2026-10-30,Syarikat Aminah,3,12
2026-02-21,MM0001,Kopi O Kaw 2in1,10 sachets,1,LN001009,7,2026-09-12,9,2,2026-10-30,Syarikat Aminah,3,12
2026-02-22,MM0001,Kopi O Kaw 2in1,10 sachets,1,LN001010,7,2026-09-12,9,2,2026-10-30,Syarikat Aminah,3,12
2026-02-23,MM0001,Kopi O Kaw 2in1,10 sachets,3,LN001011,7,2026-09-12,9,2,2026-10-30,Syarikat Aminah,3,12
2026-02-24,MM0001,Kopi O Kaw 2in1,10 sachets,1,LN001012,7,2026-09-12,9,2,2026-10-30,Syarikat Aminah,3,12
2026-02-26,MM0001,Kopi O Kaw 2in1,10 sachets,1,LN001013,7,2026-09-12,9,2,2026-10-30,Syarikat Aminah,3,12
2026-02-27,MM0001,Kopi O Kaw 2in1,10 sachets,1,LN001014,7,2026-09-12,9,2,2026-10-30,Syarikat Aminah,3,12
2026-03-03,MM0001,Kopi O Kaw 2in1,10 sachets,2,LN001015,7,2026-09-12,9,2,2026-10-30,Syarikat Aminah,3,12
2026-03-04,MM0001,Kopi O Kaw 2in1,10 sachets,1,LN001016,7,2026-09-12,9,2,2026-10-30,Syarikat Aminah,3,12
2026-03-08,MM0001,Kopi O Kaw 2in1,10 sachets,1,LN001017,7,2026-09-12,9,2,2026-10-30,Syarikat Aminah,3,12
2026-03-10,MM0001,Kopi O Kaw 2in1,10 sachets,1,LN001018,7,2026-09-12,9,2,2026-10-30,Syarikat Aminah,3,12
2026-03-11,MM0001,Kopi O Kaw 2in1,10 sachets,1,LN001019,7,2026-09-12,9,2,2026-10-30,Syarikat Aminah,3,12
2026-03-16,MM0001,Kopi O Kaw 2in1,10 sachets,1,LN001020,7,2026-09-12,9,2,2026-10-30,Syarikat Aminah,3,12
2026-03-17,MM0001,Kopi O Kaw 2in1,10 sachets,2,LN001021,7,2026-09-12,9,2,2026-10-30,Syarikat Aminah,3,12
2026-03-19,MM0001,Kopi O Kaw 2in1,10 sachets,1,LN001022,7,2026-09-12,9,2,2026-10-30,Syarikat Aminah,3,12
2026-03-22,MM0001,Kopi O Kaw 2in1,10 sachets,1,LN001023,7,2026-09-12,9,2,2026-10-30,Syarikat Aminah,3,12
2026-03-24,MM0001,Kopi O Kaw 2in1,10 sachets,1,LN001024,7,2026-09-12,9,2,2026-10-30,Syarikat Aminah,3,12
2026-03-25,MM0001,Kopi O Kaw 2in1,10 sachets,1,LN001025,7,2026-09-12,9,2,2026-10-30,Syarikat Aminah,3,12
2026-03-26,MM0001,Kopi O Kaw 2in1,10 sachets,1,LN001026,7,2026-09-12,9,2,2026-10-30,Syarikat Aminah,3,12
2026-03-29,MM0001,Kopi O Kaw 2in1,10 sachets,1,LN001027,7,2026-09-12,9,2,2026-10-30,Syarikat Aminah,3,12
2026-03-30,MM0001,Kopi O Kaw 2in1,10 sachets,2,LN001028,7,2026-09-12,9,2,2026-10-30,Syarikat Aminah,3,12
2026-03-31,MM0001,Kopi O Kaw 2in1,10 sachets,1,LN001029,7,2026-09-12,9,2,2026-10-30,Syarikat Aminah,3,12
2026-04-02,MM0001,Kopi O Kaw 2in1,10 sachets,1,LN001030,7,2026-09-12,9,2,2026-10-30,Syarikat Aminah,3,12
2026-04-06,MM0001,Kopi O Kaw 2in1,10 sachets,1,LN001031,7,2026-09-12,9,2,2026-10-30,Syarikat Aminah,3,12
2026-04-07,MM0001,Kopi O Kaw 2in1,10 sachets,2,LN001032,7,2026-09-12,9,2,2026-10-30,Syarikat Aminah,3,12
2026-04-08,MM0001,Kopi O Kaw 2in1,10 sachets,1,LN001033,7,2026-09-12,9,2,2026-10-30,Syarikat Aminah,3,12
2026-04-10,MM0001,Kopi O Kaw 2in1,10 sachets,1,LN001034,7,2026-09-12,9,2,2026-10-30,Syarikat Aminah,3,12
2026-04-15,MM0001,Kopi O Kaw 2in1,10 sachets,2,LN001035,7,2026-09-12,9,2,2026-10-30,Syarikat Aminah,3,12
2026-04-16,MM0001,Kopi O Kaw 2in1,10 sachets,1,LN001036,7,2026-09-12,9,2,2026-10-30,Syarikat Aminah,3,12
2026-04-17,MM0001,Kopi O Kaw 2in1,10 sachets,1,LN001037,7,2026-09-12,9,2,2026-10-30,Syarikat Aminah,3,12
2026-04-18,MM0001,Kopi O Kaw 2in1,10 sachets,1,LN001038,7,2026-09-12,9,2,2026-10-30,Syarikat Aminah,3,12
2026-04-20,MM0001,Kopi O Kaw 2in1,10 sachets,2,LN001039,7,2026-09-12,9,2,2026-10-30,Syarikat Aminah,3,12
2026-04-23,MM0001,Kopi O Kaw 2in1,10 sachets,2,LN001040,7,2026-09-12,9,2,2026-10-30,Syarikat Aminah,3,12
2026-04-24,MM0001,Kopi O Kaw 2in1,10 sachets,1,LN001041,7,2026-09-12,9,2,2026-10-30,Syarikat Aminah,3,12
2026-04-26,MM0001,Kopi O Kaw 2in1,10 sachets,1,LN001042,7,2026-09-12,9,2,2026-10-30,Syarikat Aminah,3,12
2026-04-26,MM0001,Kopi O Kaw 2in1,10 sachets,1,LN001043,7,2026-09-12,9,2,2026-10-30,Syarikat Aminah,3,12
2026-04-29,MM0001,Kopi O Kaw 2in1,10 sachets,1,LN001044,7,2026-09-12,9,2,2026-10-30,Syarikat Aminah,3,12
2026-04-30,MM0001,Kopi O Kaw 2in1,10 sachets,2,LN001045,7,2026-09-12,9,2,2026-10-30,Syarikat Aminah,3,12
2026-05-02,MM0001,Kopi O Kaw 2in1,10 sachets,1,LN001046,7,2026-09-12,9,2,2026-10-30,Syarikat Aminah,3,12
2026-05-03,MM0001,Kopi O Kaw 2in1,10 sachets,1,LN001047,7,2026-09-12,9,2,2026-10-30,Syarikat Aminah,3,12
2026-05-03,MM0001,Kopi O Kaw 2in1,10 sachets,1,LN001048,7,2026-09-12,9,2,2026-10-30,Syarikat Aminah,3,12
2026-05-04,MM0001,Kopi O Kaw 2in1,10 sachets,2,LN001049,7,2026-09-12,9,2,2026-10-30,Syarikat Aminah,3,12
2026-05-06,MM0001,Kopi O Kaw 2in1,10 sachets,1,LN001050,7,2026-09-12,9,2,2026-10-30,Syarikat Aminah,3,12
2026-05-07,MM0001,Kopi O Kaw 2in1,10 sachets,1,LN001051,7,2026-09-12,9,2,2026-10-30,Syarikat Aminah,3,12
2026-05-08,MM0001,Kopi O Kaw 2in1,10 sachets,1,LN001052,7,2026-09-12,9,2,2026-10-30,Syarikat Aminah,3,12
2026-05-11,MM0001,Kopi O Kaw 2in1,10 sachets,1,LN001053,7,2026-09-12,9,2,2026-10-30,Syarikat Aminah,3,12
2026-05-14,MM0001,Kopi O Kaw 2in1,10 sachets,1,LN001054,7,2026-09-12,9,2,2026-10-30,Syarikat Aminah,3,12
2026-05-15,MM0001,Kopi O Kaw 2in1,10 sachets,1,LN001055,7,2026-09-12,9,2,2026-10-30,Syarikat Aminah,3,12
2026-05-19,MM0001,Kopi O Kaw 2in1,10 sachets,1,LN001056,7,2026-09-12,9,2,2026-10-30,Syarikat Aminah,3,12
2026-05-20,MM0001,Kopi O Kaw 2in1,10 sachets,1,LN001057,7,2026-09-12,9,2,2026-10-30,Syarikat Aminah,3,12
2026-05-22,MM0001,Kopi O Kaw 2in1,10 sachets,1,LN001058,7,2026-09-12,9,2,2026-10-30,Syarikat Aminah,3,12
2026-05-26,MM0001,Kopi O Kaw 2in1,10 sachets,2,LN001059,7,2026-09-12,9,2,2026-10-30,Syarikat Aminah,3,12
2026-05-27,MM0001,Kopi O Kaw 2in1,10 sachets,1,LN001060,7,2026-09-12,9,2,2026-10-30,Syarikat Aminah,3,12
2026-05-30,MM0001,Kopi O Kaw 2in1,10 sachets,1,LN001061,7,2026-09-12,9,2,2026-10-30,Syarikat Aminah,3,12
2026-05-31,MM0001,Kopi O Kaw 2in1,10 sachets,1,LN001062,7,2026-09-12,9,2,2026-10-30,Syarikat Aminah,3,12
2026-06-01,MM0001,Kopi O Kaw 2in1,10 sachets,1,LN001063,7,2026-09-12,9,2,2026-10-30,Syarikat Aminah,3,12
2026-06-02,MM0001,Kopi O Kaw 2in1,10 sachets,1,LN001064,7,2026-09-12,9,2,2026-10-30,Syarikat Aminah,3,12
2026-06-03,MM0001,Kopi O Kaw 2in1,10 sachets,1,LN001065,7,2026-09-12,9,2,2026-10-30,Syarikat Aminah,3,12
2026-06-05,MM0001,Kopi O Kaw 2in1,10 sachets,2,LN001066,7,2026-09-12,9,2,2026-10-30,Syarikat Aminah,3,12
2026-06-07,MM0001,Kopi O Kaw 2in1,10 sachets,1,LN001067,7,2026-09-12,9,2,2026-10-30,Syarikat Aminah,3,12
2026-06-07,MM0001,Kopi O Kaw 2in1,10 sachets,1,LN001068,7,2026-09-12,9,2,2026-10-30,Syarikat Aminah,3,12
2026-06-08,MM0001,Kopi O Kaw 2in1,10 sachets,2,LN001069,7,2026-09-12,9,2,2026-10-30,Syarikat Aminah,3,12
2026-06-09,MM0001,Kopi O Kaw 2in1,10 sachets,1,LN001070,7,2026-09-12,9,2,2026-10-30,Syarikat Aminah,3,12
2026-06-10,MM0001,Kopi O Kaw 2in1,10 sachets,1,LN001071,7,2026-09-12,9,2,2026-10-30,Syarikat Aminah,3,12
2026-06-13,MM0001,Kopi O Kaw 2in1,10 sachets,1,LN001072,7,2026-09-12,9,2,2026-10-30,Syarikat Aminah,3,12
2026-06-15,MM0001,Kopi O Kaw 2in1,10 sachets,1,LN001073,7,2026-09-12,9,2,2026-10-30,Syarikat Aminah,3,12
2026-06-21,MM0001,Kopi O Kaw 2in1,10 sachets,1,LN001074,7,2026-09-12,9,2,2026-10-30,Syarikat Aminah,3,12
2026-06-21,MM0001,Kopi O Kaw 2in1,10 sachets,2,LN001075,7,2026-09-12,9,2,2026-10-30,Syarikat Aminah,3,12
2026-06-22,MM0001,Kopi O Kaw 2in1,10 sachets,2,LN001076,7,2026-09-12,9,2,2026-10-30,Syarikat Aminah,3,12
2026-06-23,MM0001,Kopi O Kaw 2in1,10 sachets,1,LN001077,7,2026-09-12,9,2,2026-10-30,Syarikat Aminah,3,12
2026-06-27,MM0001,Kopi O Kaw 2in1,10 sachets,1,LN001078,7,2026-09-12,9,2,2026-10-30,Syarikat Aminah,3,12
2026-06-28,MM0001,Kopi O Kaw 2in1,10 sachets,1,LN001079,7,2026-09-12,9,2,2026-10-30,Syarikat Aminah,3,12
2026-06-30,MM0001,Kopi O Kaw 2in1,10 sachets,1,LN001080,7,2026-09-12,9,2,2026-10-30,Syarikat Aminah,3,12
2026-07-01,MM0001,Kopi O Kaw 2in1,10 sachets,1,LN001081,7,2026-09-12,9,2,2026-10-30,Syarikat Aminah,3,12
2026-07-07,MM0001,Kopi O Kaw 2in1,10 sachets,2,LN001082,7,2026-09-12,9,2,2026-10-30,Syarikat Aminah,3,12
2026-07-09,MM0001,Kopi O Kaw 2in1,10 sachets,1,LN001083,7,2026-09-12,9,2,2026-10-30,Syarikat Aminah,3,12
2026-07-10,MM0001,Kopi O Kaw 2in1,10 sachets,1,LN001084,7,2026-09-12,9,2,2026-10-30,Syarikat Aminah,3,12
2026-07-13,MM0001,Kopi O Kaw 2in1,10 sachets,2,LN001085,7,2026-09-12,9,2,2026-10-30,Syarikat Aminah,3,12
2026-07-14,MM0001,Kopi O Kaw 2in1,10 sachets,1,LN001086,7,2026-09-12,9,2,2026-10-30,Syarikat Aminah,3,12
2026-07-15,MM0001,Kopi O Kaw 2in1,10 sachets,1,LN001087,7,2026-09-12,9,2,2026-10-30,Syarikat Aminah,3,12
2026-07-16,MM0001,Kopi O Kaw 2in1,10 sachets,1,LN001088,7,2026-09-12,9,2,2026-10-30,Syarikat Aminah,3,12
2026-07-21,MM0001,Kopi O Kaw 2in1,10 sachets,1,LN001089,7,2026-09-12,9,2,2026-10-30,Syarikat Aminah,3,12
2026-07-24,MM0001,Kopi O Kaw 2in1,10 sachets,1,LN001090,7,2026-09-12,9,2,2026-10-30,Syarikat Aminah,3,12
2026-07-26,MM0001,Kopi O Kaw 2in1,10 sachets,1,LN001091,7,2026-09-12,9,2,2026-10-30,Syarikat Aminah,3,12
2026-07-26,MM0001,Kopi O Kaw 2in1,10 sachets,3,LN001092,7,2026-09-12,9,2,2026-10-30,Syarikat Aminah,3,12
2026-07-27,MM0001,Kopi O Kaw 2in1,10 sachets,2,LN001093,7,2026-09-12,9,2,2026-10-30,Syarikat Aminah,3,12
2026-08-02,MM0001,Kopi O Kaw 2in1,10 sachets,1,LN001094,7,2026-09-12,9,2,2026-10-30,Syarikat Aminah,3,12
2026-08-02,MM0001,Kopi O Kaw 2in1,10 sachets,1,LN001095,7,2026-09-12,9,2,2026-10-30,Syarikat Aminah,3,12
2026-08-06,MM0001,Kopi O Kaw 2in1,10 sachets,1,LN001096,7,2026-09-12,9,2,2026-10-30,Syarikat Aminah,3,12
2026-08-08,MM0001,Kopi O Kaw 2in1,10 sachets,2,LN001097,7,2026-09-12,9,2,2026-10-30,Syarikat Aminah,3,12
2026-08-09,MM0001,Kopi O Kaw 2in1,10 sachets,1,LN001098,7,2026-09-12,9,2,2026-10-30,Syarikat Aminah,3,12
2026-08-09,MM0001,Kopi O Kaw 2in1,10 sachets,1,LN001099,7,2026-09-12,9,2,2026-10-30,Syarikat Aminah,3,12
2026-08-11,MM0001,Kopi O Kaw 2in1,10 sachets,1,LN001100,7,2026-09-12,9,2,2026-10-30,Syarikat Aminah,3,12
2026-08-12,MM0001,Kopi O Kaw 2in1,10 sachets,2,LN001101,7,2026-09-12,9,2,2026-10-30,Syarikat Aminah,3,12
2026-08-13,MM0001,Kopi O Kaw 2in1,10 sachets,1,LN001102,7,2026-09-12,9,2,2026-10-30,Syarikat Aminah,3,12
2026-08-16,MM0001,Kopi O Kaw 2in1,10 sachets,1,LN001103,7,2026-09-12,9,2,2026-10-30,Syarikat Aminah,3,12
2026-08-17,MM0001,Kopi O Kaw 2in1,10 sachets,3,LN001104,7,2026-09-12,9,2,2026-10-30,Syarikat Aminah,3,12
2026-08-19,MM0001,Kopi O Kaw 2in1,10 sachets,1,LN001105,7,2026-09-12,9,2,2026-10-30,Syarikat Aminah,3,12
2026-08-20,MM0001,Kopi O Kaw 2in1,10 sachets,1,LN001106,7,2026-09-12,9,2,2026-10-30,Syarikat Aminah,3,12
2026-08-23,MM0001,Kopi O Kaw 2in1,10 sachets,1,LN001107,7,2026-09-12,9,2,2026-10-30,Syarikat Aminah,3,12
2026-08-25,MM0001,Kopi O Kaw 2in1,10 sachets,1,LN001108,7,2026-09-12,9,2,2026-10-30,Syarikat Aminah,3,12
2026-08-26,MM0001,Kopi O Kaw 2in1,10 sachets,1,LN001109,7,2026-09-12,9,2,2026-10-30,Syarikat Aminah,3,12
2026-08-27,MM0001,Kopi O Kaw 2in1,10 sachets,1,LN001110,7,2026-09-12,9,2,2026-10-30,Syarikat Aminah,3,12
2026-08-31,MM0001,Kopi O Kaw 2in1,10 sachets,1,LN001111,7,2026-09-12,9,2,2026-10-30,Syarikat Aminah,3,12
2026-09-01,MM0001,Kopi O Kaw 2in1,10 sachets,1,LN001112,7,2026-09-12,9,2,2026-10-30,Syarikat Aminah,3,12
2026-09-05,MM0001,Kopi O Kaw 2in1,10 sachets,1,LN001113,7,2026-09-12,9,2,2026-10-30,Syarikat Aminah,3,12
2026-09-06,MM0001,Kopi O Kaw 2in1,10 sachets,1,LN001114,7,2026-09-12,9,2,2026-10-30,Syarikat Aminah,3,12
2026-09-06,MM0001,Kopi O Kaw 2in1,10 sachets,1,LN001115,7,2026-09-12,9,2,2026-10-30,Syarikat Aminah,3,12
2026-09-07,MM0001,Kopi O Kaw 2in1,10 sachets,1,LN001116,7,2026-09-12,9,2,2026-10-30,Syarikat Aminah,3,12
2026-09-12,MM0001,Kopi O Kaw 2in1,10 sachets,1,LN001117,7,2026-09-12,9,2,2026-10-30,Syarikat Aminah,3,12
2026-02-03,MM0002,Milo 3in1,15 sticks,2,LN001118,8,2026-09-12,37,0,2026-11-14,Syarikat Aminah,3,12
2026-02-06,MM0002,Milo 3in1,15 sticks,2,LN001119,8,2026-09-12,37,0,2026-11-14,Syarikat Aminah,3,12
2026-02-07,MM0002,Milo 3in1,15 sticks,1,LN001120,8,2026-09-12,37,0,2026-11-14,Syarikat Aminah,3,12
2026-02-08,MM0002,Milo 3in1,15 sticks,1,LN001121,8,2026-09-12,37,0,2026-11-14,Syarikat Aminah,3,12
2026-02-09,MM0002,Milo 3in1,15 sticks,1,LN001122,8,2026-09-12,37,0,2026-11-14,Syarikat Aminah,3,12
2026-02-12,MM0002,Milo 3in1,15 sticks,1,LN001123,8,2026-09-12,37,0,2026-11-14,Syarikat Aminah,3,12
2026-02-14,MM0002,Milo 3in1,15 sticks,2,LN001124,8,2026-09-12,37,0,2026-11-14,Syarikat Aminah,3,12
2026-02-15,MM0002,Milo 3in1,15 sticks,1,LN001125,8,2026-09-12,37,0,2026-11-14,Syarikat Aminah,3,12
2026-02-15,MM0002,Milo 3in1,15 sticks,2,LN001126,8,2026-09-12,37,0,2026-11-14,Syarikat Aminah,3,12
2026-02-18,MM0002,Milo 3in1,15 sticks,1,LN001127,8,2026-09-12,37,0,2026-11-14,Syarikat Aminah,3,12
2026-02-24,MM0002,Milo 3in1,15 sticks,1,LN001128,8,2026-09-12,37,0,2026-11-14,Syarikat Aminah,3,12
2026-02-25,MM0002,Milo 3in1,15 sticks,2,LN001129,8,2026-09-12,37,0,2026-11-14,Syarikat Aminah,3,12
2026-02-28,MM0002,Milo 3in1,15 sticks,1,LN001130,8,2026-09-12,37,0,2026-11-14,Syarikat Aminah,3,12
2026-03-01,MM0002,Milo 3in1,15 sticks,1,LN001131,8,2026-09-12,37,0,2026-11-14,Syarikat Aminah,3,12
2026-03-01,MM0002,Milo 3in1,15 sticks,1,LN001132,8,2026-09-12,37,0,2026-11-14,Syarikat Aminah,3,12
2026-03-02,MM0002,Milo 3in1,15 sticks,4,LN001133,8,2026-09-12,37,0,2026-11-14,Syarikat Aminah,3,12
2026-03-03,MM0002,Milo 3in1,15 sticks,2,LN001134,8,2026-09-12,37,0,2026-11-14,Syarikat Aminah,3,12
2026-03-04,MM0002,Milo 3in1,15 sticks,1,LN001135,8,2026-09-12,37,0,2026-11-14,Syarikat Aminah,3,12
2026-03-05,MM0002,Milo 3in1,15 sticks,1,LN001136,8,2026-09-12,37,0,2026-11-14,Syarikat Aminah,3,12
2026-03-07,MM0002,Milo 3in1,15 sticks,1,LN001137,8,2026-09-12,37,0,2026-11-14,Syarikat Aminah,3,12
2026-03-09,MM0002,Milo 3in1,15 sticks,1,LN001138,8,2026-09-12,37,0,2026-11-14,Syarikat Aminah,3,12
2026-03-10,MM0002,Milo 3in1,15 sticks,2,LN001139,8,2026-09-12,37,0,2026-11-14,Syarikat Aminah,3,12
2026-03-11,MM0002,Milo 3in1,15 sticks,1,LN001140,8,2026-09-12,37,0,2026-11-14,Syarikat Aminah,3,12
2026-03-13,MM0002,Milo 3in1,15 sticks,1,LN001141,8,2026-09-12,37,0,2026-11-14,Syarikat Aminah,3,12
2026-03-14,MM0002,Milo 3in1,15 sticks,1,LN001142,8,2026-09-12,37,0,2026-11-14,Syarikat Aminah,3,12
2026-03-15,MM0002,Milo 3in1,15 sticks,1,LN001143,8,2026-09-12,37,0,2026-11-14,Syarikat Aminah,3,12
2026-03-16,MM0002,Milo 3in1,15 sticks,2,LN001144,8,2026-09-12,37,0,2026-11-14,Syarikat Aminah,3,12
2026-03-19,MM0002,Milo 3in1,15 sticks,1,LN001145,8,2026-09-12,37,0,2026-11-14,Syarikat Aminah,3,12
2026-03-22,MM0002,Milo 3in1,15 sticks,1,LN001146,8,2026-09-12,37,0,2026-11-14,Syarikat Aminah,3,12
2026-03-22,MM0002,Milo 3in1,15 sticks,2,LN001147,8,2026-09-12,37,0,2026-11-14,Syarikat Aminah,3,12
2026-03-23,MM0002,Milo 3in1,15 sticks,2,LN001148,8,2026-09-12,37,0,2026-11-14,Syarikat Aminah,3,12
2026-03-25,MM0002,Milo 3in1,15 sticks,1,LN001149,8,2026-09-12,37,0,2026-11-14,Syarikat Aminah,3,12
2026-03-27,MM0002,Milo 3in1,15 sticks,1,LN001150,8,2026-09-12,37,0,2026-11-14,Syarikat Aminah,3,12
2026-03-29,MM0002,Milo 3in1,15 sticks,1,LN001151,8,2026-09-12,37,0,2026-11-14,Syarikat Aminah,3,12
2026-03-31,MM0002,Milo 3in1,15 sticks,1,LN001152,8,2026-09-12,37,0,2026-11-14,Syarikat Aminah,3,12
2026-04-01,MM0002,Milo 3in1,15 sticks,1,LN001153,8,2026-09-12,37,0,2026-11-14,Syarikat Aminah,3,12
2026-04-03,MM0002,Milo 3in1,15 sticks,1,LN001154,8,2026-09-12,37,0,2026-11-14,Syarikat Aminah,3,12
2026-04-04,MM0002,Milo 3in1,15 sticks,1,LN001155,8,2026-09-12,37,0,2026-11-14,Syarikat Aminah,3,12
2026-04-07,MM0002,Milo 3in1,15 sticks,1,LN001156,8,2026-09-12,37,0,2026-11-14,Syarikat Aminah,3,12
2026-04-10,MM0002,Milo 3in1,15 sticks,1,LN001157,8,2026-09-12,37,0,2026-11-14,Syarikat Aminah,3,12
2026-04-12,MM0002,Milo 3in1,15 sticks,1,LN001158,8,2026-09-12,37,0,2026-11-14,Syarikat Aminah,3,12
2026-04-14,MM0002,Milo 3in1,15 sticks,1,LN001159,8,2026-09-12,37,0,2026-11-14,Syarikat Aminah,3,12
2026-04-15,MM0002,Milo 3in1,15 sticks,1,LN001160,8,2026-09-12,37,0,2026-11-14,Syarikat Aminah,3,12
2026-04-16,MM0002,Milo 3in1,15 sticks,1,LN001161,8,2026-09-12,37,0,2026-11-14,Syarikat Aminah,3,12
2026-04-18,MM0002,Milo 3in1,15 sticks,1,LN001162,8,2026-09-12,37,0,2026-11-14,Syarikat Aminah,3,12
2026-04-19,MM0002,Milo 3in1,15 sticks,1,LN001163,8,2026-09-12,37,0,2026-11-14,Syarikat Aminah,3,12
2026-04-19,MM0002,Milo 3in1,15 sticks,1,LN001164,8,2026-09-12,37,0,2026-11-14,Syarikat Aminah,3,12
2026-04-20,MM0002,Milo 3in1,15 sticks,1,LN001165,8,2026-09-12,37,0,2026-11-14,Syarikat Aminah,3,12
2026-04-21,MM0002,Milo 3in1,15 sticks,2,LN001166,8,2026-09-12,37,0,2026-11-14,Syarikat Aminah,3,12
2026-04-22,MM0002,Milo 3in1,15 sticks,1,LN001167,8,2026-09-12,37,0,2026-11-14,Syarikat Aminah,3,12
2026-04-23,MM0002,Milo 3in1,15 sticks,1,LN001168,8,2026-09-12,37,0,2026-11-14,Syarikat Aminah,3,12
2026-04-24,MM0002,Milo 3in1,15 sticks,1,LN001169,8,2026-09-12,37,0,2026-11-14,Syarikat Aminah,3,12
2026-04-29,MM0002,Milo 3in1,15 sticks,3,LN001170,8,2026-09-12,37,0,2026-11-14,Syarikat Aminah,3,12
2026-04-30,MM0002,Milo 3in1,15 sticks,1,LN001171,8,2026-09-12,37,0,2026-11-14,Syarikat Aminah,3,12
2026-05-03,MM0002,Milo 3in1,15 sticks,1,LN001172,8,2026-09-12,37,0,2026-11-14,Syarikat Aminah,3,12
2026-05-03,MM0002,Milo 3in1,15 sticks,1,LN001173,8,2026-09-12,37,0,2026-11-14,Syarikat Aminah,3,12
2026-05-04,MM0002,Milo 3in1,15 sticks,1,LN001174,8,2026-09-12,37,0,2026-11-14,Syarikat Aminah,3,12
2026-05-06,MM0002,Milo 3in1,15 sticks,1,LN001175,8,2026-09-12,37,0,2026-11-14,Syarikat Aminah,3,12
2026-05-08,MM0002,Milo 3in1,15 sticks,1,LN001176,8,2026-09-12,37,0,2026-11-14,Syarikat Aminah,3,12
2026-05-09,MM0002,Milo 3in1,15 sticks,1,LN001177,8,2026-09-12,37,0,2026-11-14,Syarikat Aminah,3,12
2026-05-16,MM0002,Milo 3in1,15 sticks,1,LN001178,8,2026-09-12,37,0,2026-11-14,Syarikat Aminah,3,12
2026-05-17,MM0002,Milo 3in1,15 sticks,1,LN001179,8,2026-09-12,37,0,2026-11-14,Syarikat Aminah,3,12
2026-05-17,MM0002,Milo 3in1,15 sticks,1,LN001180,8,2026-09-12,37,0,2026-11-14,Syarikat Aminah,3,12
2026-05-18,MM0002,Milo 3in1,15 sticks,1,LN001181,8,2026-09-12,37,0,2026-11-14,Syarikat Aminah,3,12
2026-05-19,MM0002,Milo 3in1,15 sticks,3,LN001182,8,2026-09-12,37,0,2026-11-14,Syarikat Aminah,3,12
2026-05-22,MM0002,Milo 3in1,15 sticks,1,LN001183,8,2026-09-12,37,0,2026-11-14,Syarikat Aminah,3,12
2026-05-23,MM0002,Milo 3in1,15 sticks,1,LN001184,8,2026-09-12,37,0,2026-11-14,Syarikat Aminah,3,12
2026-05-24,MM0002,Milo 3in1,15 sticks,1,LN001185,8,2026-09-12,37,0,2026-11-14,Syarikat Aminah,3,12
2026-05-26,MM0002,Milo 3in1,15 sticks,2,LN001186,8,2026-09-12,37,0,2026-11-14,Syarikat Aminah,3,12
2026-05-27,MM0002,Milo 3in1,15 sticks,1,LN001187,8,2026-09-12,37,0,2026-11-14,Syarikat Aminah,3,12
2026-05-28,MM0002,Milo 3in1,15 sticks,2,LN001188,8,2026-09-12,37,0,2026-11-14,Syarikat Aminah,3,12
2026-05-31,MM0002,Milo 3in1,15 sticks,1,LN001189,8,2026-09-12,37,0,2026-11-14,Syarikat Aminah,3,12
2026-05-31,MM0002,Milo 3in1,15 sticks,2,LN001190,8,2026-09-12,37,0,2026-11-14,Syarikat Aminah,3,12
2026-06-01,MM0002,Milo 3in1,15 sticks,1,LN001191,8,2026-09-12,37,0,2026-11-14,Syarikat Aminah,3,12
2026-06-02,MM0002,Milo 3in1,15 sticks,1,LN001192,8,2026-09-12,37,0,2026-11-14,Syarikat Aminah,3,12
2026-06-08,MM0002,Milo 3in1,15 sticks,1,LN001193,8,2026-09-12,37,0,2026-11-14,Syarikat Aminah,3,12
2026-06-12,MM0002,Milo 3in1,15 sticks,1,LN001194,8,2026-09-12,37,0,2026-11-14,Syarikat Aminah,3,12
2026-06-14,MM0002,Milo 3in1,15 sticks,1,LN001195,8,2026-09-12,37,0,2026-11-14,Syarikat Aminah,3,12
2026-06-14,MM0002,Milo 3in1,15 sticks,3,LN001196,8,2026-09-12,37,0,2026-11-14,Syarikat Aminah,3,12
2026-06-15,MM0002,Milo 3in1,15 sticks,1,LN001197,8,2026-09-12,37,0,2026-11-14,Syarikat Aminah,3,12
2026-06-16,MM0002,Milo 3in1,15 sticks,2,LN001198,8,2026-09-12,37,0,2026-11-14,Syarikat Aminah,3,12
2026-06-17,MM0002,Milo 3in1,15 sticks,1,LN001199,8,2026-09-12,37,0,2026-11-14,Syarikat Aminah,3,12
2026-06-18,MM0002,Milo 3in1,15 sticks,1,LN001200,8,2026-09-12,37,0,2026-11-14,Syarikat Aminah,3,12
2026-06-20,MM0002,Milo 3in1,15 sticks,1,LN001201,8,2026-09-12,37,0,2026-11-14,Syarikat Aminah,3,12
2026-06-24,MM0002,Milo 3in1,15 sticks,1,LN001202,8,2026-09-12,37,0,2026-11-14,Syarikat Aminah,3,12
2026-06-26,MM0002,Milo 3in1,15 sticks,1,LN001203,8,2026-09-12,37,0,2026-11-14,Syarikat Aminah,3,12
2026-06-29,MM0002,Milo 3in1,15 sticks,1,LN001204,8,2026-09-12,37,0,2026-11-14,Syarikat Aminah,3,12
2026-06-30,MM0002,Milo 3in1,15 sticks,1,LN001205,8,2026-09-12,37,0,2026-11-14,Syarikat Aminah,3,12
2026-07-01,MM0002,Milo 3in1,15 sticks,3,LN001206,8,2026-09-12,37,0,2026-11-14,Syarikat Aminah,3,12
2026-07-02,MM0002,Milo 3in1,15 sticks,1,LN001207,8,2026-09-12,37,0,2026-11-14,Syarikat Aminah,3,12
2026-07-03,MM0002,Milo 3in1,15 sticks,1,LN001208,8,2026-09-12,37,0,2026-11-14,Syarikat Aminah,3,12
2026-07-05,MM0002,Milo 3in1,15 sticks,1,LN001209,8,2026-09-12,37,0,2026-11-14,Syarikat Aminah,3,12
2026-07-05,MM0002,Milo 3in1,15 sticks,1,LN001210,8,2026-09-12,37,0,2026-11-14,Syarikat Aminah,3,12
2026-07-06,MM0002,Milo 3in1,15 sticks,1,LN001211,8,2026-09-12,37,0,2026-11-14,Syarikat Aminah,3,12
2026-07-08,MM0002,Milo 3in1,15 sticks,2,LN001212,8,2026-09-12,37,0,2026-11-14,Syarikat Aminah,3,12
2026-07-10,MM0002,Milo 3in1,15 sticks,1,LN001213,8,2026-09-12,37,0,2026-11-14,Syarikat Aminah,3,12
2026-07-11,MM0002,Milo 3in1,15 sticks,1,LN001214,8,2026-09-12,37,0,2026-11-14,Syarikat Aminah,3,12
2026-07-12,MM0002,Milo 3in1,15 sticks,1,LN001215,8,2026-09-12,37,0,2026-11-14,Syarikat Aminah,3,12
2026-07-13,MM0002,Milo 3in1,15 sticks,1,LN001216,8,2026-09-12,37,0,2026-11-14,Syarikat Aminah,3,12
2026-07-15,MM0002,Milo 3in1,15 sticks,1,LN001217,8,2026-09-12,37,0,2026-11-14,Syarikat Aminah,3,12
2026-07-16,MM0002,Milo 3in1,15 sticks,1,LN001218,8,2026-09-12,37,0,2026-11-14,Syarikat Aminah,3,12
2026-07-17,MM0002,Milo 3in1,15 sticks,1,LN001219,8,2026-09-12,37,0,2026-11-14,Syarikat Aminah,3,12
2026-07-20,MM0002,Milo 3in1,15 sticks,2,LN001220,8,2026-09-12,37,0,2026-11-14,Syarikat Aminah,3,12
2026-07-21,MM0002,Milo 3in1,15 sticks,1,LN001221,8,2026-09-12,37,0,2026-11-14,Syarikat Aminah,3,12
2026-07-24,MM0002,Milo 3in1,15 sticks,1,LN001222,8,2026-09-12,37,0,2026-11-14,Syarikat Aminah,3,12
2026-07-28,MM0002,Milo 3in1,15 sticks,1,LN001223,8,2026-09-12,37,0,2026-11-14,Syarikat Aminah,3,12
2026-07-31,MM0002,Milo 3in1,15 sticks,1,LN001224,8,2026-09-12,37,0,2026-11-14,Syarikat Aminah,3,12
2026-08-03,MM0002,Milo 3in1,15 sticks,2,LN001225,8,2026-09-12,37,0,2026-11-14,Syarikat Aminah,3,12
2026-08-04,MM0002,Milo 3in1,15 sticks,2,LN001226,8,2026-09-12,37,0,2026-11-14,Syarikat Aminah,3,12
2026-08-05,MM0002,Milo 3in1,15 sticks,1,LN001227,8,2026-09-12,37,0,2026-11-14,Syarikat Aminah,3,12
2026-08-06,MM0002,Milo 3in1,15 sticks,1,LN001228,8,2026-09-12,37,0,2026-11-14,Syarikat Aminah,3,12
2026-08-11,MM0002,Milo 3in1,15 sticks,1,LN001229,8,2026-09-12,37,0,2026-11-14,Syarikat Aminah,3,12
2026-08-13,MM0002,Milo 3in1,15 sticks,1,LN001230,8,2026-09-12,37,0,2026-11-14,Syarikat Aminah,3,12
2026-08-18,MM0002,Milo 3in1,15 sticks,2,LN001231,8,2026-09-12,37,0,2026-11-14,Syarikat Aminah,3,12
2026-08-19,MM0002,Milo 3in1,15 sticks,1,LN001232,8,2026-09-12,37,0,2026-11-14,Syarikat Aminah,3,12
2026-08-22,MM0002,Milo 3in1,15 sticks,1,LN001233,8,2026-09-12,37,0,2026-11-14,Syarikat Aminah,3,12
2026-08-24,MM0002,Milo 3in1,15 sticks,3,LN001234,8,2026-09-12,37,0,2026-11-14,Syarikat Aminah,3,12
2026-08-26,MM0002,Milo 3in1,15 sticks,1,LN001235,8,2026-09-12,37,0,2026-11-14,Syarikat Aminah,3,12
2026-08-27,MM0002,Milo 3in1,15 sticks,1,LN001236,8,2026-09-12,37,0,2026-11-14,Syarikat Aminah,3,12
2026-08-29,MM0002,Milo 3in1,15 sticks,1,LN001237,8,2026-09-12,37,0,2026-11-14,Syarikat Aminah,3,12
2026-08-31,MM0002,Milo 3in1,15 sticks,2,LN001238,8,2026-09-12,37,0,2026-11-14,Syarikat Aminah,3,12
2026-09-01,MM0002,Milo 3in1,15 sticks,2,LN001239,8,2026-09-12,37,0,2026-11-14,Syarikat Aminah,3,12
2026-09-02,MM0002,Milo 3in1,15 sticks,1,LN001240,8,2026-09-12,37,0,2026-11-14,Syarikat Aminah,3,12
2026-09-03,MM0002,Milo 3in1,15 sticks,1,LN001241,8,2026-09-12,37,0,2026-11-14,Syarikat Aminah,3,12
2026-09-07,MM0002,Milo 3in1,15 sticks,3,LN001242,8,2026-09-12,37,0,2026-11-14,Syarikat Aminah,3,12
2026-09-08,MM0002,Milo 3in1,15 sticks,1,LN001243,8,2026-09-12,37,0,2026-11-14,Syarikat Aminah,3,12
2026-09-11,MM0002,Milo 3in1,15 sticks,1,LN001244,8,2026-09-12,37,0,2026-11-14,Syarikat Aminah,3,12
2026-09-12,MM0002,Milo 3in1,15 sticks,1,LN001245,8,2026-09-12,37,0,2026-11-14,Syarikat Aminah,3,12
2026-02-03,MM0003,Nescafe Original,20 sticks,1,LN001246,1,2026-09-12,1,0,,Kedai Borong Lim,5,24
2026-02-04,MM0003,Nescafe Original,20 sticks,1,LN001247,1,2026-09-12,1,0,,Kedai Borong Lim,5,24
2026-02-09,MM0003,Nescafe Original,20 sticks,1,LN001248,1,2026-09-12,1,0,,Kedai Borong Lim,5,24
2026-02-20,MM0003,Nescafe Original,20 sticks,1,LN001249,1,2026-09-12,1,0,,Kedai Borong Lim,5,24
2026-02-22,MM0003,Nescafe Original,20 sticks,1,LN001250,1,2026-09-12,1,0,,Kedai Borong Lim,5,24
2026-02-22,MM0003,Nescafe Original,20 sticks,1,LN001251,1,2026-09-12,1,0,,Kedai Borong Lim,5,24
2026-02-24,MM0003,Nescafe Original,20 sticks,1,LN001252,1,2026-09-12,1,0,,Kedai Borong Lim,5,24
2026-02-28,MM0003,Nescafe Original,20 sticks,1,LN001253,1,2026-09-12,1,0,,Kedai Borong Lim,5,24
2026-03-01,MM0003,Nescafe Original,20 sticks,1,LN001254,1,2026-09-12,1,0,,Kedai Borong Lim,5,24
2026-03-03,MM0003,Nescafe Original,20 sticks,1,LN001255,1,2026-09-12,1,0,,Kedai Borong Lim,5,24
2026-03-04,MM0003,Nescafe Original,20 sticks,1,LN001256,1,2026-09-12,1,0,,Kedai Borong Lim,5,24
2026-03-05,MM0003,Nescafe Original,20 sticks,1,LN001257,1,2026-09-12,1,0,,Kedai Borong Lim,5,24
2026-03-09,MM0003,Nescafe Original,20 sticks,1,LN001258,1,2026-09-12,1,0,,Kedai Borong Lim,5,24
2026-03-10,MM0003,Nescafe Original,20 sticks,1,LN001259,1,2026-09-12,1,0,,Kedai Borong Lim,5,24
2026-03-12,MM0003,Nescafe Original,20 sticks,1,LN001260,1,2026-09-12,1,0,,Kedai Borong Lim,5,24
2026-03-16,MM0003,Nescafe Original,20 sticks,1,LN001261,1,2026-09-12,1,0,,Kedai Borong Lim,5,24
2026-03-17,MM0003,Nescafe Original,20 sticks,1,LN001262,1,2026-09-12,1,0,,Kedai Borong Lim,5,24
2026-03-19,MM0003,Nescafe Original,20 sticks,1,LN001263,1,2026-09-12,1,0,,Kedai Borong Lim,5,24
2026-03-23,MM0003,Nescafe Original,20 sticks,2,LN001264,1,2026-09-12,1,0,,Kedai Borong Lim,5,24
2026-03-24,MM0003,Nescafe Original,20 sticks,1,LN001265,1,2026-09-12,1,0,,Kedai Borong Lim,5,24
2026-03-26,MM0003,Nescafe Original,20 sticks,1,LN001266,1,2026-09-12,1,0,,Kedai Borong Lim,5,24
2026-03-27,MM0003,Nescafe Original,20 sticks,1,LN001267,1,2026-09-12,1,0,,Kedai Borong Lim,5,24
2026-03-31,MM0003,Nescafe Original,20 sticks,1,LN001268,1,2026-09-12,1,0,,Kedai Borong Lim,5,24
2026-04-02,MM0003,Nescafe Original,20 sticks,1,LN001269,1,2026-09-12,1,0,,Kedai Borong Lim,5,24
2026-04-06,MM0003,Nescafe Original,20 sticks,1,LN001270,1,2026-09-12,1,0,,Kedai Borong Lim,5,24
2026-04-07,MM0003,Nescafe Original,20 sticks,1,LN001271,1,2026-09-12,1,0,,Kedai Borong Lim,5,24
2026-04-12,MM0003,Nescafe Original,20 sticks,1,LN001272,1,2026-09-12,1,0,,Kedai Borong Lim,5,24
2026-04-13,MM0003,Nescafe Original,20 sticks,1,LN001273,1,2026-09-12,1,0,,Kedai Borong Lim,5,24
2026-04-17,MM0003,Nescafe Original,20 sticks,1,LN001274,1,2026-09-12,1,0,,Kedai Borong Lim,5,24
2026-04-20,MM0003,Nescafe Original,20 sticks,1,LN001275,1,2026-09-12,1,0,,Kedai Borong Lim,5,24
2026-04-21,MM0003,Nescafe Original,20 sticks,1,LN001276,1,2026-09-12,1,0,,Kedai Borong Lim,5,24
2026-04-22,MM0003,Nescafe Original,20 sticks,1,LN001277,1,2026-09-12,1,0,,Kedai Borong Lim,5,24
2026-04-23,MM0003,Nescafe Original,20 sticks,1,LN001278,1,2026-09-12,1,0,,Kedai Borong Lim,5,24
2026-04-29,MM0003,Nescafe Original,20 sticks,1,LN001279,1,2026-09-12,1,0,,Kedai Borong Lim,5,24
2026-04-30,MM0003,Nescafe Original,20 sticks,1,LN001280,1,2026-09-12,1,0,,Kedai Borong Lim,5,24
2026-05-02,MM0003,Nescafe Original,20 sticks,1,LN001281,1,2026-09-12,1,0,,Kedai Borong Lim,5,24
2026-05-03,MM0003,Nescafe Original,20 sticks,1,LN001282,1,2026-09-12,1,0,,Kedai Borong Lim,5,24
2026-05-04,MM0003,Nescafe Original,20 sticks,1,LN001283,1,2026-09-12,1,0,,Kedai Borong Lim,5,24
2026-05-06,MM0003,Nescafe Original,20 sticks,1,LN001284,1,2026-09-12,1,0,,Kedai Borong Lim,5,24
2026-05-07,MM0003,Nescafe Original,20 sticks,1,LN001285,1,2026-09-12,1,0,,Kedai Borong Lim,5,24
2026-05-08,MM0003,Nescafe Original,20 sticks,1,LN001286,1,2026-09-12,1,0,,Kedai Borong Lim,5,24
2026-05-09,MM0003,Nescafe Original,20 sticks,1,LN001287,1,2026-09-12,1,0,,Kedai Borong Lim,5,24
2026-05-11,MM0003,Nescafe Original,20 sticks,1,LN001288,1,2026-09-12,1,0,,Kedai Borong Lim,5,24
2026-05-12,MM0003,Nescafe Original,20 sticks,1,LN001289,1,2026-09-12,1,0,,Kedai Borong Lim,5,24
2026-05-14,MM0003,Nescafe Original,20 sticks,1,LN001290,1,2026-09-12,1,0,,Kedai Borong Lim,5,24
2026-05-15,MM0003,Nescafe Original,20 sticks,1,LN001291,1,2026-09-12,1,0,,Kedai Borong Lim,5,24
2026-05-16,MM0003,Nescafe Original,20 sticks,1,LN001292,1,2026-09-12,1,0,,Kedai Borong Lim,5,24
2026-05-17,MM0003,Nescafe Original,20 sticks,1,LN001293,1,2026-09-12,1,0,,Kedai Borong Lim,5,24
2026-05-19,MM0003,Nescafe Original,20 sticks,1,LN001294,1,2026-09-12,1,0,,Kedai Borong Lim,5,24
2026-05-20,MM0003,Nescafe Original,20 sticks,1,LN001295,1,2026-09-12,1,0,,Kedai Borong Lim,5,24
2026-05-25,MM0003,Nescafe Original,20 sticks,2,LN001296,1,2026-09-12,1,0,,Kedai Borong Lim,5,24
2026-05-26,MM0003,Nescafe Original,20 sticks,1,LN001297,1,2026-09-12,1,0,,Kedai Borong Lim,5,24
2026-05-28,MM0003,Nescafe Original,20 sticks,1,LN001298,1,2026-09-12,1,0,,Kedai Borong Lim,5,24
2026-06-02,MM0003,Nescafe Original,20 sticks,2,LN001299,1,2026-09-12,1,0,,Kedai Borong Lim,5,24
2026-06-04,MM0003,Nescafe Original,20 sticks,1,LN001300,1,2026-09-12,1,0,,Kedai Borong Lim,5,24
2026-06-07,MM0003,Nescafe Original,20 sticks,1,LN001301,1,2026-09-12,1,0,,Kedai Borong Lim,5,24
2026-06-08,MM0003,Nescafe Original,20 sticks,1,LN001302,1,2026-09-12,1,0,,Kedai Borong Lim,5,24
2026-06-10,MM0003,Nescafe Original,20 sticks,1,LN001303,1,2026-09-12,1,0,,Kedai Borong Lim,5,24
2026-06-17,MM0003,Nescafe Original,20 sticks,1,LN001304,1,2026-09-12,1,0,,Kedai Borong Lim,5,24
2026-06-18,MM0003,Nescafe Original,20 sticks,1,LN001305,1,2026-09-12,1,0,,Kedai Borong Lim,5,24
2026-06-19,MM0003,Nescafe Original,20 sticks,1,LN001306,1,2026-09-12,1,0,,Kedai Borong Lim,5,24
2026-06-23,MM0003,Nescafe Original,20 sticks,1,LN001307,1,2026-09-12,1,0,,Kedai Borong Lim,5,24
2026-06-24,MM0003,Nescafe Original,20 sticks,1,LN001308,1,2026-09-12,1,0,,Kedai Borong Lim,5,24
2026-06-29,MM0003,Nescafe Original,20 sticks,2,LN001309,1,2026-09-12,1,0,,Kedai Borong Lim,5,24
2026-06-30,MM0003,Nescafe Original,20 sticks,1,LN001310,1,2026-09-12,1,0,,Kedai Borong Lim,5,24
2026-07-01,MM0003,Nescafe Original,20 sticks,1,LN001311,1,2026-09-12,1,0,,Kedai Borong Lim,5,24
2026-07-02,MM0003,Nescafe Original,20 sticks,1,LN001312,1,2026-09-12,1,0,,Kedai Borong Lim,5,24
2026-07-03,MM0003,Nescafe Original,20 sticks,1,LN001313,1,2026-09-12,1,0,,Kedai Borong Lim,5,24
2026-07-07,MM0003,Nescafe Original,20 sticks,1,LN001314,1,2026-09-12,1,0,,Kedai Borong Lim,5,24
2026-07-10,MM0003,Nescafe Original,20 sticks,1,LN001315,1,2026-09-12,1,0,,Kedai Borong Lim,5,24
2026-07-12,MM0003,Nescafe Original,20 sticks,1,LN001316,1,2026-09-12,1,0,,Kedai Borong Lim,5,24
2026-07-12,MM0003,Nescafe Original,20 sticks,1,LN001317,1,2026-09-12,1,0,,Kedai Borong Lim,5,24
2026-07-19,MM0003,Nescafe Original,20 sticks,1,LN001318,1,2026-09-12,1,0,,Kedai Borong Lim,5,24
2026-07-20,MM0003,Nescafe Original,20 sticks,2,LN001319,1,2026-09-12,1,0,,Kedai Borong Lim,5,24
2026-07-24,MM0003,Nescafe Original,20 sticks,1,LN001320,1,2026-09-12,1,0,,Kedai Borong Lim,5,24
2026-07-26,MM0003,Nescafe Original,20 sticks,1,LN001321,1,2026-09-12,1,0,,Kedai Borong Lim,5,24
2026-07-27,MM0003,Nescafe Original,20 sticks,2,LN001322,1,2026-09-12,1,0,,Kedai Borong Lim,5,24
2026-07-29,MM0003,Nescafe Original,20 sticks,1,LN001323,1,2026-09-12,1,0,,Kedai Borong Lim,5,24
2026-07-30,MM0003,Nescafe Original,20 sticks,1,LN001324,1,2026-09-12,1,0,,Kedai Borong Lim,5,24
2026-08-03,MM0003,Nescafe Original,20 sticks,1,LN001325,1,2026-09-12,1,0,,Kedai Borong Lim,5,24
2026-08-05,MM0003,Nescafe Original,20 sticks,2,LN001326,1,2026-09-12,1,0,,Kedai Borong Lim,5,24
2026-08-08,MM0003,Nescafe Original,20 sticks,1,LN001327,1,2026-09-12,1,0,,Kedai Borong Lim,5,24
2026-08-09,MM0003,Nescafe Original,20 sticks,1,LN001328,1,2026-09-12,1,0,,Kedai Borong Lim,5,24
2026-08-11,MM0003,Nescafe Original,20 sticks,2,LN001329,1,2026-09-12,1,0,,Kedai Borong Lim,5,24
2026-08-13,MM0003,Nescafe Original,20 sticks,1,LN001330,1,2026-09-12,1,0,,Kedai Borong Lim,5,24
2026-08-14,MM0003,Nescafe Original,20 sticks,1,LN001331,1,2026-09-12,1,0,,Kedai Borong Lim,5,24
2026-08-17,MM0003,Nescafe Original,20 sticks,1,LN001332,1,2026-09-12,1,0,,Kedai Borong Lim,5,24
2026-08-24,MM0003,Nescafe Original,20 sticks,2,LN001333,1,2026-09-12,1,0,,Kedai Borong Lim,5,24
2026-08-29,MM0003,Nescafe Original,20 sticks,1,LN001334,1,2026-09-12,1,0,,Kedai Borong Lim,5,24
2026-08-30,MM0003,Nescafe Original,20 sticks,1,LN001335,1,2026-09-12,1,0,,Kedai Borong Lim,5,24
2026-08-31,MM0003,Nescafe Original,20 sticks,2,LN001336,1,2026-09-12,1,0,,Kedai Borong Lim,5,24
2026-09-03,MM0003,Nescafe Original,20 sticks,1,LN001337,1,2026-09-12,1,0,,Kedai Borong Lim,5,24
2026-09-04,MM0003,Nescafe Original,20 sticks,1,LN001338,1,2026-09-12,1,0,,Kedai Borong Lim,5,24
2026-09-05,MM0003,Nescafe Original,20 sticks,1,LN001339,1,2026-09-12,1,0,,Kedai Borong Lim,5,24
2026-09-08,MM0003,Nescafe Original,20 sticks,2,LN001340,1,2026-09-12,1,0,,Kedai Borong Lim,5,24
2026-09-09,MM0003,Nescafe Original,20 sticks,1,LN001341,1,2026-09-12,1,0,,Kedai Borong Lim,5,24
2026-09-11,MM0003,Nescafe Original,20 sticks,1,LN001342,1,2026-09-12,1,0,,Kedai Borong Lim,5,24
2026-02-05,MM0004,Biskut Marie,300 g,0,LN001343,1,2026-09-12,4,1,2026-09-27,Kedai Borong Lim,5,24
2026-02-10,MM0004,Biskut Marie,300 g,2,LN001344,1,2026-09-12,4,1,2026-09-27,Kedai Borong Lim,5,24
2026-02-11,MM0004,Biskut Marie,300 g,1,LN001345,1,2026-09-12,4,1,2026-09-27,Kedai Borong Lim,5,24
2026-02-12,MM0004,Biskut Marie,300 g,1,LN001346,1,2026-09-12,4,1,2026-09-27,Kedai Borong Lim,5,24
2026-02-13,MM0004,Biskut Marie,300 g,1,LN001347,1,2026-09-12,4,1,2026-09-27,Kedai Borong Lim,5,24
2026-02-19,MM0004,Biskut Marie,300 g,0,LN001348,1,2026-09-12,4,1,2026-09-27,Kedai Borong Lim,5,24
2026-02-26,MM0004,Biskut Marie,300 g,0,LN001349,1,2026-09-12,4,1,2026-09-27,Kedai Borong Lim,5,24
2026-03-05,MM0004,Biskut Marie,300 g,0,LN001350,1,2026-09-12,4,1,2026-09-27,Kedai Borong Lim,5,24
2026-03-12,MM0004,Biskut Marie,300 g,0,LN001351,1,2026-09-12,4,1,2026-09-27,Kedai Borong Lim,5,24
2026-03-19,MM0004,Biskut Marie,300 g,0,LN001352,1,2026-09-12,4,1,2026-09-27,Kedai Borong Lim,5,24
2026-03-25,MM0004,Biskut Marie,300 g,1,LN001353,1,2026-09-12,4,1,2026-09-27,Kedai Borong Lim,5,24
2026-03-27,MM0004,Biskut Marie,300 g,1,LN001354,1,2026-09-12,4,1,2026-09-27,Kedai Borong Lim,5,24
2026-03-29,MM0004,Biskut Marie,300 g,1,LN001355,1,2026-09-12,4,1,2026-09-27,Kedai Borong Lim,5,24
2026-04-02,MM0004,Biskut Marie,300 g,0,LN001356,1,2026-09-12,4,1,2026-09-27,Kedai Borong Lim,5,24
2026-04-09,MM0004,Biskut Marie,300 g,0,LN001357,1,2026-09-12,4,1,2026-09-27,Kedai Borong Lim,5,24
2026-04-16,MM0004,Biskut Marie,300 g,0,LN001358,1,2026-09-12,4,1,2026-09-27,Kedai Borong Lim,5,24
2026-04-23,MM0004,Biskut Marie,300 g,0,LN001359,1,2026-09-12,4,1,2026-09-27,Kedai Borong Lim,5,24
2026-04-30,MM0004,Biskut Marie,300 g,0,LN001360,1,2026-09-12,4,1,2026-09-27,Kedai Borong Lim,5,24
2026-05-04,MM0004,Biskut Marie,300 g,1,LN001361,1,2026-09-12,4,1,2026-09-27,Kedai Borong Lim,5,24
2026-05-05,MM0004,Biskut Marie,300 g,2,LN001362,1,2026-09-12,4,1,2026-09-27,Kedai Borong Lim,5,24
2026-05-06,MM0004,Biskut Marie,300 g,1,LN001363,1,2026-09-12,4,1,2026-09-27,Kedai Borong Lim,5,24
2026-05-07,MM0004,Biskut Marie,300 g,1,LN001364,1,2026-09-12,4,1,2026-09-27,Kedai Borong Lim,5,24
2026-05-11,MM0004,Biskut Marie,300 g,1,LN001365,1,2026-09-12,4,1,2026-09-27,Kedai Borong Lim,5,24
2026-05-12,MM0004,Biskut Marie,300 g,1,LN001366,1,2026-09-12,4,1,2026-09-27,Kedai Borong Lim,5,24
2026-05-21,MM0004,Biskut Marie,300 g,0,LN001367,1,2026-09-12,4,1,2026-09-27,Kedai Borong Lim,5,24
2026-05-25,MM0004,Biskut Marie,300 g,1,LN001368,1,2026-09-12,4,1,2026-09-27,Kedai Borong Lim,5,24
2026-05-26,MM0004,Biskut Marie,300 g,1,LN001369,1,2026-09-12,4,1,2026-09-27,Kedai Borong Lim,5,24
2026-06-01,MM0004,Biskut Marie,300 g,2,LN001370,1,2026-09-12,4,1,2026-09-27,Kedai Borong Lim,5,24
2026-06-02,MM0004,Biskut Marie,300 g,1,LN001371,1,2026-09-12,4,1,2026-09-27,Kedai Borong Lim,5,24
2026-06-03,MM0004,Biskut Marie,300 g,1,LN001372,1,2026-09-12,4,1,2026-09-27,Kedai Borong Lim,5,24
2026-06-08,MM0004,Biskut Marie,300 g,1,LN001373,1,2026-09-12,4,1,2026-09-27,Kedai Borong Lim,5,24
2026-06-09,MM0004,Biskut Marie,300 g,1,LN001374,1,2026-09-12,4,1,2026-09-27,Kedai Borong Lim,5,24
2026-06-13,MM0004,Biskut Marie,300 g,1,LN001375,1,2026-09-12,4,1,2026-09-27,Kedai Borong Lim,5,24
2026-06-14,MM0004,Biskut Marie,300 g,1,LN001376,1,2026-09-12,4,1,2026-09-27,Kedai Borong Lim,5,24
2026-06-19,MM0004,Biskut Marie,300 g,1,LN001377,1,2026-09-12,4,1,2026-09-27,Kedai Borong Lim,5,24
2026-06-20,MM0004,Biskut Marie,300 g,1,LN001378,1,2026-09-12,4,1,2026-09-27,Kedai Borong Lim,5,24
2026-06-21,MM0004,Biskut Marie,300 g,1,LN001379,1,2026-09-12,4,1,2026-09-27,Kedai Borong Lim,5,24
2026-06-25,MM0004,Biskut Marie,300 g,0,LN001380,1,2026-09-12,4,1,2026-09-27,Kedai Borong Lim,5,24
2026-06-29,MM0004,Biskut Marie,300 g,2,LN001381,1,2026-09-12,4,1,2026-09-27,Kedai Borong Lim,5,24
2026-06-30,MM0004,Biskut Marie,300 g,1,LN001382,1,2026-09-12,4,1,2026-09-27,Kedai Borong Lim,5,24
2026-07-03,MM0004,Biskut Marie,300 g,1,LN001383,1,2026-09-12,4,1,2026-09-27,Kedai Borong Lim,5,24
2026-07-05,MM0004,Biskut Marie,300 g,1,LN001384,1,2026-09-12,4,1,2026-09-27,Kedai Borong Lim,5,24
2026-07-06,MM0004,Biskut Marie,300 g,1,LN001385,1,2026-09-12,4,1,2026-09-27,Kedai Borong Lim,5,24
2026-07-08,MM0004,Biskut Marie,300 g,1,LN001386,1,2026-09-12,4,1,2026-09-27,Kedai Borong Lim,5,24
2026-07-14,MM0004,Biskut Marie,300 g,2,LN001387,1,2026-09-12,4,1,2026-09-27,Kedai Borong Lim,5,24
2026-07-16,MM0004,Biskut Marie,300 g,1,LN001388,1,2026-09-12,4,1,2026-09-27,Kedai Borong Lim,5,24
2026-07-19,MM0004,Biskut Marie,300 g,1,LN001389,1,2026-09-12,4,1,2026-09-27,Kedai Borong Lim,5,24
2026-07-20,MM0004,Biskut Marie,300 g,1,LN001390,1,2026-09-12,4,1,2026-09-27,Kedai Borong Lim,5,24
2026-07-22,MM0004,Biskut Marie,300 g,1,LN001391,1,2026-09-12,4,1,2026-09-27,Kedai Borong Lim,5,24
2026-07-25,MM0004,Biskut Marie,300 g,1,LN001392,1,2026-09-12,4,1,2026-09-27,Kedai Borong Lim,5,24
2026-07-30,MM0004,Biskut Marie,300 g,0,LN001393,1,2026-09-12,4,1,2026-09-27,Kedai Borong Lim,5,24
2026-08-06,MM0004,Biskut Marie,300 g,0,LN001394,1,2026-09-12,4,1,2026-09-27,Kedai Borong Lim,5,24
2026-08-10,MM0004,Biskut Marie,300 g,1,LN001395,1,2026-09-12,4,1,2026-09-27,Kedai Borong Lim,5,24
2026-08-11,MM0004,Biskut Marie,300 g,1,LN001396,1,2026-09-12,4,1,2026-09-27,Kedai Borong Lim,5,24
2026-08-12,MM0004,Biskut Marie,300 g,1,LN001397,1,2026-09-12,4,1,2026-09-27,Kedai Borong Lim,5,24
2026-08-20,MM0004,Biskut Marie,300 g,0,LN001398,1,2026-09-12,4,1,2026-09-27,Kedai Borong Lim,5,24
2026-08-27,MM0004,Biskut Marie,300 g,0,LN001399,1,2026-09-12,4,1,2026-09-27,Kedai Borong Lim,5,24
2026-08-31,MM0004,Biskut Marie,300 g,1,LN001400,1,2026-09-12,4,1,2026-09-27,Kedai Borong Lim,5,24
2026-09-03,MM0004,Biskut Marie,300 g,1,LN001401,1,2026-09-12,4,1,2026-09-27,Kedai Borong Lim,5,24
2026-09-10,MM0004,Biskut Marie,300 g,0,LN001402,1,2026-09-12,4,1,2026-09-27,Kedai Borong Lim,5,24
2026-02-03,MM0005,Sardin Ayam Brand,425 g,2,LN001403,5,2026-09-10,8,0,2026-12-14,Pembekal Segar,7,24
2026-02-07,MM0005,Sardin Ayam Brand,425 g,1,LN001404,5,2026-09-10,8,0,2026-12-14,Pembekal Segar,7,24
2026-02-08,MM0005,Sardin Ayam Brand,425 g,1,LN001405,5,2026-09-10,8,0,2026-12-14,Pembekal Segar,7,24
2026-02-08,MM0005,Sardin Ayam Brand,425 g,1,LN001406,5,2026-09-10,8,0,2026-12-14,Pembekal Segar,7,24
2026-02-09,MM0005,Sardin Ayam Brand,425 g,1,LN001407,5,2026-09-10,8,0,2026-12-14,Pembekal Segar,7,24
2026-02-10,MM0005,Sardin Ayam Brand,425 g,1,LN001408,5,2026-09-10,8,0,2026-12-14,Pembekal Segar,7,24
2026-02-11,MM0005,Sardin Ayam Brand,425 g,1,LN001409,5,2026-09-10,8,0,2026-12-14,Pembekal Segar,7,24
2026-02-18,MM0005,Sardin Ayam Brand,425 g,1,LN001410,5,2026-09-10,8,0,2026-12-14,Pembekal Segar,7,24
2026-02-19,MM0005,Sardin Ayam Brand,425 g,1,LN001411,5,2026-09-10,8,0,2026-12-14,Pembekal Segar,7,24
2026-02-20,MM0005,Sardin Ayam Brand,425 g,1,LN001412,5,2026-09-10,8,0,2026-12-14,Pembekal Segar,7,24
2026-02-22,MM0005,Sardin Ayam Brand,425 g,1,LN001413,5,2026-09-10,8,0,2026-12-14,Pembekal Segar,7,24
2026-02-24,MM0005,Sardin Ayam Brand,425 g,1,LN001414,5,2026-09-10,8,0,2026-12-14,Pembekal Segar,7,24
2026-02-26,MM0005,Sardin Ayam Brand,425 g,1,LN001415,5,2026-09-10,8,0,2026-12-14,Pembekal Segar,7,24
2026-03-03,MM0005,Sardin Ayam Brand,425 g,2,LN001416,5,2026-09-10,8,0,2026-12-14,Pembekal Segar,7,24
2026-03-06,MM0005,Sardin Ayam Brand,425 g,1,LN001417,5,2026-09-10,8,0,2026-12-14,Pembekal Segar,7,24
2026-03-08,MM0005,Sardin Ayam Brand,425 g,1,LN001418,5,2026-09-10,8,0,2026-12-14,Pembekal Segar,7,24
2026-03-08,MM0005,Sardin Ayam Brand,425 g,1,LN001419,5,2026-09-10,8,0,2026-12-14,Pembekal Segar,7,24
2026-03-12,MM0005,Sardin Ayam Brand,425 g,1,LN001420,5,2026-09-10,8,0,2026-12-14,Pembekal Segar,7,24
2026-03-13,MM0005,Sardin Ayam Brand,425 g,1,LN001421,5,2026-09-10,8,0,2026-12-14,Pembekal Segar,7,24
2026-03-14,MM0005,Sardin Ayam Brand,425 g,1,LN001422,5,2026-09-10,8,0,2026-12-14,Pembekal Segar,7,24
2026-03-15,MM0005,Sardin Ayam Brand,425 g,1,LN001423,5,2026-09-10,8,0,2026-12-14,Pembekal Segar,7,24
2026-03-17,MM0005,Sardin Ayam Brand,425 g,1,LN001424,5,2026-09-10,8,0,2026-12-14,Pembekal Segar,7,24
2026-03-18,MM0005,Sardin Ayam Brand,425 g,1,LN001425,5,2026-09-10,8,0,2026-12-14,Pembekal Segar,7,24
2026-03-19,MM0005,Sardin Ayam Brand,425 g,1,LN001426,5,2026-09-10,8,0,2026-12-14,Pembekal Segar,7,24
2026-03-20,MM0005,Sardin Ayam Brand,425 g,1,LN001427,5,2026-09-10,8,0,2026-12-14,Pembekal Segar,7,24
2026-03-23,MM0005,Sardin Ayam Brand,425 g,2,LN001428,5,2026-09-10,8,0,2026-12-14,Pembekal Segar,7,24
2026-03-24,MM0005,Sardin Ayam Brand,425 g,1,LN001429,5,2026-09-10,8,0,2026-12-14,Pembekal Segar,7,24
2026-03-25,MM0005,Sardin Ayam Brand,425 g,1,LN001430,5,2026-09-10,8,0,2026-12-14,Pembekal Segar,7,24
2026-04-01,MM0005,Sardin Ayam Brand,425 g,1,LN001431,5,2026-09-10,8,0,2026-12-14,Pembekal Segar,7,24
2026-04-02,MM0005,Sardin Ayam Brand,425 g,1,LN001432,5,2026-09-10,8,0,2026-12-14,Pembekal Segar,7,24
2026-04-06,MM0005,Sardin Ayam Brand,425 g,1,LN001433,5,2026-09-10,8,0,2026-12-14,Pembekal Segar,7,24
2026-04-11,MM0005,Sardin Ayam Brand,425 g,1,LN001434,5,2026-09-10,8,0,2026-12-14,Pembekal Segar,7,24
2026-04-12,MM0005,Sardin Ayam Brand,425 g,1,LN001435,5,2026-09-10,8,0,2026-12-14,Pembekal Segar,7,24
2026-04-13,MM0005,Sardin Ayam Brand,425 g,2,LN001436,5,2026-09-10,8,0,2026-12-14,Pembekal Segar,7,24
2026-04-16,MM0005,Sardin Ayam Brand,425 g,1,LN001437,5,2026-09-10,8,0,2026-12-14,Pembekal Segar,7,24
2026-04-17,MM0005,Sardin Ayam Brand,425 g,1,LN001438,5,2026-09-10,8,0,2026-12-14,Pembekal Segar,7,24
2026-04-20,MM0005,Sardin Ayam Brand,425 g,1,LN001439,5,2026-09-10,8,0,2026-12-14,Pembekal Segar,7,24
2026-04-22,MM0005,Sardin Ayam Brand,425 g,1,LN001440,5,2026-09-10,8,0,2026-12-14,Pembekal Segar,7,24
2026-04-23,MM0005,Sardin Ayam Brand,425 g,1,LN001441,5,2026-09-10,8,0,2026-12-14,Pembekal Segar,7,24
2026-04-28,MM0005,Sardin Ayam Brand,425 g,1,LN001442,5,2026-09-10,8,0,2026-12-14,Pembekal Segar,7,24
2026-04-29,MM0005,Sardin Ayam Brand,425 g,1,LN001443,5,2026-09-10,8,0,2026-12-14,Pembekal Segar,7,24
2026-04-30,MM0005,Sardin Ayam Brand,425 g,1,LN001444,5,2026-09-10,8,0,2026-12-14,Pembekal Segar,7,24
2026-05-01,MM0005,Sardin Ayam Brand,425 g,1,LN001445,5,2026-09-10,8,0,2026-12-14,Pembekal Segar,7,24
2026-05-04,MM0005,Sardin Ayam Brand,425 g,1,LN001446,5,2026-09-10,8,0,2026-12-14,Pembekal Segar,7,24
2026-05-07,MM0005,Sardin Ayam Brand,425 g,1,LN001447,5,2026-09-10,8,0,2026-12-14,Pembekal Segar,7,24
2026-05-11,MM0005,Sardin Ayam Brand,425 g,1,LN001448,5,2026-09-10,8,0,2026-12-14,Pembekal Segar,7,24
2026-05-12,MM0005,Sardin Ayam Brand,425 g,1,LN001449,5,2026-09-10,8,0,2026-12-14,Pembekal Segar,7,24
2026-05-13,MM0005,Sardin Ayam Brand,425 g,1,LN001450,5,2026-09-10,8,0,2026-12-14,Pembekal Segar,7,24
2026-05-14,MM0005,Sardin Ayam Brand,425 g,1,LN001451,5,2026-09-10,8,0,2026-12-14,Pembekal Segar,7,24
2026-05-19,MM0005,Sardin Ayam Brand,425 g,1,LN001452,5,2026-09-10,8,0,2026-12-14,Pembekal Segar,7,24
2026-05-21,MM0005,Sardin Ayam Brand,425 g,1,LN001453,5,2026-09-10,8,0,2026-12-14,Pembekal Segar,7,24
2026-05-22,MM0005,Sardin Ayam Brand,425 g,1,LN001454,5,2026-09-10,8,0,2026-12-14,Pembekal Segar,7,24
2026-05-25,MM0005,Sardin Ayam Brand,425 g,1,LN001455,5,2026-09-10,8,0,2026-12-14,Pembekal Segar,7,24
2026-05-27,MM0005,Sardin Ayam Brand,425 g,1,LN001456,5,2026-09-10,8,0,2026-12-14,Pembekal Segar,7,24
2026-06-02,MM0005,Sardin Ayam Brand,425 g,1,LN001457,5,2026-09-10,8,0,2026-12-14,Pembekal Segar,7,24
2026-06-03,MM0005,Sardin Ayam Brand,425 g,1,LN001458,5,2026-09-10,8,0,2026-12-14,Pembekal Segar,7,24
2026-06-06,MM0005,Sardin Ayam Brand,425 g,1,LN001459,5,2026-09-10,8,0,2026-12-14,Pembekal Segar,7,24
2026-06-08,MM0005,Sardin Ayam Brand,425 g,1,LN001460,5,2026-09-10,8,0,2026-12-14,Pembekal Segar,7,24
2026-06-15,MM0005,Sardin Ayam Brand,425 g,2,LN001461,5,2026-09-10,8,0,2026-12-14,Pembekal Segar,7,24
2026-06-16,MM0005,Sardin Ayam Brand,425 g,1,LN001462,5,2026-09-10,8,0,2026-12-14,Pembekal Segar,7,24
2026-06-19,MM0005,Sardin Ayam Brand,425 g,1,LN001463,5,2026-09-10,8,0,2026-12-14,Pembekal Segar,7,24
2026-06-22,MM0005,Sardin Ayam Brand,425 g,2,LN001464,5,2026-09-10,8,0,2026-12-14,Pembekal Segar,7,24
2026-06-24,MM0005,Sardin Ayam Brand,425 g,1,LN001465,5,2026-09-10,8,0,2026-12-14,Pembekal Segar,7,24
2026-06-25,MM0005,Sardin Ayam Brand,425 g,1,LN001466,5,2026-09-10,8,0,2026-12-14,Pembekal Segar,7,24
2026-06-26,MM0005,Sardin Ayam Brand,425 g,1,LN001467,5,2026-09-10,8,0,2026-12-14,Pembekal Segar,7,24
2026-07-03,MM0005,Sardin Ayam Brand,425 g,1,LN001468,5,2026-09-10,8,0,2026-12-14,Pembekal Segar,7,24
2026-07-05,MM0005,Sardin Ayam Brand,425 g,1,LN001469,5,2026-09-10,8,0,2026-12-14,Pembekal Segar,7,24
2026-07-05,MM0005,Sardin Ayam Brand,425 g,1,LN001470,5,2026-09-10,8,0,2026-12-14,Pembekal Segar,7,24
2026-07-06,MM0005,Sardin Ayam Brand,425 g,1,LN001471,5,2026-09-10,8,0,2026-12-14,Pembekal Segar,7,24
2026-07-10,MM0005,Sardin Ayam Brand,425 g,1,LN001472,5,2026-09-10,8,0,2026-12-14,Pembekal Segar,7,24
2026-07-15,MM0005,Sardin Ayam Brand,425 g,1,LN001473,5,2026-09-10,8,0,2026-12-14,Pembekal Segar,7,24
2026-07-16,MM0005,Sardin Ayam Brand,425 g,1,LN001474,5,2026-09-10,8,0,2026-12-14,Pembekal Segar,7,24
2026-08-10,MM0005,Sardin Ayam Brand,425 g,1,LN001475,5,2026-09-10,8,0,2026-12-14,Pembekal Segar,7,24
2026-08-11,MM0005,Sardin Ayam Brand,425 g,1,LN001476,5,2026-09-10,8,0,2026-12-14,Pembekal Segar,7,24
2026-08-12,MM0005,Sardin Ayam Brand,425 g,1,LN001477,5,2026-09-10,8,0,2026-12-14,Pembekal Segar,7,24
2026-08-17,MM0005,Sardin Ayam Brand,425 g,1,LN001478,5,2026-09-10,8,0,2026-12-14,Pembekal Segar,7,24
2026-08-25,MM0005,Sardin Ayam Brand,425 g,1,LN001479,5,2026-09-10,8,0,2026-12-14,Pembekal Segar,7,24
2026-08-27,MM0005,Sardin Ayam Brand,425 g,1,LN001480,5,2026-09-10,8,0,2026-12-14,Pembekal Segar,7,24
2026-08-30,MM0005,Sardin Ayam Brand,425 g,1,LN001481,5,2026-09-10,8,0,2026-12-14,Pembekal Segar,7,24
2026-08-30,MM0005,Sardin Ayam Brand,425 g,1,LN001482,5,2026-09-10,8,0,2026-12-14,Pembekal Segar,7,24
2026-09-01,MM0005,Sardin Ayam Brand,425 g,1,LN001483,5,2026-09-10,8,0,2026-12-14,Pembekal Segar,7,24
2026-09-02,MM0005,Sardin Ayam Brand,425 g,1,LN001484,5,2026-09-10,8,0,2026-12-14,Pembekal Segar,7,24
2026-09-03,MM0005,Sardin Ayam Brand,425 g,1,LN001485,5,2026-09-10,8,0,2026-12-14,Pembekal Segar,7,24
2026-09-04,MM0005,Sardin Ayam Brand,425 g,1,LN001486,5,2026-09-10,8,0,2026-12-14,Pembekal Segar,7,24
2026-09-08,MM0005,Sardin Ayam Brand,425 g,1,LN001487,5,2026-09-10,8,0,2026-12-14,Pembekal Segar,7,24
2026-09-09,MM0005,Sardin Ayam Brand,425 g,1,LN001488,5,2026-09-10,8,0,2026-12-14,Pembekal Segar,7,24
2026-09-10,MM0005,Sardin Ayam Brand,425 g,1,LN001489,5,2026-09-10,8,0,2026-12-14,Pembekal Segar,7,24
2026-02-02,MM0006,Sos Cili Kilang,340 g,1,LN001490,4,2026-09-11,7,0,,Pembekal Segar,7,12
2026-02-04,MM0006,Sos Cili Kilang,340 g,1,LN001491,4,2026-09-11,7,0,,Pembekal Segar,7,12
2026-02-11,MM0006,Sos Cili Kilang,340 g,1,LN001492,4,2026-09-11,7,0,,Pembekal Segar,7,12
2026-02-14,MM0006,Sos Cili Kilang,340 g,1,LN001493,4,2026-09-11,7,0,,Pembekal Segar,7,12
2026-02-15,MM0006,Sos Cili Kilang,340 g,1,LN001494,4,2026-09-11,7,0,,Pembekal Segar,7,12
2026-02-16,MM0006,Sos Cili Kilang,340 g,1,LN001495,4,2026-09-11,7,0,,Pembekal Segar,7,12
2026-02-17,MM0006,Sos Cili Kilang,340 g,1,LN001496,4,2026-09-11,7,0,,Pembekal Segar,7,12
2026-02-23,MM0006,Sos Cili Kilang,340 g,1,LN001497,4,2026-09-11,7,0,,Pembekal Segar,7,12
2026-02-25,MM0006,Sos Cili Kilang,340 g,1,LN001498,4,2026-09-11,7,0,,Pembekal Segar,7,12
2026-03-02,MM0006,Sos Cili Kilang,340 g,1,LN001499,4,2026-09-11,7,0,,Pembekal Segar,7,12
2026-03-03,MM0006,Sos Cili Kilang,340 g,1,LN001500,4,2026-09-11,7,0,,Pembekal Segar,7,12
2026-03-04,MM0006,Sos Cili Kilang,340 g,1,LN001501,4,2026-09-11,7,0,,Pembekal Segar,7,12
2026-03-12,MM0006,Sos Cili Kilang,340 g,1,LN001502,4,2026-09-11,7,0,,Pembekal Segar,7,12
2026-03-15,MM0006,Sos Cili Kilang,340 g,1,LN001503,4,2026-09-11,7,0,,Pembekal Segar,7,12
2026-03-15,MM0006,Sos Cili Kilang,340 g,1,LN001504,4,2026-09-11,7,0,,Pembekal Segar,7,12
2026-03-16,MM0006,Sos Cili Kilang,340 g,1,LN001505,4,2026-09-11,7,0,,Pembekal Segar,7,12
2026-03-24,MM0006,Sos Cili Kilang,340 g,2,LN001506,4,2026-09-11,7,0,,Pembekal Segar,7,12
2026-03-26,MM0006,Sos Cili Kilang,340 g,1,LN001507,4,2026-09-11,7,0,,Pembekal Segar,7,12
2026-03-28,MM0006,Sos Cili Kilang,340 g,1,LN001508,4,2026-09-11,7,0,,Pembekal Segar,7,12
2026-04-01,MM0006,Sos Cili Kilang,340 g,1,LN001509,4,2026-09-11,7,0,,Pembekal Segar,7,12
2026-04-03,MM0006,Sos Cili Kilang,340 g,1,LN001510,4,2026-09-11,7,0,,Pembekal Segar,7,12
2026-04-06,MM0006,Sos Cili Kilang,340 g,1,LN001511,4,2026-09-11,7,0,,Pembekal Segar,7,12
2026-04-07,MM0006,Sos Cili Kilang,340 g,1,LN001512,4,2026-09-11,7,0,,Pembekal Segar,7,12
2026-04-08,MM0006,Sos Cili Kilang,340 g,1,LN001513,4,2026-09-11,7,0,,Pembekal Segar,7,12
2026-04-15,MM0006,Sos Cili Kilang,340 g,1,LN001514,4,2026-09-11,7,0,,Pembekal Segar,7,12
2026-04-19,MM0006,Sos Cili Kilang,340 g,1,LN001515,4,2026-09-11,7,0,,Pembekal Segar,7,12
2026-04-21,MM0006,Sos Cili Kilang,340 g,1,LN001516,4,2026-09-11,7,0,,Pembekal Segar,7,12
2026-04-27,MM0006,Sos Cili Kilang,340 g,2,LN001517,4,2026-09-11,7,0,,Pembekal Segar,7,12
2026-04-29,MM0006,Sos Cili Kilang,340 g,1,LN001518,4,2026-09-11,7,0,,Pembekal Segar,7,12
2026-05-02,MM0006,Sos Cili Kilang,340 g,1,LN001519,4,2026-09-11,7,0,,Pembekal Segar,7,12
2026-05-04,MM0006,Sos Cili Kilang,340 g,1,LN001520,4,2026-09-11,7,0,,Pembekal Segar,7,12
2026-05-05,MM0006,Sos Cili Kilang,340 g,1,LN001521,4,2026-09-11,7,0,,Pembekal Segar,7,12
2026-05-11,MM0006,Sos Cili Kilang,340 g,1,LN001522,4,2026-09-11,7,0,,Pembekal Segar,7,12
2026-05-13,MM0006,Sos Cili Kilang,340 g,1,LN001523,4,2026-09-11,7,0,,Pembekal Segar,7,12
2026-05-14,MM0006,Sos Cili Kilang,340 g,1,LN001524,4,2026-09-11,7,0,,Pembekal Segar,7,12
2026-05-20,MM0006,Sos Cili Kilang,340 g,1,LN001525,4,2026-09-11,7,0,,Pembekal Segar,7,12
2026-05-25,MM0006,Sos Cili Kilang,340 g,1,LN001526,4,2026-09-11,7,0,,Pembekal Segar,7,12
2026-05-26,MM0006,Sos Cili Kilang,340 g,1,LN001527,4,2026-09-11,7,0,,Pembekal Segar,7,12
2026-05-27,MM0006,Sos Cili Kilang,340 g,1,LN001528,4,2026-09-11,7,0,,Pembekal Segar,7,12
2026-06-01,MM0006,Sos Cili Kilang,340 g,1,LN001529,4,2026-09-11,7,0,,Pembekal Segar,7,12
2026-06-08,MM0006,Sos Cili Kilang,340 g,1,LN001530,4,2026-09-11,7,0,,Pembekal Segar,7,12
2026-06-09,MM0006,Sos Cili Kilang,340 g,1,LN001531,4,2026-09-11,7,0,,Pembekal Segar,7,12
2026-06-11,MM0006,Sos Cili Kilang,340 g,1,LN001532,4,2026-09-11,7,0,,Pembekal Segar,7,12
2026-06-12,MM0006,Sos Cili Kilang,340 g,1,LN001533,4,2026-09-11,7,0,,Pembekal Segar,7,12
2026-06-14,MM0006,Sos Cili Kilang,340 g,1,LN001534,4,2026-09-11,7,0,,Pembekal Segar,7,12
2026-06-16,MM0006,Sos Cili Kilang,340 g,1,LN001535,4,2026-09-11,7,0,,Pembekal Segar,7,12
2026-06-17,MM0006,Sos Cili Kilang,340 g,1,LN001536,4,2026-09-11,7,0,,Pembekal Segar,7,12
2026-06-18,MM0006,Sos Cili Kilang,340 g,1,LN001537,4,2026-09-11,7,0,,Pembekal Segar,7,12
2026-06-22,MM0006,Sos Cili Kilang,340 g,1,LN001538,4,2026-09-11,7,0,,Pembekal Segar,7,12
2026-06-30,MM0006,Sos Cili Kilang,340 g,2,LN001539,4,2026-09-11,7,0,,Pembekal Segar,7,12
2026-07-01,MM0006,Sos Cili Kilang,340 g,1,LN001540,4,2026-09-11,7,0,,Pembekal Segar,7,12
2026-07-02,MM0006,Sos Cili Kilang,340 g,1,LN001541,4,2026-09-11,7,0,,Pembekal Segar,7,12
2026-07-07,MM0006,Sos Cili Kilang,340 g,2,LN001542,4,2026-09-11,7,0,,Pembekal Segar,7,12
2026-07-09,MM0006,Sos Cili Kilang,340 g,1,LN001543,4,2026-09-11,7,0,,Pembekal Segar,7,12
2026-07-10,MM0006,Sos Cili Kilang,340 g,1,LN001544,4,2026-09-11,7,0,,Pembekal Segar,7,12
2026-07-12,MM0006,Sos Cili Kilang,340 g,1,LN001545,4,2026-09-11,7,0,,Pembekal Segar,7,12
2026-07-13,MM0006,Sos Cili Kilang,340 g,2,LN001546,4,2026-09-11,7,0,,Pembekal Segar,7,12
2026-07-14,MM0006,Sos Cili Kilang,340 g,1,LN001547,4,2026-09-11,7,0,,Pembekal Segar,7,12
2026-07-17,MM0006,Sos Cili Kilang,340 g,1,LN001548,4,2026-09-11,7,0,,Pembekal Segar,7,12
2026-08-31,MM0006,Sos Cili Kilang,340 g,2,LN001549,4,2026-09-11,7,0,,Pembekal Segar,7,12
2026-09-04,MM0006,Sos Cili Kilang,340 g,1,LN001550,4,2026-09-11,7,0,,Pembekal Segar,7,12
2026-09-05,MM0006,Sos Cili Kilang,340 g,1,LN001551,4,2026-09-11,7,0,,Pembekal Segar,7,12
2026-09-08,MM0006,Sos Cili Kilang,340 g,1,LN001552,4,2026-09-11,7,0,,Pembekal Segar,7,12
2026-09-11,MM0006,Sos Cili Kilang,340 g,1,LN001553,4,2026-09-11,7,0,,Pembekal Segar,7,12
2026-02-02,MM0007,Roti Gardenia,400 g,2,LN001554,11,2026-09-05,16,2,2026-09-24,Roti Harian,1,10
2026-02-04,MM0007,Roti Gardenia,400 g,2,LN001555,11,2026-09-05,16,2,2026-09-24,Roti Harian,1,10
2026-02-06,MM0007,Roti Gardenia,400 g,1,LN001556,11,2026-09-05,16,2,2026-09-24,Roti Harian,1,10
2026-02-08,MM0007,Roti Gardenia,400 g,1,LN001557,11,2026-09-05,16,2,2026-09-24,Roti Harian,1,10
2026-02-08,MM0007,Roti Gardenia,400 g,1,LN001558,11,2026-09-05,16,2,2026-09-24,Roti Harian,1,10
2026-02-09,MM0007,Roti Gardenia,400 g,2,LN001559,11,2026-09-05,16,2,2026-09-24,Roti Harian,1,10
2026-02-10,MM0007,Roti Gardenia,400 g,1,LN001560,11,2026-09-05,16,2,2026-09-24,Roti Harian,1,10
2026-02-13,MM0007,Roti Gardenia,400 g,1,LN001561,11,2026-09-05,16,2,2026-09-24,Roti Harian,1,10
2026-02-14,MM0007,Roti Gardenia,400 g,1,LN001562,11,2026-09-05,16,2,2026-09-24,Roti Harian,1,10
2026-02-16,MM0007,Roti Gardenia,400 g,3,LN001563,11,2026-09-05,16,2,2026-09-24,Roti Harian,1,10
2026-02-18,MM0007,Roti Gardenia,400 g,1,LN001564,11,2026-09-05,16,2,2026-09-24,Roti Harian,1,10
2026-02-21,MM0007,Roti Gardenia,400 g,1,LN001565,11,2026-09-05,16,2,2026-09-24,Roti Harian,1,10
2026-02-22,MM0007,Roti Gardenia,400 g,1,LN001566,11,2026-09-05,16,2,2026-09-24,Roti Harian,1,10
2026-02-22,MM0007,Roti Gardenia,400 g,3,LN001567,11,2026-09-05,16,2,2026-09-24,Roti Harian,1,10
2026-02-23,MM0007,Roti Gardenia,400 g,3,LN001568,11,2026-09-05,16,2,2026-09-24,Roti Harian,1,10
2026-02-27,MM0007,Roti Gardenia,400 g,2,LN001569,11,2026-09-05,16,2,2026-09-24,Roti Harian,1,10
2026-03-01,MM0007,Roti Gardenia,400 g,1,LN001570,11,2026-09-05,16,2,2026-09-24,Roti Harian,1,10
2026-03-01,MM0007,Roti Gardenia,400 g,2,LN001571,11,2026-09-05,16,2,2026-09-24,Roti Harian,1,10
2026-03-02,MM0007,Roti Gardenia,400 g,3,LN001572,11,2026-09-05,16,2,2026-09-24,Roti Harian,1,10
2026-03-03,MM0007,Roti Gardenia,400 g,3,LN001573,11,2026-09-05,16,2,2026-09-24,Roti Harian,1,10
2026-03-04,MM0007,Roti Gardenia,400 g,1,LN001574,11,2026-09-05,16,2,2026-09-24,Roti Harian,1,10
2026-03-05,MM0007,Roti Gardenia,400 g,2,LN001575,11,2026-09-05,16,2,2026-09-24,Roti Harian,1,10
2026-03-06,MM0007,Roti Gardenia,400 g,1,LN001576,11,2026-09-05,16,2,2026-09-24,Roti Harian,1,10
2026-03-08,MM0007,Roti Gardenia,400 g,1,LN001577,11,2026-09-05,16,2,2026-09-24,Roti Harian,1,10
2026-03-09,MM0007,Roti Gardenia,400 g,3,LN001578,11,2026-09-05,16,2,2026-09-24,Roti Harian,1,10
2026-03-10,MM0007,Roti Gardenia,400 g,2,LN001579,11,2026-09-05,16,2,2026-09-24,Roti Harian,1,10
2026-03-12,MM0007,Roti Gardenia,400 g,1,LN001580,11,2026-09-05,16,2,2026-09-24,Roti Harian,1,10
2026-03-13,MM0007,Roti Gardenia,400 g,1,LN001581,11,2026-09-05,16,2,2026-09-24,Roti Harian,1,10
2026-03-14,MM0007,Roti Gardenia,400 g,1,LN001582,11,2026-09-05,16,2,2026-09-24,Roti Harian,1,10
2026-03-17,MM0007,Roti Gardenia,400 g,2,LN001583,11,2026-09-05,16,2,2026-09-24,Roti Harian,1,10
2026-03-18,MM0007,Roti Gardenia,400 g,1,LN001584,11,2026-09-05,16,2,2026-09-24,Roti Harian,1,10
2026-03-20,MM0007,Roti Gardenia,400 g,1,LN001585,11,2026-09-05,16,2,2026-09-24,Roti Harian,1,10
2026-03-21,MM0007,Roti Gardenia,400 g,1,LN001586,11,2026-09-05,16,2,2026-09-24,Roti Harian,1,10
2026-03-24,MM0007,Roti Gardenia,400 g,1,LN001587,11,2026-09-05,16,2,2026-09-24,Roti Harian,1,10
2026-03-26,MM0007,Roti Gardenia,400 g,2,LN001588,11,2026-09-05,16,2,2026-09-24,Roti Harian,1,10
2026-03-27,MM0007,Roti Gardenia,400 g,1,LN001589,11,2026-09-05,16,2,2026-09-24,Roti Harian,1,10
2026-03-28,MM0007,Roti Gardenia,400 g,1,LN001590,11,2026-09-05,16,2,2026-09-24,Roti Harian,1,10
2026-03-31,MM0007,Roti Gardenia,400 g,3,LN001591,11,2026-09-05,16,2,2026-09-24,Roti Harian,1,10
2026-04-01,MM0007,Roti Gardenia,400 g,1,LN001592,11,2026-09-05,16,2,2026-09-24,Roti Harian,1,10
2026-04-04,MM0007,Roti Gardenia,400 g,1,LN001593,11,2026-09-05,16,2,2026-09-24,Roti Harian,1,10
2026-04-05,MM0007,Roti Gardenia,400 g,1,LN001594,11,2026-09-05,16,2,2026-09-24,Roti Harian,1,10
2026-04-07,MM0007,Roti Gardenia,400 g,1,LN001595,11,2026-09-05,16,2,2026-09-24,Roti Harian,1,10
2026-04-08,MM0007,Roti Gardenia,400 g,4,LN001596,11,2026-09-05,16,2,2026-09-24,Roti Harian,1,10
2026-04-11,MM0007,Roti Gardenia,400 g,1,LN001597,11,2026-09-05,16,2,2026-09-24,Roti Harian,1,10
2026-04-12,MM0007,Roti Gardenia,400 g,1,LN001598,11,2026-09-05,16,2,2026-09-24,Roti Harian,1,10
2026-04-12,MM0007,Roti Gardenia,400 g,2,LN001599,11,2026-09-05,16,2,2026-09-24,Roti Harian,1,10
2026-04-13,MM0007,Roti Gardenia,400 g,1,LN001600,11,2026-09-05,16,2,2026-09-24,Roti Harian,1,10
2026-04-14,MM0007,Roti Gardenia,400 g,1,LN001601,11,2026-09-05,16,2,2026-09-24,Roti Harian,1,10
2026-04-15,MM0007,Roti Gardenia,400 g,4,LN001602,11,2026-09-05,16,2,2026-09-24,Roti Harian,1,10
2026-04-18,MM0007,Roti Gardenia,400 g,2,LN001603,11,2026-09-05,16,2,2026-09-24,Roti Harian,1,10
2026-04-19,MM0007,Roti Gardenia,400 g,1,LN001604,11,2026-09-05,16,2,2026-09-24,Roti Harian,1,10
2026-04-19,MM0007,Roti Gardenia,400 g,2,LN001605,11,2026-09-05,16,2,2026-09-24,Roti Harian,1,10
2026-04-20,MM0007,Roti Gardenia,400 g,1,LN001606,11,2026-09-05,16,2,2026-09-24,Roti Harian,1,10
2026-04-21,MM0007,Roti Gardenia,400 g,4,LN001607,11,2026-09-05,16,2,2026-09-24,Roti Harian,1,10
2026-04-22,MM0007,Roti Gardenia,400 g,1,LN001608,11,2026-09-05,16,2,2026-09-24,Roti Harian,1,10
2026-04-23,MM0007,Roti Gardenia,400 g,1,LN001609,11,2026-09-05,16,2,2026-09-24,Roti Harian,1,10
2026-04-24,MM0007,Roti Gardenia,400 g,2,LN001610,11,2026-09-05,16,2,2026-09-24,Roti Harian,1,10
2026-04-26,MM0007,Roti Gardenia,400 g,1,LN001611,11,2026-09-05,16,2,2026-09-24,Roti Harian,1,10
2026-04-26,MM0007,Roti Gardenia,400 g,3,LN001612,11,2026-09-05,16,2,2026-09-24,Roti Harian,1,10
2026-04-27,MM0007,Roti Gardenia,400 g,2,LN001613,11,2026-09-05,16,2,2026-09-24,Roti Harian,1,10
2026-04-29,MM0007,Roti Gardenia,400 g,1,LN001614,11,2026-09-05,16,2,2026-09-24,Roti Harian,1,10
2026-05-02,MM0007,Roti Gardenia,400 g,1,LN001615,11,2026-09-05,16,2,2026-09-24,Roti Harian,1,10
2026-05-06,MM0007,Roti Gardenia,400 g,2,LN001616,11,2026-09-05,16,2,2026-09-24,Roti Harian,1,10
2026-05-10,MM0007,Roti Gardenia,400 g,1,LN001617,11,2026-09-05,16,2,2026-09-24,Roti Harian,1,10
2026-05-10,MM0007,Roti Gardenia,400 g,2,LN001618,11,2026-09-05,16,2,2026-09-24,Roti Harian,1,10
2026-05-11,MM0007,Roti Gardenia,400 g,2,LN001619,11,2026-09-05,16,2,2026-09-24,Roti Harian,1,10
2026-05-12,MM0007,Roti Gardenia,400 g,1,LN001620,11,2026-09-05,16,2,2026-09-24,Roti Harian,1,10
2026-05-13,MM0007,Roti Gardenia,400 g,4,LN001621,11,2026-09-05,16,2,2026-09-24,Roti Harian,1,10
2026-05-14,MM0007,Roti Gardenia,400 g,1,LN001622,11,2026-09-05,16,2,2026-09-24,Roti Harian,1,10
2026-05-17,MM0007,Roti Gardenia,400 g,1,LN001623,11,2026-09-05,16,2,2026-09-24,Roti Harian,1,10
2026-05-17,MM0007,Roti Gardenia,400 g,2,LN001624,11,2026-09-05,16,2,2026-09-24,Roti Harian,1,10
2026-05-18,MM0007,Roti Gardenia,400 g,2,LN001625,11,2026-09-05,16,2,2026-09-24,Roti Harian,1,10
2026-05-21,MM0007,Roti Gardenia,400 g,2,LN001626,11,2026-09-05,16,2,2026-09-24,Roti Harian,1,10
2026-05-22,MM0007,Roti Gardenia,400 g,1,LN001627,11,2026-09-05,16,2,2026-09-24,Roti Harian,1,10
2026-05-24,MM0007,Roti Gardenia,400 g,1,LN001628,11,2026-09-05,16,2,2026-09-24,Roti Harian,1,10
2026-05-24,MM0007,Roti Gardenia,400 g,1,LN001629,11,2026-09-05,16,2,2026-09-24,Roti Harian,1,10
2026-05-25,MM0007,Roti Gardenia,400 g,2,LN001630,11,2026-09-05,16,2,2026-09-24,Roti Harian,1,10
2026-05-27,MM0007,Roti Gardenia,400 g,1,LN001631,11,2026-09-05,16,2,2026-09-24,Roti Harian,1,10
2026-05-28,MM0007,Roti Gardenia,400 g,1,LN001632,11,2026-09-05,16,2,2026-09-24,Roti Harian,1,10
2026-06-01,MM0007,Roti Gardenia,400 g,2,LN001633,11,2026-09-05,16,2,2026-09-24,Roti Harian,1,10
2026-06-02,MM0007,Roti Gardenia,400 g,4,LN001634,11,2026-09-05,16,2,2026-09-24,Roti Harian,1,10
2026-06-03,MM0007,Roti Gardenia,400 g,2,LN001635,11,2026-09-05,16,2,2026-09-24,Roti Harian,1,10
2026-06-05,MM0007,Roti Gardenia,400 g,1,LN001636,11,2026-09-05,16,2,2026-09-24,Roti Harian,1,10
2026-06-07,MM0007,Roti Gardenia,400 g,1,LN001637,11,2026-09-05,16,2,2026-09-24,Roti Harian,1,10
2026-06-08,MM0007,Roti Gardenia,400 g,4,LN001638,11,2026-09-05,16,2,2026-09-24,Roti Harian,1,10
2026-06-10,MM0007,Roti Gardenia,400 g,2,LN001639,11,2026-09-05,16,2,2026-09-24,Roti Harian,1,10
2026-06-11,MM0007,Roti Gardenia,400 g,1,LN001640,11,2026-09-05,16,2,2026-09-24,Roti Harian,1,10
2026-06-12,MM0007,Roti Gardenia,400 g,1,LN001641,11,2026-09-05,16,2,2026-09-24,Roti Harian,1,10
2026-06-17,MM0007,Roti Gardenia,400 g,3,LN001642,11,2026-09-05,16,2,2026-09-24,Roti Harian,1,10
2026-06-18,MM0007,Roti Gardenia,400 g,1,LN001643,11,2026-09-05,16,2,2026-09-24,Roti Harian,1,10
2026-06-19,MM0007,Roti Gardenia,400 g,1,LN001644,11,2026-09-05,16,2,2026-09-24,Roti Harian,1,10
2026-06-21,MM0007,Roti Gardenia,400 g,1,LN001645,11,2026-09-05,16,2,2026-09-24,Roti Harian,1,10
2026-06-21,MM0007,Roti Gardenia,400 g,1,LN001646,11,2026-09-05,16,2,2026-09-24,Roti Harian,1,10
2026-06-22,MM0007,Roti Gardenia,400 g,3,LN001647,11,2026-09-05,16,2,2026-09-24,Roti Harian,1,10
2026-06-23,MM0007,Roti Gardenia,400 g,3,LN001648,11,2026-09-05,16,2,2026-09-24,Roti Harian,1,10
2026-06-26,MM0007,Roti Gardenia,400 g,1,LN001649,11,2026-09-05,16,2,2026-09-24,Roti Harian,1,10
2026-06-28,MM0007,Roti Gardenia,400 g,1,LN001650,11,2026-09-05,16,2,2026-09-24,Roti Harian,1,10
2026-06-28,MM0007,Roti Gardenia,400 g,2,LN001651,11,2026-09-05,16,2,2026-09-24,Roti Harian,1,10
2026-07-01,MM0007,Roti Gardenia,400 g,1,LN001652,11,2026-09-05,16,2,2026-09-24,Roti Harian,1,10
2026-07-02,MM0007,Roti Gardenia,400 g,2,LN001653,11,2026-09-05,16,2,2026-09-24,Roti Harian,1,10
2026-07-03,MM0007,Roti Gardenia,400 g,1,LN001654,11,2026-09-05,16,2,2026-09-24,Roti Harian,1,10
2026-07-04,MM0007,Roti Gardenia,400 g,1,LN001655,11,2026-09-05,16,2,2026-09-24,Roti Harian,1,10
2026-07-06,MM0007,Roti Gardenia,400 g,2,LN001656,11,2026-09-05,16,2,2026-09-24,Roti Harian,1,10
2026-07-07,MM0007,Roti Gardenia,400 g,1,LN001657,11,2026-09-05,16,2,2026-09-24,Roti Harian,1,10
2026-07-08,MM0007,Roti Gardenia,400 g,1,LN001658,11,2026-09-05,16,2,2026-09-24,Roti Harian,1,10
2026-07-13,MM0007,Roti Gardenia,400 g,4,LN001659,11,2026-09-05,16,2,2026-09-24,Roti Harian,1,10
2026-07-14,MM0007,Roti Gardenia,400 g,2,LN001660,11,2026-09-05,16,2,2026-09-24,Roti Harian,1,10
2026-07-15,MM0007,Roti Gardenia,400 g,1,LN001661,11,2026-09-05,16,2,2026-09-24,Roti Harian,1,10
2026-07-19,MM0007,Roti Gardenia,400 g,1,LN001662,11,2026-09-05,16,2,2026-09-24,Roti Harian,1,10
2026-07-20,MM0007,Roti Gardenia,400 g,1,LN001663,11,2026-09-05,16,2,2026-09-24,Roti Harian,1,10
2026-07-21,MM0007,Roti Gardenia,400 g,1,LN001664,11,2026-09-05,16,2,2026-09-24,Roti Harian,1,10
2026-07-23,MM0007,Roti Gardenia,400 g,1,LN001665,11,2026-09-05,16,2,2026-09-24,Roti Harian,1,10
2026-07-24,MM0007,Roti Gardenia,400 g,1,LN001666,11,2026-09-05,16,2,2026-09-24,Roti Harian,1,10
2026-07-27,MM0007,Roti Gardenia,400 g,3,LN001667,11,2026-09-05,16,2,2026-09-24,Roti Harian,1,10
2026-07-28,MM0007,Roti Gardenia,400 g,3,LN001668,11,2026-09-05,16,2,2026-09-24,Roti Harian,1,10
2026-07-29,MM0007,Roti Gardenia,400 g,1,LN001669,11,2026-09-05,16,2,2026-09-24,Roti Harian,1,10
2026-07-31,MM0007,Roti Gardenia,400 g,1,LN001670,11,2026-09-05,16,2,2026-09-24,Roti Harian,1,10
2026-08-01,MM0007,Roti Gardenia,400 g,1,LN001671,11,2026-09-05,16,2,2026-09-24,Roti Harian,1,10
2026-08-03,MM0007,Roti Gardenia,400 g,2,LN001672,11,2026-09-05,16,2,2026-09-24,Roti Harian,1,10
2026-08-04,MM0007,Roti Gardenia,400 g,2,LN001673,11,2026-09-05,16,2,2026-09-24,Roti Harian,1,10
2026-08-05,MM0007,Roti Gardenia,400 g,1,LN001674,11,2026-09-05,16,2,2026-09-24,Roti Harian,1,10
2026-08-07,MM0007,Roti Gardenia,400 g,1,LN001675,11,2026-09-05,16,2,2026-09-24,Roti Harian,1,10
2026-08-09,MM0007,Roti Gardenia,400 g,1,LN001676,11,2026-09-05,16,2,2026-09-24,Roti Harian,1,10
2026-08-09,MM0007,Roti Gardenia,400 g,1,LN001677,11,2026-09-05,16,2,2026-09-24,Roti Harian,1,10
2026-08-13,MM0007,Roti Gardenia,400 g,3,LN001678,11,2026-09-05,16,2,2026-09-24,Roti Harian,1,10
2026-08-15,MM0007,Roti Gardenia,400 g,1,LN001679,11,2026-09-05,16,2,2026-09-24,Roti Harian,1,10
2026-08-16,MM0007,Roti Gardenia,400 g,1,LN001680,11,2026-09-05,16,2,2026-09-24,Roti Harian,1,10
2026-08-16,MM0007,Roti Gardenia,400 g,1,LN001681,11,2026-09-05,16,2,2026-09-24,Roti Harian,1,10
2026-08-17,MM0007,Roti Gardenia,400 g,1,LN001682,11,2026-09-05,16,2,2026-09-24,Roti Harian,1,10
2026-08-19,MM0007,Roti Gardenia,400 g,2,LN001683,11,2026-09-05,16,2,2026-09-24,Roti Harian,1,10
2026-08-20,MM0007,Roti Gardenia,400 g,2,LN001684,11,2026-09-05,16,2,2026-09-24,Roti Harian,1,10
2026-08-22,MM0007,Roti Gardenia,400 g,1,LN001685,11,2026-09-05,16,2,2026-09-24,Roti Harian,1,10
2026-08-23,MM0007,Roti Gardenia,400 g,1,LN001686,11,2026-09-05,16,2,2026-09-24,Roti Harian,1,10
2026-08-23,MM0007,Roti Gardenia,400 g,1,LN001687,11,2026-09-05,16,2,2026-09-24,Roti Harian,1,10
2026-08-24,MM0007,Roti Gardenia,400 g,1,LN001688,11,2026-09-05,16,2,2026-09-24,Roti Harian,1,10
2026-08-25,MM0007,Roti Gardenia,400 g,1,LN001689,11,2026-09-05,16,2,2026-09-24,Roti Harian,1,10
2026-08-27,MM0007,Roti Gardenia,400 g,1,LN001690,11,2026-09-05,16,2,2026-09-24,Roti Harian,1,10
2026-08-28,MM0007,Roti Gardenia,400 g,1,LN001691,11,2026-09-05,16,2,2026-09-24,Roti Harian,1,10
2026-08-31,MM0007,Roti Gardenia,400 g,2,LN001692,11,2026-09-05,16,2,2026-09-24,Roti Harian,1,10
2026-09-02,MM0007,Roti Gardenia,400 g,1,LN001693,11,2026-09-05,16,2,2026-09-24,Roti Harian,1,10
2026-09-03,MM0007,Roti Gardenia,400 g,1,LN001694,11,2026-09-05,16,2,2026-09-24,Roti Harian,1,10
2026-09-04,MM0007,Roti Gardenia,400 g,2,LN001695,11,2026-09-05,16,2,2026-09-24,Roti Harian,1,10
2026-09-05,MM0007,Roti Gardenia,400 g,1,LN001696,11,2026-09-05,16,2,2026-09-24,Roti Harian,1,10
2026-09-06,MM0007,Roti Gardenia,400 g,1,LN001697,11,2026-09-05,16,2,2026-09-24,Roti Harian,1,10
2026-09-06,MM0007,Roti Gardenia,400 g,1,LN001698,11,2026-09-05,16,2,2026-09-24,Roti Harian,1,10
2026-09-07,MM0007,Roti Gardenia,400 g,1,LN001699,11,2026-09-05,16,2,2026-09-24,Roti Harian,1,10
2026-09-09,MM0007,Roti Gardenia,400 g,1,LN001700,11,2026-09-05,16,2,2026-09-24,Roti Harian,1,10
2026-09-10,MM0007,Roti Gardenia,400 g,2,LN001701,11,2026-09-05,16,2,2026-09-24,Roti Harian,1,10
2026-09-11,MM0007,Roti Gardenia,400 g,1,LN001702,11,2026-09-05,16,2,2026-09-24,Roti Harian,1,10
2026-09-13,MM0007,Roti Gardenia,400 g,1,LN001703,11,2026-09-05,16,2,2026-09-24,Roti Harian,1,10
2026-02-05,MM0008,Beras Wangi,5 kg,2,LN001704,4,2026-08-16,7,0,,Kedai Borong Lim,5,10
2026-02-08,MM0008,Beras Wangi,5 kg,1,LN001705,4,2026-08-16,7,0,,Kedai Borong Lim,5,10
2026-02-08,MM0008,Beras Wangi,5 kg,1,LN001706,4,2026-08-16,7,0,,Kedai Borong Lim,5,10
2026-02-09,MM0008,Beras Wangi,5 kg,1,LN001707,4,2026-08-16,7,0,,Kedai Borong Lim,5,10
2026-02-10,MM0008,Beras Wangi,5 kg,1,LN001708,4,2026-08-16,7,0,,Kedai Borong Lim,5,10
2026-02-11,MM0008,Beras Wangi,5 kg,1,LN001709,4,2026-08-16,7,0,,Kedai Borong Lim,5,10
2026-02-16,MM0008,Beras Wangi,5 kg,1,LN001710,4,2026-08-16,7,0,,Kedai Borong Lim,5,10
2026-02-23,MM0008,Beras Wangi,5 kg,1,LN001711,4,2026-08-16,7,0,,Kedai Borong Lim,5,10
2026-02-24,MM0008,Beras Wangi,5 kg,1,LN001712,4,2026-08-16,7,0,,Kedai Borong Lim,5,10
2026-02-25,MM0008,Beras Wangi,5 kg,1,LN001713,4,2026-08-16,7,0,,Kedai Borong Lim,5,10
2026-03-04,MM0008,Beras Wangi,5 kg,1,LN001714,4,2026-08-16,7,0,,Kedai Borong Lim,5,10
2026-03-09,MM0008,Beras Wangi,5 kg,1,LN001715,4,2026-08-16,7,0,,Kedai Borong Lim,5,10
2026-03-11,MM0008,Beras Wangi,5 kg,1,LN001716,4,2026-08-16,7,0,,Kedai Borong Lim,5,10
2026-03-12,MM0008,Beras Wangi,5 kg,1,LN001717,4,2026-08-16,7,0,,Kedai Borong Lim,5,10
2026-03-13,MM0008,Beras Wangi,5 kg,1,LN001718,4,2026-08-16,7,0,,Kedai Borong Lim,5,10
2026-03-18,MM0008,Beras Wangi,5 kg,1,LN001719,4,2026-08-16,7,0,,Kedai Borong Lim,5,10
2026-03-22,MM0008,Beras Wangi,5 kg,1,LN001720,4,2026-08-16,7,0,,Kedai Borong Lim,5,10
2026-03-23,MM0008,Beras Wangi,5 kg,1,LN001721,4,2026-08-16,7,0,,Kedai Borong Lim,5,10
2026-04-01,MM0008,Beras Wangi,5 kg,1,LN001722,4,2026-08-16,7,0,,Kedai Borong Lim,5,10
2026-04-02,MM0008,Beras Wangi,5 kg,1,LN001723,4,2026-08-16,7,0,,Kedai Borong Lim,5,10
2026-04-06,MM0008,Beras Wangi,5 kg,1,LN001724,4,2026-08-16,7,0,,Kedai Borong Lim,5,10
2026-04-09,MM0008,Beras Wangi,5 kg,1,LN001725,4,2026-08-16,7,0,,Kedai Borong Lim,5,10
2026-04-10,MM0008,Beras Wangi,5 kg,1,LN001726,4,2026-08-16,7,0,,Kedai Borong Lim,5,10
2026-04-12,MM0008,Beras Wangi,5 kg,1,LN001727,4,2026-08-16,7,0,,Kedai Borong Lim,5,10
2026-04-12,MM0008,Beras Wangi,5 kg,1,LN001728,4,2026-08-16,7,0,,Kedai Borong Lim,5,10
2026-04-14,MM0008,Beras Wangi,5 kg,1,LN001729,4,2026-08-16,7,0,,Kedai Borong Lim,5,10
2026-04-16,MM0008,Beras Wangi,5 kg,1,LN001730,4,2026-08-16,7,0,,Kedai Borong Lim,5,10
2026-04-18,MM0008,Beras Wangi,5 kg,1,LN001731,4,2026-08-16,7,0,,Kedai Borong Lim,5,10
2026-04-21,MM0008,Beras Wangi,5 kg,1,LN001732,4,2026-08-16,7,0,,Kedai Borong Lim,5,10
2026-04-23,MM0008,Beras Wangi,5 kg,1,LN001733,4,2026-08-16,7,0,,Kedai Borong Lim,5,10
2026-04-25,MM0008,Beras Wangi,5 kg,1,LN001734,4,2026-08-16,7,0,,Kedai Borong Lim,5,10
2026-04-27,MM0008,Beras Wangi,5 kg,1,LN001735,4,2026-08-16,7,0,,Kedai Borong Lim,5,10
2026-04-28,MM0008,Beras Wangi,5 kg,1,LN001736,4,2026-08-16,7,0,,Kedai Borong Lim,5,10
2026-05-04,MM0008,Beras Wangi,5 kg,1,LN001737,4,2026-08-16,7,0,,Kedai Borong Lim,5,10
2026-05-05,MM0008,Beras Wangi,5 kg,1,LN001738,4,2026-08-16,7,0,,Kedai Borong Lim,5,10
2026-05-07,MM0008,Beras Wangi,5 kg,1,LN001739,4,2026-08-16,7,0,,Kedai Borong Lim,5,10
2026-05-12,MM0008,Beras Wangi,5 kg,1,LN001740,4,2026-08-16,7,0,,Kedai Borong Lim,5,10
2026-05-14,MM0008,Beras Wangi,5 kg,1,LN001741,4,2026-08-16,7,0,,Kedai Borong Lim,5,10
2026-05-15,MM0008,Beras Wangi,5 kg,1,LN001742,4,2026-08-16,7,0,,Kedai Borong Lim,5,10
2026-05-17,MM0008,Beras Wangi,5 kg,1,LN001743,4,2026-08-16,7,0,,Kedai Borong Lim,5,10
2026-05-18,MM0008,Beras Wangi,5 kg,1,LN001744,4,2026-08-16,7,0,,Kedai Borong Lim,5,10
2026-05-21,MM0008,Beras Wangi,5 kg,1,LN001745,4,2026-08-16,7,0,,Kedai Borong Lim,5,10
2026-05-25,MM0008,Beras Wangi,5 kg,1,LN001746,4,2026-08-16,7,0,,Kedai Borong Lim,5,10
2026-05-27,MM0008,Beras Wangi,5 kg,1,LN001747,4,2026-08-16,7,0,,Kedai Borong Lim,5,10
2026-05-28,MM0008,Beras Wangi,5 kg,1,LN001748,4,2026-08-16,7,0,,Kedai Borong Lim,5,10
2026-06-01,MM0008,Beras Wangi,5 kg,2,LN001749,4,2026-08-16,7,0,,Kedai Borong Lim,5,10
2026-06-02,MM0008,Beras Wangi,5 kg,1,LN001750,4,2026-08-16,7,0,,Kedai Borong Lim,5,10
2026-06-04,MM0008,Beras Wangi,5 kg,1,LN001751,4,2026-08-16,7,0,,Kedai Borong Lim,5,10
2026-06-07,MM0008,Beras Wangi,5 kg,1,LN001752,4,2026-08-16,7,0,,Kedai Borong Lim,5,10
2026-06-10,MM0008,Beras Wangi,5 kg,1,LN001753,4,2026-08-16,7,0,,Kedai Borong Lim,5,10
2026-06-11,MM0008,Beras Wangi,5 kg,1,LN001754,4,2026-08-16,7,0,,Kedai Borong Lim,5,10
2026-06-14,MM0008,Beras Wangi,5 kg,1,LN001755,4,2026-08-16,7,0,,Kedai Borong Lim,5,10
2026-06-17,MM0008,Beras Wangi,5 kg,1,LN001756,4,2026-08-16,7,0,,Kedai Borong Lim,5,10
2026-06-21,MM0008,Beras Wangi,5 kg,1,LN001757,4,2026-08-16,7,0,,Kedai Borong Lim,5,10
2026-06-24,MM0008,Beras Wangi,5 kg,1,LN001758,4,2026-08-16,7,0,,Kedai Borong Lim,5,10
2026-06-25,MM0008,Beras Wangi,5 kg,1,LN001759,4,2026-08-16,7,0,,Kedai Borong Lim,5,10
2026-06-29,MM0008,Beras Wangi,5 kg,1,LN001760,4,2026-08-16,7,0,,Kedai Borong Lim,5,10
2026-06-30,MM0008,Beras Wangi,5 kg,1,LN001761,4,2026-08-16,7,0,,Kedai Borong Lim,5,10
2026-07-01,MM0008,Beras Wangi,5 kg,1,LN001762,4,2026-08-16,7,0,,Kedai Borong Lim,5,10
2026-07-07,MM0008,Beras Wangi,5 kg,1,LN001763,4,2026-08-16,7,0,,Kedai Borong Lim,5,10
2026-07-09,MM0008,Beras Wangi,5 kg,1,LN001764,4,2026-08-16,7,0,,Kedai Borong Lim,5,10
2026-07-10,MM0008,Beras Wangi,5 kg,1,LN001765,4,2026-08-16,7,0,,Kedai Borong Lim,5,10
2026-07-11,MM0008,Beras Wangi,5 kg,1,LN001766,4,2026-08-16,7,0,,Kedai Borong Lim,5,10
2026-07-13,MM0008,Beras Wangi,5 kg,1,LN001767,4,2026-08-16,7,0,,Kedai Borong Lim,5,10
2026-07-15,MM0008,Beras Wangi,5 kg,1,LN001768,4,2026-08-16,7,0,,Kedai Borong Lim,5,10
2026-07-17,MM0008,Beras Wangi,5 kg,1,LN001769,4,2026-08-16,7,0,,Kedai Borong Lim,5,10
2026-07-18,MM0008,Beras Wangi,5 kg,1,LN001770,4,2026-08-16,7,0,,Kedai Borong Lim,5,10
2026-07-20,MM0008,Beras Wangi,5 kg,1,LN001771,4,2026-08-16,7,0,,Kedai Borong Lim,5,10
2026-07-23,MM0008,Beras Wangi,5 kg,1,LN001772,4,2026-08-16,7,0,,Kedai Borong Lim,5,10
2026-07-24,MM0008,Beras Wangi,5 kg,1,LN001773,4,2026-08-16,7,0,,Kedai Borong Lim,5,10
2026-07-29,MM0008,Beras Wangi,5 kg,1,LN001774,4,2026-08-16,7,0,,Kedai Borong Lim,5,10
2026-07-30,MM0008,Beras Wangi,5 kg,1,LN001775,4,2026-08-16,7,0,,Kedai Borong Lim,5,10
2026-08-01,MM0008,Beras Wangi,5 kg,1,LN001776,4,2026-08-16,7,0,,Kedai Borong Lim,5,10
2026-08-03,MM0008,Beras Wangi,5 kg,2,LN001777,4,2026-08-16,7,0,,Kedai Borong Lim,5,10
2026-08-05,MM0008,Beras Wangi,5 kg,1,LN001778,4,2026-08-16,7,0,,Kedai Borong Lim,5,10
2026-08-06,MM0008,Beras Wangi,5 kg,1,LN001779,4,2026-08-16,7,0,,Kedai Borong Lim,5,10
2026-08-12,MM0008,Beras Wangi,5 kg,1,LN001780,4,2026-08-16,7,0,,Kedai Borong Lim,5,10
2026-08-14,MM0008,Beras Wangi,5 kg,1,LN001781,4,2026-08-16,7,0,,Kedai Borong Lim,5,10
2026-08-21,MM0008,Beras Wangi,5 kg,1,LN001782,4,2026-08-16,7,0,,Kedai Borong Lim,5,10
2026-08-22,MM0008,Beras Wangi,5 kg,1,LN001783,4,2026-08-16,7,0,,Kedai Borong Lim,5,10
2026-08-23,MM0008,Beras Wangi,5 kg,1,LN001784,4,2026-08-16,7,0,,Kedai Borong Lim,5,10
2026-08-25,MM0008,Beras Wangi,5 kg,1,LN001785,4,2026-08-16,7,0,,Kedai Borong Lim,5,10
2026-08-26,MM0008,Beras Wangi,5 kg,1,LN001786,4,2026-08-16,7,0,,Kedai Borong Lim,5,10
2026-08-31,MM0008,Beras Wangi,5 kg,1,LN001787,4,2026-08-16,7,0,,Kedai Borong Lim,5,10
2026-09-07,MM0008,Beras Wangi,5 kg,1,LN001788,4,2026-08-16,7,0,,Kedai Borong Lim,5,10
2026-09-08,MM0008,Beras Wangi,5 kg,1,LN001789,4,2026-08-16,7,0,,Kedai Borong Lim,5,10
2026-02-02,MM0009,Telur Gred A,10 biji,2,LN001790,9,2026-09-13,17,3,2026-09-29,Ladang Telur,2,30
2026-02-04,MM0009,Telur Gred A,10 biji,1,LN001791,9,2026-09-13,17,3,2026-09-29,Ladang Telur,2,30
2026-02-05,MM0009,Telur Gred A,10 biji,1,LN001792,9,2026-09-13,17,3,2026-09-29,Ladang Telur,2,30
2026-02-08,MM0009,Telur Gred A,10 biji,1,LN001793,9,2026-09-13,17,3,2026-09-29,Ladang Telur,2,30
2026-02-08,MM0009,Telur Gred A,10 biji,2,LN001794,9,2026-09-13,17,3,2026-09-29,Ladang Telur,2,30
2026-02-09,MM0009,Telur Gred A,10 biji,2,LN001795,9,2026-09-13,17,3,2026-09-29,Ladang Telur,2,30
2026-02-10,MM0009,Telur Gred A,10 biji,3,LN001796,9,2026-09-13,17,3,2026-09-29,Ladang Telur,2,30
2026-02-15,MM0009,Telur Gred A,10 biji,1,LN001797,9,2026-09-13,17,3,2026-09-29,Ladang Telur,2,30
2026-02-15,MM0009,Telur Gred A,10 biji,2,LN001798,9,2026-09-13,17,3,2026-09-29,Ladang Telur,2,30
2026-02-17,MM0009,Telur Gred A,10 biji,1,LN001799,9,2026-09-13,17,3,2026-09-29,Ladang Telur,2,30
2026-02-20,MM0009,Telur Gred A,10 biji,1,LN001800,9,2026-09-13,17,3,2026-09-29,Ladang Telur,2,30
2026-02-22,MM0009,Telur Gred A,10 biji,1,LN001801,9,2026-09-13,17,3,2026-09-29,Ladang Telur,2,30
2026-02-23,MM0009,Telur Gred A,10 biji,4,LN001802,9,2026-09-13,17,3,2026-09-29,Ladang Telur,2,30
2026-02-24,MM0009,Telur Gred A,10 biji,3,LN001803,9,2026-09-13,17,3,2026-09-29,Ladang Telur,2,30
2026-02-28,MM0009,Telur Gred A,10 biji,2,LN001804,9,2026-09-13,17,3,2026-09-29,Ladang Telur,2,30
2026-03-01,MM0009,Telur Gred A,10 biji,1,LN001805,9,2026-09-13,17,3,2026-09-29,Ladang Telur,2,30
2026-03-01,MM0009,Telur Gred A,10 biji,1,LN001806,9,2026-09-13,17,3,2026-09-29,Ladang Telur,2,30
2026-03-02,MM0009,Telur Gred A,10 biji,4,LN001807,9,2026-09-13,17,3,2026-09-29,Ladang Telur,2,30
2026-03-04,MM0009,Telur Gred A,10 biji,2,LN001808,9,2026-09-13,17,3,2026-09-29,Ladang Telur,2,30
2026-03-05,MM0009,Telur Gred A,10 biji,1,LN001809,9,2026-09-13,17,3,2026-09-29,Ladang Telur,2,30
2026-03-07,MM0009,Telur Gred A,10 biji,1,LN001810,9,2026-09-13,17,3,2026-09-29,Ladang Telur,2,30
2026-03-08,MM0009,Telur Gred A,10 biji,1,LN001811,9,2026-09-13,17,3,2026-09-29,Ladang Telur,2,30
2026-03-09,MM0009,Telur Gred A,10 biji,2,LN001812,9,2026-09-13,17,3,2026-09-29,Ladang Telur,2,30
2026-03-10,MM0009,Telur Gred A,10 biji,2,LN001813,9,2026-09-13,17,3,2026-09-29,Ladang Telur,2,30
2026-03-12,MM0009,Telur Gred A,10 biji,1,LN001814,9,2026-09-13,17,3,2026-09-29,Ladang Telur,2,30
2026-03-13,MM0009,Telur Gred A,10 biji,1,LN001815,9,2026-09-13,17,3,2026-09-29,Ladang Telur,2,30
2026-03-16,MM0009,Telur Gred A,10 biji,5,LN001816,9,2026-09-13,17,3,2026-09-29,Ladang Telur,2,30
2026-03-17,MM0009,Telur Gred A,10 biji,1,LN001817,9,2026-09-13,17,3,2026-09-29,Ladang Telur,2,30
2026-03-19,MM0009,Telur Gred A,10 biji,2,LN001818,9,2026-09-13,17,3,2026-09-29,Ladang Telur,2,30
2026-03-21,MM0009,Telur Gred A,10 biji,1,LN001819,9,2026-09-13,17,3,2026-09-29,Ladang Telur,2,30
2026-03-22,MM0009,Telur Gred A,10 biji,1,LN001820,9,2026-09-13,17,3,2026-09-29,Ladang Telur,2,30
2026-03-23,MM0009,Telur Gred A,10 biji,1,LN001821,9,2026-09-13,17,3,2026-09-29,Ladang Telur,2,30
2026-03-25,MM0009,Telur Gred A,10 biji,1,LN001822,9,2026-09-13,17,3,2026-09-29,Ladang Telur,2,30
2026-03-26,MM0009,Telur Gred A,10 biji,1,LN001823,9,2026-09-13,17,3,2026-09-29,Ladang Telur,2,30
2026-03-27,MM0009,Telur Gred A,10 biji,1,LN001824,9,2026-09-13,17,3,2026-09-29,Ladang Telur,2,30
2026-03-28,MM0009,Telur Gred A,10 biji,1,LN001825,9,2026-09-13,17,3,2026-09-29,Ladang Telur,2,30
2026-03-30,MM0009,Telur Gred A,10 biji,3,LN001826,9,2026-09-13,17,3,2026-09-29,Ladang Telur,2,30
2026-03-31,MM0009,Telur Gred A,10 biji,2,LN001827,9,2026-09-13,17,3,2026-09-29,Ladang Telur,2,30
2026-04-01,MM0009,Telur Gred A,10 biji,1,LN001828,9,2026-09-13,17,3,2026-09-29,Ladang Telur,2,30
2026-04-05,MM0009,Telur Gred A,10 biji,1,LN001829,9,2026-09-13,17,3,2026-09-29,Ladang Telur,2,30
2026-04-06,MM0009,Telur Gred A,10 biji,2,LN001830,9,2026-09-13,17,3,2026-09-29,Ladang Telur,2,30
2026-04-08,MM0009,Telur Gred A,10 biji,2,LN001831,9,2026-09-13,17,3,2026-09-29,Ladang Telur,2,30
2026-04-09,MM0009,Telur Gred A,10 biji,1,LN001832,9,2026-09-13,17,3,2026-09-29,Ladang Telur,2,30
2026-04-10,MM0009,Telur Gred A,10 biji,1,LN001833,9,2026-09-13,17,3,2026-09-29,Ladang Telur,2,30
2026-04-12,MM0009,Telur Gred A,10 biji,1,LN001834,9,2026-09-13,17,3,2026-09-29,Ladang Telur,2,30
2026-04-13,MM0009,Telur Gred A,10 biji,5,LN001835,9,2026-09-13,17,3,2026-09-29,Ladang Telur,2,30
2026-04-14,MM0009,Telur Gred A,10 biji,4,LN001836,9,2026-09-13,17,3,2026-09-29,Ladang Telur,2,30
2026-04-16,MM0009,Telur Gred A,10 biji,1,LN001837,9,2026-09-13,17,3,2026-09-29,Ladang Telur,2,30
2026-04-19,MM0009,Telur Gred A,10 biji,1,LN001838,9,2026-09-13,17,3,2026-09-29,Ladang Telur,2,30
2026-04-19,MM0009,Telur Gred A,10 biji,2,LN001839,9,2026-09-13,17,3,2026-09-29,Ladang Telur,2,30
2026-04-20,MM0009,Telur Gred A,10 biji,2,LN001840,9,2026-09-13,17,3,2026-09-29,Ladang Telur,2,30
2026-04-21,MM0009,Telur Gred A,10 biji,3,LN001841,9,2026-09-13,17,3,2026-09-29,Ladang Telur,2,30
2026-04-22,MM0009,Telur Gred A,10 biji,1,LN001842,9,2026-09-13,17,3,2026-09-29,Ladang Telur,2,30
2026-04-23,MM0009,Telur Gred A,10 biji,1,LN001843,9,2026-09-13,17,3,2026-09-29,Ladang Telur,2,30
2026-04-26,MM0009,Telur Gred A,10 biji,1,LN001844,9,2026-09-13,17,3,2026-09-29,Ladang Telur,2,30
2026-04-26,MM0009,Telur Gred A,10 biji,3,LN001845,9,2026-09-13,17,3,2026-09-29,Ladang Telur,2,30
2026-04-27,MM0009,Telur Gred A,10 biji,3,LN001846,9,2026-09-13,17,3,2026-09-29,Ladang Telur,2,30
2026-04-28,MM0009,Telur Gred A,10 biji,1,LN001847,9,2026-09-13,17,3,2026-09-29,Ladang Telur,2,30
2026-04-30,MM0009,Telur Gred A,10 biji,1,LN001848,9,2026-09-13,17,3,2026-09-29,Ladang Telur,2,30
2026-05-02,MM0009,Telur Gred A,10 biji,1,LN001849,9,2026-09-13,17,3,2026-09-29,Ladang Telur,2,30
2026-05-03,MM0009,Telur Gred A,10 biji,1,LN001850,9,2026-09-13,17,3,2026-09-29,Ladang Telur,2,30
2026-05-04,MM0009,Telur Gred A,10 biji,4,LN001851,9,2026-09-13,17,3,2026-09-29,Ladang Telur,2,30
2026-05-05,MM0009,Telur Gred A,10 biji,1,LN001852,9,2026-09-13,17,3,2026-09-29,Ladang Telur,2,30
2026-05-07,MM0009,Telur Gred A,10 biji,1,LN001853,9,2026-09-13,17,3,2026-09-29,Ladang Telur,2,30
2026-05-09,MM0009,Telur Gred A,10 biji,1,LN001854,9,2026-09-13,17,3,2026-09-29,Ladang Telur,2,30
2026-05-10,MM0009,Telur Gred A,10 biji,1,LN001855,9,2026-09-13,17,3,2026-09-29,Ladang Telur,2,30
2026-05-11,MM0009,Telur Gred A,10 biji,1,LN001856,9,2026-09-13,17,3,2026-09-29,Ladang Telur,2,30
2026-05-13,MM0009,Telur Gred A,10 biji,2,LN001857,9,2026-09-13,17,3,2026-09-29,Ladang Telur,2,30
2026-05-15,MM0009,Telur Gred A,10 biji,2,LN001858,9,2026-09-13,17,3,2026-09-29,Ladang Telur,2,30
2026-05-16,MM0009,Telur Gred A,10 biji,1,LN001859,9,2026-09-13,17,3,2026-09-29,Ladang Telur,2,30
2026-05-17,MM0009,Telur Gred A,10 biji,1,LN001860,9,2026-09-13,17,3,2026-09-29,Ladang Telur,2,30
2026-05-17,MM0009,Telur Gred A,10 biji,1,LN001861,9,2026-09-13,17,3,2026-09-29,Ladang Telur,2,30
2026-05-21,MM0009,Telur Gred A,10 biji,1,LN001862,9,2026-09-13,17,3,2026-09-29,Ladang Telur,2,30
2026-05-22,MM0009,Telur Gred A,10 biji,1,LN001863,9,2026-09-13,17,3,2026-09-29,Ladang Telur,2,30
2026-05-24,MM0009,Telur Gred A,10 biji,1,LN001864,9,2026-09-13,17,3,2026-09-29,Ladang Telur,2,30
2026-05-24,MM0009,Telur Gred A,10 biji,1,LN001865,9,2026-09-13,17,3,2026-09-29,Ladang Telur,2,30
2026-05-25,MM0009,Telur Gred A,10 biji,1,LN001866,9,2026-09-13,17,3,2026-09-29,Ladang Telur,2,30
2026-05-26,MM0009,Telur Gred A,10 biji,1,LN001867,9,2026-09-13,17,3,2026-09-29,Ladang Telur,2,30
2026-06-04,MM0009,Telur Gred A,10 biji,2,LN001868,9,2026-09-13,17,3,2026-09-29,Ladang Telur,2,30
2026-06-07,MM0009,Telur Gred A,10 biji,1,LN001869,9,2026-09-13,17,3,2026-09-29,Ladang Telur,2,30
2026-06-07,MM0009,Telur Gred A,10 biji,3,LN001870,9,2026-09-13,17,3,2026-09-29,Ladang Telur,2,30
2026-06-08,MM0009,Telur Gred A,10 biji,4,LN001871,9,2026-09-13,17,3,2026-09-29,Ladang Telur,2,30
2026-06-09,MM0009,Telur Gred A,10 biji,3,LN001872,9,2026-09-13,17,3,2026-09-29,Ladang Telur,2,30
2026-06-11,MM0009,Telur Gred A,10 biji,1,LN001873,9,2026-09-13,17,3,2026-09-29,Ladang Telur,2,30
2026-06-13,MM0009,Telur Gred A,10 biji,1,LN001874,9,2026-09-13,17,3,2026-09-29,Ladang Telur,2,30
2026-06-14,MM0009,Telur Gred A,10 biji,1,LN001875,9,2026-09-13,17,3,2026-09-29,Ladang Telur,2,30
2026-06-14,MM0009,Telur Gred A,10 biji,1,LN001876,9,2026-09-13,17,3,2026-09-29,Ladang Telur,2,30
2026-06-17,MM0009,Telur Gred A,10 biji,1,LN001877,9,2026-09-13,17,3,2026-09-29,Ladang Telur,2,30
2026-06-18,MM0009,Telur Gred A,10 biji,3,LN001878,9,2026-09-13,17,3,2026-09-29,Ladang Telur,2,30
2026-06-19,MM0009,Telur Gred A,10 biji,1,LN001879,9,2026-09-13,17,3,2026-09-29,Ladang Telur,2,30
2026-06-21,MM0009,Telur Gred A,10 biji,1,LN001880,9,2026-09-13,17,3,2026-09-29,Ladang Telur,2,30
2026-06-21,MM0009,Telur Gred A,10 biji,1,LN001881,9,2026-09-13,17,3,2026-09-29,Ladang Telur,2,30
2026-06-23,MM0009,Telur Gred A,10 biji,3,LN001882,9,2026-09-13,17,3,2026-09-29,Ladang Telur,2,30
2026-06-27,MM0009,Telur Gred A,10 biji,1,LN001883,9,2026-09-13,17,3,2026-09-29,Ladang Telur,2,30
2026-06-28,MM0009,Telur Gred A,10 biji,1,LN001884,9,2026-09-13,17,3,2026-09-29,Ladang Telur,2,30
2026-06-28,MM0009,Telur Gred A,10 biji,1,LN001885,9,2026-09-13,17,3,2026-09-29,Ladang Telur,2,30
2026-06-29,MM0009,Telur Gred A,10 biji,3,LN001886,9,2026-09-13,17,3,2026-09-29,Ladang Telur,2,30
2026-07-01,MM0009,Telur Gred A,10 biji,2,LN001887,9,2026-09-13,17,3,2026-09-29,Ladang Telur,2,30
2026-07-02,MM0009,Telur Gred A,10 biji,1,LN001888,9,2026-09-13,17,3,2026-09-29,Ladang Telur,2,30
2026-07-04,MM0009,Telur Gred A,10 biji,1,LN001889,9,2026-09-13,17,3,2026-09-29,Ladang Telur,2,30
2026-07-06,MM0009,Telur Gred A,10 biji,1,LN001890,9,2026-09-13,17,3,2026-09-29,Ladang Telur,2,30
2026-07-07,MM0009,Telur Gred A,10 biji,2,LN001891,9,2026-09-13,17,3,2026-09-29,Ladang Telur,2,30
2026-07-09,MM0009,Telur Gred A,10 biji,1,LN001892,9,2026-09-13,17,3,2026-09-29,Ladang Telur,2,30
2026-07-12,MM0009,Telur Gred A,10 biji,1,LN001893,9,2026-09-13,17,3,2026-09-29,Ladang Telur,2,30
2026-07-12,MM0009,Telur Gred A,10 biji,1,LN001894,9,2026-09-13,17,3,2026-09-29,Ladang Telur,2,30
2026-07-13,MM0009,Telur Gred A,10 biji,1,LN001895,9,2026-09-13,17,3,2026-09-29,Ladang Telur,2,30
2026-07-14,MM0009,Telur Gred A,10 biji,1,LN001896,9,2026-09-13,17,3,2026-09-29,Ladang Telur,2,30
2026-07-16,MM0009,Telur Gred A,10 biji,1,LN001897,9,2026-09-13,17,3,2026-09-29,Ladang Telur,2,30
2026-07-17,MM0009,Telur Gred A,10 biji,1,LN001898,9,2026-09-13,17,3,2026-09-29,Ladang Telur,2,30
2026-07-20,MM0009,Telur Gred A,10 biji,2,LN001899,9,2026-09-13,17,3,2026-09-29,Ladang Telur,2,30
2026-07-21,MM0009,Telur Gred A,10 biji,2,LN001900,9,2026-09-13,17,3,2026-09-29,Ladang Telur,2,30
2026-07-23,MM0009,Telur Gred A,10 biji,1,LN001901,9,2026-09-13,17,3,2026-09-29,Ladang Telur,2,30
2026-07-25,MM0009,Telur Gred A,10 biji,1,LN001902,9,2026-09-13,17,3,2026-09-29,Ladang Telur,2,30
2026-07-27,MM0009,Telur Gred A,10 biji,1,LN001903,9,2026-09-13,17,3,2026-09-29,Ladang Telur,2,30
2026-07-29,MM0009,Telur Gred A,10 biji,2,LN001904,9,2026-09-13,17,3,2026-09-29,Ladang Telur,2,30
2026-08-01,MM0009,Telur Gred A,10 biji,1,LN001905,9,2026-09-13,17,3,2026-09-29,Ladang Telur,2,30
2026-08-02,MM0009,Telur Gred A,10 biji,1,LN001906,9,2026-09-13,17,3,2026-09-29,Ladang Telur,2,30
2026-08-02,MM0009,Telur Gred A,10 biji,2,LN001907,9,2026-09-13,17,3,2026-09-29,Ladang Telur,2,30
2026-08-03,MM0009,Telur Gred A,10 biji,4,LN001908,9,2026-09-13,17,3,2026-09-29,Ladang Telur,2,30
2026-08-04,MM0009,Telur Gred A,10 biji,1,LN001909,9,2026-09-13,17,3,2026-09-29,Ladang Telur,2,30
2026-08-05,MM0009,Telur Gred A,10 biji,2,LN001910,9,2026-09-13,17,3,2026-09-29,Ladang Telur,2,30
2026-08-07,MM0009,Telur Gred A,10 biji,1,LN001911,9,2026-09-13,17,3,2026-09-29,Ladang Telur,2,30
2026-08-08,MM0009,Telur Gred A,10 biji,1,LN001912,9,2026-09-13,17,3,2026-09-29,Ladang Telur,2,30
2026-08-10,MM0009,Telur Gred A,10 biji,1,LN001913,9,2026-09-13,17,3,2026-09-29,Ladang Telur,2,30
2026-08-13,MM0009,Telur Gred A,10 biji,2,LN001914,9,2026-09-13,17,3,2026-09-29,Ladang Telur,2,30
2026-08-14,MM0009,Telur Gred A,10 biji,1,LN001915,9,2026-09-13,17,3,2026-09-29,Ladang Telur,2,30
2026-08-16,MM0009,Telur Gred A,10 biji,1,LN001916,9,2026-09-13,17,3,2026-09-29,Ladang Telur,2,30
2026-08-16,MM0009,Telur Gred A,10 biji,1,LN001917,9,2026-09-13,17,3,2026-09-29,Ladang Telur,2,30
2026-08-17,MM0009,Telur Gred A,10 biji,1,LN001918,9,2026-09-13,17,3,2026-09-29,Ladang Telur,2,30
2026-08-24,MM0009,Telur Gred A,10 biji,3,LN001919,9,2026-09-13,17,3,2026-09-29,Ladang Telur,2,30
2026-08-26,MM0009,Telur Gred A,10 biji,1,LN001920,9,2026-09-13,17,3,2026-09-29,Ladang Telur,2,30
2026-08-28,MM0009,Telur Gred A,10 biji,2,LN001921,9,2026-09-13,17,3,2026-09-29,Ladang Telur,2,30
2026-08-29,MM0009,Telur Gred A,10 biji,2,LN001922,9,2026-09-13,17,3,2026-09-29,Ladang Telur,2,30
2026-08-30,MM0009,Telur Gred A,10 biji,1,LN001923,9,2026-09-13,17,3,2026-09-29,Ladang Telur,2,30
2026-08-30,MM0009,Telur Gred A,10 biji,5,LN001924,9,2026-09-13,17,3,2026-09-29,Ladang Telur,2,30
2026-08-31,MM0009,Telur Gred A,10 biji,3,LN001925,9,2026-09-13,17,3,2026-09-29,Ladang Telur,2,30
2026-09-01,MM0009,Telur Gred A,10 biji,2,LN001926,9,2026-09-13,17,3,2026-09-29,Ladang Telur,2,30
2026-09-02,MM0009,Telur Gred A,10 biji,1,LN001927,9,2026-09-13,17,3,2026-09-29,Ladang Telur,2,30
2026-09-03,MM0009,Telur Gred A,10 biji,1,LN001928,9,2026-09-13,17,3,2026-09-29,Ladang Telur,2,30
2026-09-08,MM0009,Telur Gred A,10 biji,5,LN001929,9,2026-09-13,17,3,2026-09-29,Ladang Telur,2,30
2026-09-09,MM0009,Telur Gred A,10 biji,1,LN001930,9,2026-09-13,17,3,2026-09-29,Ladang Telur,2,30
2026-09-10,MM0009,Telur Gred A,10 biji,1,LN001931,9,2026-09-13,17,3,2026-09-29,Ladang Telur,2,30
2026-09-11,MM0009,Telur Gred A,10 biji,1,LN001932,9,2026-09-13,17,3,2026-09-29,Ladang Telur,2,30
2026-09-13,MM0009,Telur Gred A,10 biji,1,LN001933,9,2026-09-13,17,3,2026-09-29,Ladang Telur,2,30
2026-09-13,MM0009,Telur Gred A,10 biji,2,LN001934,9,2026-09-13,17,3,2026-09-29,Ladang Telur,2,30
2026-02-05,MM0010,Keropok Ikan,100 g,0,LN001935,1,2026-09-13,3,0,2027-01-13,Pembekal Segar,7,20
2026-02-09,MM0010,Keropok Ikan,100 g,1,LN001936,1,2026-09-13,3,0,2027-01-13,Pembekal Segar,7,20
2026-02-13,MM0010,Keropok Ikan,100 g,1,LN001937,1,2026-09-13,3,0,2027-01-13,Pembekal Segar,7,20
2026-02-15,MM0010,Keropok Ikan,100 g,1,LN001938,1,2026-09-13,3,0,2027-01-13,Pembekal Segar,7,20
2026-02-19,MM0010,Keropok Ikan,100 g,1,LN001939,1,2026-09-13,3,0,2027-01-13,Pembekal Segar,7,20
2026-02-26,MM0010,Keropok Ikan,100 g,0,LN001940,1,2026-09-13,3,0,2027-01-13,Pembekal Segar,7,20
2026-03-05,MM0010,Keropok Ikan,100 g,0,LN001941,1,2026-09-13,3,0,2027-01-13,Pembekal Segar,7,20
2026-03-09,MM0010,Keropok Ikan,100 g,1,LN001942,1,2026-09-13,3,0,2027-01-13,Pembekal Segar,7,20
2026-03-10,MM0010,Keropok Ikan,100 g,1,LN001943,1,2026-09-13,3,0,2027-01-13,Pembekal Segar,7,20
2026-03-13,MM0010,Keropok Ikan,100 g,1,LN001944,1,2026-09-13,3,0,2027-01-13,Pembekal Segar,7,20
2026-03-14,MM0010,Keropok Ikan,100 g,1,LN001945,1,2026-09-13,3,0,2027-01-13,Pembekal Segar,7,20
2026-03-19,MM0010,Keropok Ikan,100 g,0,LN001946,1,2026-09-13,3,0,2027-01-13,Pembekal Segar,7,20
2026-03-26,MM0010,Keropok Ikan,100 g,0,LN001947,1,2026-09-13,3,0,2027-01-13,Pembekal Segar,7,20
2026-04-02,MM0010,Keropok Ikan,100 g,0,LN001948,1,2026-09-13,3,0,2027-01-13,Pembekal Segar,7,20
2026-04-09,MM0010,Keropok Ikan,100 g,0,LN001949,1,2026-09-13,3,0,2027-01-13,Pembekal Segar,7,20
2026-04-16,MM0010,Keropok Ikan,100 g,0,LN001950,1,2026-09-13,3,0,2027-01-13,Pembekal Segar,7,20
2026-04-23,MM0010,Keropok Ikan,100 g,0,LN001951,1,2026-09-13,3,0,2027-01-13,Pembekal Segar,7,20
2026-04-30,MM0010,Keropok Ikan,100 g,0,LN001952,1,2026-09-13,3,0,2027-01-13,Pembekal Segar,7,20
2026-05-04,MM0010,Keropok Ikan,100 g,1,LN001953,1,2026-09-13,3,0,2027-01-13,Pembekal Segar,7,20
2026-05-14,MM0010,Keropok Ikan,100 g,0,LN001954,1,2026-09-13,3,0,2027-01-13,Pembekal Segar,7,20
2026-05-18,MM0010,Keropok Ikan,100 g,1,LN001955,1,2026-09-13,3,0,2027-01-13,Pembekal Segar,7,20
2026-05-27,MM0010,Keropok Ikan,100 g,1,LN001956,1,2026-09-13,3,0,2027-01-13,Pembekal Segar,7,20
2026-05-28,MM0010,Keropok Ikan,100 g,1,LN001957,1,2026-09-13,3,0,2027-01-13,Pembekal Segar,7,20
2026-06-04,MM0010,Keropok Ikan,100 g,0,LN001958,1,2026-09-13,3,0,2027-01-13,Pembekal Segar,7,20
2026-06-11,MM0010,Keropok Ikan,100 g,0,LN001959,1,2026-09-13,3,0,2027-01-13,Pembekal Segar,7,20
2026-06-18,MM0010,Keropok Ikan,100 g,0,LN001960,1,2026-09-13,3,0,2027-01-13,Pembekal Segar,7,20
2026-06-22,MM0010,Keropok Ikan,100 g,1,LN001961,1,2026-09-13,3,0,2027-01-13,Pembekal Segar,7,20
2026-06-23,MM0010,Keropok Ikan,100 g,1,LN001962,1,2026-09-13,3,0,2027-01-13,Pembekal Segar,7,20
2026-07-03,MM0010,Keropok Ikan,100 g,1,LN001963,1,2026-09-13,3,0,2027-01-13,Pembekal Segar,7,20
2026-07-04,MM0010,Keropok Ikan,100 g,1,LN001964,1,2026-09-13,3,0,2027-01-13,Pembekal Segar,7,20
2026-07-05,MM0010,Keropok Ikan,100 g,1,LN001965,1,2026-09-13,3,0,2027-01-13,Pembekal Segar,7,20
2026-07-09,MM0010,Keropok Ikan,100 g,0,LN001966,1,2026-09-13,3,0,2027-01-13,Pembekal Segar,7,20
2026-07-14,MM0010,Keropok Ikan,100 g,1,LN001967,1,2026-09-13,3,0,2027-01-13,Pembekal Segar,7,20
2026-07-15,MM0010,Keropok Ikan,100 g,1,LN001968,1,2026-09-13,3,0,2027-01-13,Pembekal Segar,7,20
2026-07-20,MM0010,Keropok Ikan,100 g,2,LN001969,1,2026-09-13,3,0,2027-01-13,Pembekal Segar,7,20
2026-07-21,MM0010,Keropok Ikan,100 g,1,LN001970,1,2026-09-13,3,0,2027-01-13,Pembekal Segar,7,20
2026-07-23,MM0010,Keropok Ikan,100 g,1,LN001971,1,2026-09-13,3,0,2027-01-13,Pembekal Segar,7,20
2026-07-24,MM0010,Keropok Ikan,100 g,1,LN001972,1,2026-09-13,3,0,2027-01-13,Pembekal Segar,7,20
2026-07-30,MM0010,Keropok Ikan,100 g,0,LN001973,1,2026-09-13,3,0,2027-01-13,Pembekal Segar,7,20
2026-08-06,MM0010,Keropok Ikan,100 g,0,LN001974,1,2026-09-13,3,0,2027-01-13,Pembekal Segar,7,20
2026-08-14,MM0010,Keropok Ikan,100 g,1,LN001975,1,2026-09-13,3,0,2027-01-13,Pembekal Segar,7,20
2026-08-16,MM0010,Keropok Ikan,100 g,1,LN001976,1,2026-09-13,3,0,2027-01-13,Pembekal Segar,7,20
2026-08-20,MM0010,Keropok Ikan,100 g,0,LN001977,1,2026-09-13,3,0,2027-01-13,Pembekal Segar,7,20
2026-08-27,MM0010,Keropok Ikan,100 g,0,LN001978,1,2026-09-13,3,0,2027-01-13,Pembekal Segar,7,20
2026-08-31,MM0010,Keropok Ikan,100 g,2,LN001979,1,2026-09-13,3,0,2027-01-13,Pembekal Segar,7,20
2026-09-01,MM0010,Keropok Ikan,100 g,1,LN001980,1,2026-09-13,3,0,2027-01-13,Pembekal Segar,7,20
2026-09-03,MM0010,Keropok Ikan,100 g,1,LN001981,1,2026-09-13,3,0,2027-01-13,Pembekal Segar,7,20
2026-09-10,MM0010,Keropok Ikan,100 g,0,LN001982,1,2026-09-13,3,0,2027-01-13,Pembekal Segar,7,20
2026-02-03,MM0011,Gula Halus,1 kg,1,LN001983,5,2026-09-09,8,0,,Kedai Borong Lim,5,20
2026-02-04,MM0011,Gula Halus,1 kg,1,LN001984,5,2026-09-09,8,0,,Kedai Borong Lim,5,20
2026-02-05,MM0011,Gula Halus,1 kg,1,LN001985,5,2026-09-09,8,0,,Kedai Borong Lim,5,20
2026-02-08,MM0011,Gula Halus,1 kg,1,LN001986,5,2026-09-09,8,0,,Kedai Borong Lim,5,20
2026-02-10,MM0011,Gula Halus,1 kg,1,LN001987,5,2026-09-09,8,0,,Kedai Borong Lim,5,20
2026-02-14,MM0011,Gula Halus,1 kg,1,LN001988,5,2026-09-09,8,0,,Kedai Borong Lim,5,20
2026-02-18,MM0011,Gula Halus,1 kg,1,LN001989,5,2026-09-09,8,0,,Kedai Borong Lim,5,20
2026-02-20,MM0011,Gula Halus,1 kg,1,LN001990,5,2026-09-09,8,0,,Kedai Borong Lim,5,20
2026-02-23,MM0011,Gula Halus,1 kg,1,LN001991,5,2026-09-09,8,0,,Kedai Borong Lim,5,20
2026-02-25,MM0011,Gula Halus,1 kg,1,LN001992,5,2026-09-09,8,0,,Kedai Borong Lim,5,20
2026-03-03,MM0011,Gula Halus,1 kg,1,LN001993,5,2026-09-09,8,0,,Kedai Borong Lim,5,20
2026-03-05,MM0011,Gula Halus,1 kg,1,LN001994,5,2026-09-09,8,0,,Kedai Borong Lim,5,20
2026-03-08,MM0011,Gula Halus,1 kg,1,LN001995,5,2026-09-09,8,0,,Kedai Borong Lim,5,20
2026-03-11,MM0011,Gula Halus,1 kg,1,LN001996,5,2026-09-09,8,0,,Kedai Borong Lim,5,20
2026-03-15,MM0011,Gula Halus,1 kg,1,LN001997,5,2026-09-09,8,0,,Kedai Borong Lim,5,20
2026-03-15,MM0011,Gula Halus,1 kg,1,LN001998,5,2026-09-09,8,0,,Kedai Borong Lim,5,20
2026-03-17,MM0011,Gula Halus,1 kg,2,LN001999,5,2026-09-09,8,0,,Kedai Borong Lim,5,20
2026-03-18,MM0011,Gula Halus,1 kg,1,LN002000,5,2026-09-09,8,0,,Kedai Borong Lim,5,20
2026-03-20,MM0011,Gula Halus,1 kg,1,LN002001,5,2026-09-09,8,0,,Kedai Borong Lim,5,20
2026-03-24,MM0011,Gula Halus,1 kg,1,LN002002,5,2026-09-09,8,0,,Kedai Borong Lim,5,20
2026-03-25,MM0011,Gula Halus,1 kg,1,LN002003,5,2026-09-09,8,0,,Kedai Borong Lim,5,20
2026-03-26,MM0011,Gula Halus,1 kg,1,LN002004,5,2026-09-09,8,0,,Kedai Borong Lim,5,20
2026-03-30,MM0011,Gula Halus,1 kg,1,LN002005,5,2026-09-09,8,0,,Kedai Borong Lim,5,20
2026-04-07,MM0011,Gula Halus,1 kg,2,LN002006,5,2026-09-09,8,0,,Kedai Borong Lim,5,20
2026-04-08,MM0011,Gula Halus,1 kg,1,LN002007,5,2026-09-09,8,0,,Kedai Borong Lim,5,20
2026-04-09,MM0011,Gula Halus,1 kg,1,LN002008,5,2026-09-09,8,0,,Kedai Borong Lim,5,20
2026-04-13,MM0011,Gula Halus,1 kg,1,LN002009,5,2026-09-09,8,0,,Kedai Borong Lim,5,20
2026-04-15,MM0011,Gula Halus,1 kg,2,LN002010,5,2026-09-09,8,0,,Kedai Borong Lim,5,20
2026-04-18,MM0011,Gula Halus,1 kg,1,LN002011,5,2026-09-09,8,0,,Kedai Borong Lim,5,20
2026-04-19,MM0011,Gula Halus,1 kg,1,LN002012,5,2026-09-09,8,0,,Kedai Borong Lim,5,20
2026-04-20,MM0011,Gula Halus,1 kg,1,LN002013,5,2026-09-09,8,0,,Kedai Borong Lim,5,20
2026-04-21,MM0011,Gula Halus,1 kg,1,LN002014,5,2026-09-09,8,0,,Kedai Borong Lim,5,20
2026-04-22,MM0011,Gula Halus,1 kg,1,LN002015,5,2026-09-09,8,0,,Kedai Borong Lim,5,20
2026-04-24,MM0011,Gula Halus,1 kg,1,LN002016,5,2026-09-09,8,0,,Kedai Borong Lim,5,20
2026-04-27,MM0011,Gula Halus,1 kg,4,LN002017,5,2026-09-09,8,0,,Kedai Borong Lim,5,20
2026-04-29,MM0011,Gula Halus,1 kg,1,LN002018,5,2026-09-09,8,0,,Kedai Borong Lim,5,20
2026-04-30,MM0011,Gula Halus,1 kg,1,LN002019,5,2026-09-09,8,0,,Kedai Borong Lim,5,20
2026-05-01,MM0011,Gula Halus,1 kg,1,LN002020,5,2026-09-09,8,0,,Kedai Borong Lim,5,20
2026-05-02,MM0011,Gula Halus,1 kg,1,LN002021,5,2026-09-09,8,0,,Kedai Borong Lim,5,20
2026-05-05,MM0011,Gula Halus,1 kg,1,LN002022,5,2026-09-09,8,0,,Kedai Borong Lim,5,20
2026-05-07,MM0011,Gula Halus,1 kg,1,LN002023,5,2026-09-09,8,0,,Kedai Borong Lim,5,20
2026-05-09,MM0011,Gula Halus,1 kg,1,LN002024,5,2026-09-09,8,0,,Kedai Borong Lim,5,20
2026-05-10,MM0011,Gula Halus,1 kg,1,LN002025,5,2026-09-09,8,0,,Kedai Borong Lim,5,20
2026-05-12,MM0011,Gula Halus,1 kg,1,LN002026,5,2026-09-09,8,0,,Kedai Borong Lim,5,20
2026-05-13,MM0011,Gula Halus,1 kg,1,LN002027,5,2026-09-09,8,0,,Kedai Borong Lim,5,20
2026-05-17,MM0011,Gula Halus,1 kg,1,LN002028,5,2026-09-09,8,0,,Kedai Borong Lim,5,20
2026-05-19,MM0011,Gula Halus,1 kg,1,LN002029,5,2026-09-09,8,0,,Kedai Borong Lim,5,20
2026-05-20,MM0011,Gula Halus,1 kg,1,LN002030,5,2026-09-09,8,0,,Kedai Borong Lim,5,20
2026-05-25,MM0011,Gula Halus,1 kg,2,LN002031,5,2026-09-09,8,0,,Kedai Borong Lim,5,20
2026-05-26,MM0011,Gula Halus,1 kg,1,LN002032,5,2026-09-09,8,0,,Kedai Borong Lim,5,20
2026-05-29,MM0011,Gula Halus,1 kg,1,LN002033,5,2026-09-09,8,0,,Kedai Borong Lim,5,20
2026-06-01,MM0011,Gula Halus,1 kg,1,LN002034,5,2026-09-09,8,0,,Kedai Borong Lim,5,20
2026-06-04,MM0011,Gula Halus,1 kg,1,LN002035,5,2026-09-09,8,0,,Kedai Borong Lim,5,20
2026-06-08,MM0011,Gula Halus,1 kg,1,LN002036,5,2026-09-09,8,0,,Kedai Borong Lim,5,20
2026-06-09,MM0011,Gula Halus,1 kg,1,LN002037,5,2026-09-09,8,0,,Kedai Borong Lim,5,20
2026-06-10,MM0011,Gula Halus,1 kg,1,LN002038,5,2026-09-09,8,0,,Kedai Borong Lim,5,20
2026-06-15,MM0011,Gula Halus,1 kg,1,LN002039,5,2026-09-09,8,0,,Kedai Borong Lim,5,20
2026-06-18,MM0011,Gula Halus,1 kg,1,LN002040,5,2026-09-09,8,0,,Kedai Borong Lim,5,20
2026-06-19,MM0011,Gula Halus,1 kg,1,LN002041,5,2026-09-09,8,0,,Kedai Borong Lim,5,20
2026-06-21,MM0011,Gula Halus,1 kg,1,LN002042,5,2026-09-09,8,0,,Kedai Borong Lim,5,20
2026-06-23,MM0011,Gula Halus,1 kg,1,LN002043,5,2026-09-09,8,0,,Kedai Borong Lim,5,20
2026-06-26,MM0011,Gula Halus,1 kg,1,LN002044,5,2026-09-09,8,0,,Kedai Borong Lim,5,20
2026-06-27,MM0011,Gula Halus,1 kg,1,LN002045,5,2026-09-09,8,0,,Kedai Borong Lim,5,20
2026-06-29,MM0011,Gula Halus,1 kg,2,LN002046,5,2026-09-09,8,0,,Kedai Borong Lim,5,20
2026-06-30,MM0011,Gula Halus,1 kg,1,LN002047,5,2026-09-09,8,0,,Kedai Borong Lim,5,20
2026-07-01,MM0011,Gula Halus,1 kg,1,LN002048,5,2026-09-09,8,0,,Kedai Borong Lim,5,20
2026-07-08,MM0011,Gula Halus,1 kg,1,LN002049,5,2026-09-09,8,0,,Kedai Borong Lim,5,20
2026-07-10,MM0011,Gula Halus,1 kg,1,LN002050,5,2026-09-09,8,0,,Kedai Borong Lim,5,20
2026-07-11,MM0011,Gula Halus,1 kg,1,LN002051,5,2026-09-09,8,0,,Kedai Borong Lim,5,20
2026-07-13,MM0011,Gula Halus,1 kg,1,LN002052,5,2026-09-09,8,0,,Kedai Borong Lim,5,20
2026-07-14,MM0011,Gula Halus,1 kg,1,LN002053,5,2026-09-09,8,0,,Kedai Borong Lim,5,20
2026-07-28,MM0011,Gula Halus,1 kg,1,LN002054,5,2026-09-09,8,0,,Kedai Borong Lim,5,20
2026-07-30,MM0011,Gula Halus,1 kg,2,LN002055,5,2026-09-09,8,0,,Kedai Borong Lim,5,20
2026-08-01,MM0011,Gula Halus,1 kg,1,LN002056,5,2026-09-09,8,0,,Kedai Borong Lim,5,20
2026-08-02,MM0011,Gula Halus,1 kg,1,LN002057,5,2026-09-09,8,0,,Kedai Borong Lim,5,20
2026-08-03,MM0011,Gula Halus,1 kg,1,LN002058,5,2026-09-09,8,0,,Kedai Borong Lim,5,20
2026-08-05,MM0011,Gula Halus,1 kg,1,LN002059,5,2026-09-09,8,0,,Kedai Borong Lim,5,20
2026-08-10,MM0011,Gula Halus,1 kg,2,LN002060,5,2026-09-09,8,0,,Kedai Borong Lim,5,20
2026-08-11,MM0011,Gula Halus,1 kg,1,LN002061,5,2026-09-09,8,0,,Kedai Borong Lim,5,20
2026-08-12,MM0011,Gula Halus,1 kg,1,LN002062,5,2026-09-09,8,0,,Kedai Borong Lim,5,20
2026-08-20,MM0011,Gula Halus,1 kg,1,LN002063,5,2026-09-09,8,0,,Kedai Borong Lim,5,20
2026-08-21,MM0011,Gula Halus,1 kg,1,LN002064,5,2026-09-09,8,0,,Kedai Borong Lim,5,20
2026-08-24,MM0011,Gula Halus,1 kg,1,LN002065,5,2026-09-09,8,0,,Kedai Borong Lim,5,20
2026-08-25,MM0011,Gula Halus,1 kg,1,LN002066,5,2026-09-09,8,0,,Kedai Borong Lim,5,20
2026-08-28,MM0011,Gula Halus,1 kg,1,LN002067,5,2026-09-09,8,0,,Kedai Borong Lim,5,20
2026-08-30,MM0011,Gula Halus,1 kg,1,LN002068,5,2026-09-09,8,0,,Kedai Borong Lim,5,20
2026-09-03,MM0011,Gula Halus,1 kg,2,LN002069,5,2026-09-09,8,0,,Kedai Borong Lim,5,20
2026-09-04,MM0011,Gula Halus,1 kg,1,LN002070,5,2026-09-09,8,0,,Kedai Borong Lim,5,20
2026-09-05,MM0011,Gula Halus,1 kg,1,LN002071,5,2026-09-09,8,0,,Kedai Borong Lim,5,20
2026-09-07,MM0011,Gula Halus,1 kg,2,LN002072,5,2026-09-09,8,0,,Kedai Borong Lim,5,20
2026-09-08,MM0011,Gula Halus,1 kg,1,LN002073,5,2026-09-09,8,0,,Kedai Borong Lim,5,20
2026-09-11,MM0011,Gula Halus,1 kg,1,LN002074,5,2026-09-09,8,0,,Kedai Borong Lim,5,20
2026-02-02,MM0012,Susu Cair Sejat,390 g,1,LN002075,5,2026-09-09,10,2,2026-10-10,Syarikat Aminah,3,24
2026-02-04,MM0012,Susu Cair Sejat,390 g,2,LN002076,5,2026-09-09,10,2,2026-10-10,Syarikat Aminah,3,24
2026-02-08,MM0012,Susu Cair Sejat,390 g,1,LN002077,5,2026-09-09,10,2,2026-10-10,Syarikat Aminah,3,24
2026-02-08,MM0012,Susu Cair Sejat,390 g,2,LN002078,5,2026-09-09,10,2,2026-10-10,Syarikat Aminah,3,24
2026-02-09,MM0012,Susu Cair Sejat,390 g,1,LN002079,5,2026-09-09,10,2,2026-10-10,Syarikat Aminah,3,24
2026-02-10,MM0012,Susu Cair Sejat,390 g,1,LN002080,5,2026-09-09,10,2,2026-10-10,Syarikat Aminah,3,24
2026-02-11,MM0012,Susu Cair Sejat,390 g,1,LN002081,5,2026-09-09,10,2,2026-10-10,Syarikat Aminah,3,24
2026-02-13,MM0012,Susu Cair Sejat,390 g,1,LN002082,5,2026-09-09,10,2,2026-10-10,Syarikat Aminah,3,24
2026-02-17,MM0012,Susu Cair Sejat,390 g,1,LN002083,5,2026-09-09,10,2,2026-10-10,Syarikat Aminah,3,24
2026-02-18,MM0012,Susu Cair Sejat,390 g,1,LN002084,5,2026-09-09,10,2,2026-10-10,Syarikat Aminah,3,24
2026-02-22,MM0012,Susu Cair Sejat,390 g,1,LN002085,5,2026-09-09,10,2,2026-10-10,Syarikat Aminah,3,24
2026-02-23,MM0012,Susu Cair Sejat,390 g,2,LN002086,5,2026-09-09,10,2,2026-10-10,Syarikat Aminah,3,24
2026-02-24,MM0012,Susu Cair Sejat,390 g,2,LN002087,5,2026-09-09,10,2,2026-10-10,Syarikat Aminah,3,24
2026-02-25,MM0012,Susu Cair Sejat,390 g,1,LN002088,5,2026-09-09,10,2,2026-10-10,Syarikat Aminah,3,24
2026-02-26,MM0012,Susu Cair Sejat,390 g,1,LN002089,5,2026-09-09,10,2,2026-10-10,Syarikat Aminah,3,24
2026-03-02,MM0012,Susu Cair Sejat,390 g,2,LN002090,5,2026-09-09,10,2,2026-10-10,Syarikat Aminah,3,24
2026-03-04,MM0012,Susu Cair Sejat,390 g,1,LN002091,5,2026-09-09,10,2,2026-10-10,Syarikat Aminah,3,24
2026-03-05,MM0012,Susu Cair Sejat,390 g,1,LN002092,5,2026-09-09,10,2,2026-10-10,Syarikat Aminah,3,24
2026-03-06,MM0012,Susu Cair Sejat,390 g,1,LN002093,5,2026-09-09,10,2,2026-10-10,Syarikat Aminah,3,24
2026-03-07,MM0012,Susu Cair Sejat,390 g,1,LN002094,5,2026-09-09,10,2,2026-10-10,Syarikat Aminah,3,24
2026-03-09,MM0012,Susu Cair Sejat,390 g,1,LN002095,5,2026-09-09,10,2,2026-10-10,Syarikat Aminah,3,24
2026-03-12,MM0012,Susu Cair Sejat,390 g,1,LN002096,5,2026-09-09,10,2,2026-10-10,Syarikat Aminah,3,24
2026-03-13,MM0012,Susu Cair Sejat,390 g,1,LN002097,5,2026-09-09,10,2,2026-10-10,Syarikat Aminah,3,24
2026-03-17,MM0012,Susu Cair Sejat,390 g,1,LN002098,5,2026-09-09,10,2,2026-10-10,Syarikat Aminah,3,24
2026-03-18,MM0012,Susu Cair Sejat,390 g,1,LN002099,5,2026-09-09,10,2,2026-10-10,Syarikat Aminah,3,24
2026-03-23,MM0012,Susu Cair Sejat,390 g,2,LN002100,5,2026-09-09,10,2,2026-10-10,Syarikat Aminah,3,24
2026-03-25,MM0012,Susu Cair Sejat,390 g,1,LN002101,5,2026-09-09,10,2,2026-10-10,Syarikat Aminah,3,24
2026-03-26,MM0012,Susu Cair Sejat,390 g,1,LN002102,5,2026-09-09,10,2,2026-10-10,Syarikat Aminah,3,24
2026-03-30,MM0012,Susu Cair Sejat,390 g,1,LN002103,5,2026-09-09,10,2,2026-10-10,Syarikat Aminah,3,24
2026-03-31,MM0012,Susu Cair Sejat,390 g,1,LN002104,5,2026-09-09,10,2,2026-10-10,Syarikat Aminah,3,24
2026-04-06,MM0012,Susu Cair Sejat,390 g,2,LN002105,5,2026-09-09,10,2,2026-10-10,Syarikat Aminah,3,24
2026-04-07,MM0012,Susu Cair Sejat,390 g,1,LN002106,5,2026-09-09,10,2,2026-10-10,Syarikat Aminah,3,24
2026-04-08,MM0012,Susu Cair Sejat,390 g,1,LN002107,5,2026-09-09,10,2,2026-10-10,Syarikat Aminah,3,24
2026-04-10,MM0012,Susu Cair Sejat,390 g,1,LN002108,5,2026-09-09,10,2,2026-10-10,Syarikat Aminah,3,24
2026-04-13,MM0012,Susu Cair Sejat,390 g,1,LN002109,5,2026-09-09,10,2,2026-10-10,Syarikat Aminah,3,24
2026-04-14,MM0012,Susu Cair Sejat,390 g,1,LN002110,5,2026-09-09,10,2,2026-10-10,Syarikat Aminah,3,24
2026-04-16,MM0012,Susu Cair Sejat,390 g,1,LN002111,5,2026-09-09,10,2,2026-10-10,Syarikat Aminah,3,24
2026-04-18,MM0012,Susu Cair Sejat,390 g,1,LN002112,5,2026-09-09,10,2,2026-10-10,Syarikat Aminah,3,24
2026-04-20,MM0012,Susu Cair Sejat,390 g,2,LN002113,5,2026-09-09,10,2,2026-10-10,Syarikat Aminah,3,24
2026-04-22,MM0012,Susu Cair Sejat,390 g,1,LN002114,5,2026-09-09,10,2,2026-10-10,Syarikat Aminah,3,24
2026-04-23,MM0012,Susu Cair Sejat,390 g,1,LN002115,5,2026-09-09,10,2,2026-10-10,Syarikat Aminah,3,24
2026-04-24,MM0012,Susu Cair Sejat,390 g,1,LN002116,5,2026-09-09,10,2,2026-10-10,Syarikat Aminah,3,24
2026-04-27,MM0012,Susu Cair Sejat,390 g,2,LN002117,5,2026-09-09,10,2,2026-10-10,Syarikat Aminah,3,24
2026-04-28,MM0012,Susu Cair Sejat,390 g,1,LN002118,5,2026-09-09,10,2,2026-10-10,Syarikat Aminah,3,24
2026-05-01,MM0012,Susu Cair Sejat,390 g,1,LN002119,5,2026-09-09,10,2,2026-10-10,Syarikat Aminah,3,24
2026-05-04,MM0012,Susu Cair Sejat,390 g,2,LN002120,5,2026-09-09,10,2,2026-10-10,Syarikat Aminah,3,24
2026-05-05,MM0012,Susu Cair Sejat,390 g,1,LN002121,5,2026-09-09,10,2,2026-10-10,Syarikat Aminah,3,24
2026-05-10,MM0012,Susu Cair Sejat,390 g,1,LN002122,5,2026-09-09,10,2,2026-10-10,Syarikat Aminah,3,24
2026-05-10,MM0012,Susu Cair Sejat,390 g,1,LN002123,5,2026-09-09,10,2,2026-10-10,Syarikat Aminah,3,24
2026-05-16,MM0012,Susu Cair Sejat,390 g,1,LN002124,5,2026-09-09,10,2,2026-10-10,Syarikat Aminah,3,24
2026-05-17,MM0012,Susu Cair Sejat,390 g,1,LN002125,5,2026-09-09,10,2,2026-10-10,Syarikat Aminah,3,24
2026-05-17,MM0012,Susu Cair Sejat,390 g,1,LN002126,5,2026-09-09,10,2,2026-10-10,Syarikat Aminah,3,24
2026-05-18,MM0012,Susu Cair Sejat,390 g,1,LN002127,5,2026-09-09,10,2,2026-10-10,Syarikat Aminah,3,24
2026-05-19,MM0012,Susu Cair Sejat,390 g,2,LN002128,5,2026-09-09,10,2,2026-10-10,Syarikat Aminah,3,24
2026-05-20,MM0012,Susu Cair Sejat,390 g,1,LN002129,5,2026-09-09,10,2,2026-10-10,Syarikat Aminah,3,24
2026-05-24,MM0012,Susu Cair Sejat,390 g,1,LN002130,5,2026-09-09,10,2,2026-10-10,Syarikat Aminah,3,24
2026-05-25,MM0012,Susu Cair Sejat,390 g,1,LN002131,5,2026-09-09,10,2,2026-10-10,Syarikat Aminah,3,24
2026-05-26,MM0012,Susu Cair Sejat,390 g,3,LN002132,5,2026-09-09,10,2,2026-10-10,Syarikat Aminah,3,24
2026-05-27,MM0012,Susu Cair Sejat,390 g,1,LN002133,5,2026-09-09,10,2,2026-10-10,Syarikat Aminah,3,24
2026-05-28,MM0012,Susu Cair Sejat,390 g,1,LN002134,5,2026-09-09,10,2,2026-10-10,Syarikat Aminah,3,24
2026-05-30,MM0012,Susu Cair Sejat,390 g,1,LN002135,5,2026-09-09,10,2,2026-10-10,Syarikat Aminah,3,24
2026-06-01,MM0012,Susu Cair Sejat,390 g,1,LN002136,5,2026-09-09,10,2,2026-10-10,Syarikat Aminah,3,24
2026-06-02,MM0012,Susu Cair Sejat,390 g,1,LN002137,5,2026-09-09,10,2,2026-10-10,Syarikat Aminah,3,24
2026-06-13,MM0012,Susu Cair Sejat,390 g,1,LN002138,5,2026-09-09,10,2,2026-10-10,Syarikat Aminah,3,24
2026-06-14,MM0012,Susu Cair Sejat,390 g,1,LN002139,5,2026-09-09,10,2,2026-10-10,Syarikat Aminah,3,24
2026-06-14,MM0012,Susu Cair Sejat,390 g,1,LN002140,5,2026-09-09,10,2,2026-10-10,Syarikat Aminah,3,24
2026-06-17,MM0012,Susu Cair Sejat,390 g,1,LN002141,5,2026-09-09,10,2,2026-10-10,Syarikat Aminah,3,24
2026-06-18,MM0012,Susu Cair Sejat,390 g,1,LN002142,5,2026-09-09,10,2,2026-10-10,Syarikat Aminah,3,24
2026-06-20,MM0012,Susu Cair Sejat,390 g,1,LN002143,5,2026-09-09,10,2,2026-10-10,Syarikat Aminah,3,24
2026-06-24,MM0012,Susu Cair Sejat,390 g,1,LN002144,5,2026-09-09,10,2,2026-10-10,Syarikat Aminah,3,24
2026-06-26,MM0012,Susu Cair Sejat,390 g,1,LN002145,5,2026-09-09,10,2,2026-10-10,Syarikat Aminah,3,24
2026-06-27,MM0012,Susu Cair Sejat,390 g,1,LN002146,5,2026-09-09,10,2,2026-10-10,Syarikat Aminah,3,24
2026-06-28,MM0012,Susu Cair Sejat,390 g,1,LN002147,5,2026-09-09,10,2,2026-10-10,Syarikat Aminah,3,24
2026-06-29,MM0012,Susu Cair Sejat,390 g,3,LN002148,5,2026-09-09,10,2,2026-10-10,Syarikat Aminah,3,24
2026-06-30,MM0012,Susu Cair Sejat,390 g,2,LN002149,5,2026-09-09,10,2,2026-10-10,Syarikat Aminah,3,24
2026-07-01,MM0012,Susu Cair Sejat,390 g,1,LN002150,5,2026-09-09,10,2,2026-10-10,Syarikat Aminah,3,24
2026-07-03,MM0012,Susu Cair Sejat,390 g,1,LN002151,5,2026-09-09,10,2,2026-10-10,Syarikat Aminah,3,24
2026-07-06,MM0012,Susu Cair Sejat,390 g,2,LN002152,5,2026-09-09,10,2,2026-10-10,Syarikat Aminah,3,24
2026-07-09,MM0012,Susu Cair Sejat,390 g,1,LN002153,5,2026-09-09,10,2,2026-10-10,Syarikat Aminah,3,24
2026-07-11,MM0012,Susu Cair Sejat,390 g,2,LN002154,5,2026-09-09,10,2,2026-10-10,Syarikat Aminah,3,24
2026-07-12,MM0012,Susu Cair Sejat,390 g,1,LN002155,5,2026-09-09,10,2,2026-10-10,Syarikat Aminah,3,24
2026-07-12,MM0012,Susu Cair Sejat,390 g,1,LN002156,5,2026-09-09,10,2,2026-10-10,Syarikat Aminah,3,24
2026-07-13,MM0012,Susu Cair Sejat,390 g,1,LN002157,5,2026-09-09,10,2,2026-10-10,Syarikat Aminah,3,24
2026-07-14,MM0012,Susu Cair Sejat,390 g,1,LN002158,5,2026-09-09,10,2,2026-10-10,Syarikat Aminah,3,24
2026-07-17,MM0012,Susu Cair Sejat,390 g,1,LN002159,5,2026-09-09,10,2,2026-10-10,Syarikat Aminah,3,24
2026-07-18,MM0012,Susu Cair Sejat,390 g,1,LN002160,5,2026-09-09,10,2,2026-10-10,Syarikat Aminah,3,24
2026-07-20,MM0012,Susu Cair Sejat,390 g,2,LN002161,5,2026-09-09,10,2,2026-10-10,Syarikat Aminah,3,24
2026-07-23,MM0012,Susu Cair Sejat,390 g,1,LN002162,5,2026-09-09,10,2,2026-10-10,Syarikat Aminah,3,24
2026-07-24,MM0012,Susu Cair Sejat,390 g,1,LN002163,5,2026-09-09,10,2,2026-10-10,Syarikat Aminah,3,24
2026-07-25,MM0012,Susu Cair Sejat,390 g,1,LN002164,5,2026-09-09,10,2,2026-10-10,Syarikat Aminah,3,24
2026-07-28,MM0012,Susu Cair Sejat,390 g,1,LN002165,5,2026-09-09,10,2,2026-10-10,Syarikat Aminah,3,24
2026-07-29,MM0012,Susu Cair Sejat,390 g,2,LN002166,5,2026-09-09,10,2,2026-10-10,Syarikat Aminah,3,24
2026-08-02,MM0012,Susu Cair Sejat,390 g,1,LN002167,5,2026-09-09,10,2,2026-10-10,Syarikat Aminah,3,24
2026-08-02,MM0012,Susu Cair Sejat,390 g,1,LN002168,5,2026-09-09,10,2,2026-10-10,Syarikat Aminah,3,24
2026-08-03,MM0012,Susu Cair Sejat,390 g,1,LN002169,5,2026-09-09,10,2,2026-10-10,Syarikat Aminah,3,24
2026-08-04,MM0012,Susu Cair Sejat,390 g,1,LN002170,5,2026-09-09,10,2,2026-10-10,Syarikat Aminah,3,24
2026-08-12,MM0012,Susu Cair Sejat,390 g,1,LN002171,5,2026-09-09,10,2,2026-10-10,Syarikat Aminah,3,24
2026-08-13,MM0012,Susu Cair Sejat,390 g,1,LN002172,5,2026-09-09,10,2,2026-10-10,Syarikat Aminah,3,24
2026-08-15,MM0012,Susu Cair Sejat,390 g,1,LN002173,5,2026-09-09,10,2,2026-10-10,Syarikat Aminah,3,24
2026-08-16,MM0012,Susu Cair Sejat,390 g,1,LN002174,5,2026-09-09,10,2,2026-10-10,Syarikat Aminah,3,24
2026-08-16,MM0012,Susu Cair Sejat,390 g,1,LN002175,5,2026-09-09,10,2,2026-10-10,Syarikat Aminah,3,24
2026-08-17,MM0012,Susu Cair Sejat,390 g,1,LN002176,5,2026-09-09,10,2,2026-10-10,Syarikat Aminah,3,24
2026-08-18,MM0012,Susu Cair Sejat,390 g,1,LN002177,5,2026-09-09,10,2,2026-10-10,Syarikat Aminah,3,24
2026-08-19,MM0012,Susu Cair Sejat,390 g,1,LN002178,5,2026-09-09,10,2,2026-10-10,Syarikat Aminah,3,24
2026-08-21,MM0012,Susu Cair Sejat,390 g,1,LN002179,5,2026-09-09,10,2,2026-10-10,Syarikat Aminah,3,24
2026-08-24,MM0012,Susu Cair Sejat,390 g,1,LN002180,5,2026-09-09,10,2,2026-10-10,Syarikat Aminah,3,24
2026-08-28,MM0012,Susu Cair Sejat,390 g,1,LN002181,5,2026-09-09,10,2,2026-10-10,Syarikat Aminah,3,24
2026-08-31,MM0012,Susu Cair Sejat,390 g,1,LN002182,5,2026-09-09,10,2,2026-10-10,Syarikat Aminah,3,24
2026-09-02,MM0012,Susu Cair Sejat,390 g,1,LN002183,5,2026-09-09,10,2,2026-10-10,Syarikat Aminah,3,24
2026-09-07,MM0012,Susu Cair Sejat,390 g,2,LN002184,5,2026-09-09,10,2,2026-10-10,Syarikat Aminah,3,24
2026-09-08,MM0012,Susu Cair Sejat,390 g,2,LN002185,5,2026-09-09,10,2,2026-10-10,Syarikat Aminah,3,24
2026-09-10,MM0012,Susu Cair Sejat,390 g,1,LN002186,5,2026-09-09,10,2,2026-10-10,Syarikat Aminah,3,24
2026-09-11,MM0012,Susu Cair Sejat,390 g,1,LN002187,5,2026-09-09,10,2,2026-10-10,Syarikat Aminah,3,24
2026-09-13,MM0012,Susu Cair Sejat,390 g,1,LN002188,5,2026-09-09,10,2,2026-10-10,Syarikat Aminah,3,24
2026-07-22,MM0020,Biskut Kering,200 g,3,SMP-GAP-001,9,2026-09-12,,,2026-10-25,Pembekal Segar,7,12
2026-07-29,MM0020,Biskut Kering,200 g,3,SMP-GAP-002,9,2026-09-12,,,2026-10-25,Pembekal Segar,7,12
2026-08-05,MM0020,Biskut Kering,200 g,3,SMP-GAP-003,9,2026-09-12,,,2026-10-25,Pembekal Segar,7,12
2026-08-12,MM0020,Biskut Kering,200 g,3,SMP-GAP-004,9,2026-09-12,,,2026-10-25,Pembekal Segar,7,12
2026-08-26,MM0020,Biskut Kering,200 g,3,SMP-GAP-005,9,2026-09-12,,,2026-10-25,Pembekal Segar,7,12
2026-09-02,MM0020,Biskut Kering,200 g,3,SMP-GAP-006,9,2026-09-12,,,2026-10-25,Pembekal Segar,7,12
2026-09-09,MM0020,Biskut Kering,200 g,3,SMP-GAP-007,9,2026-09-12,,,2026-10-25,Pembekal Segar,7,12
2026-13-45,MM0001,Kopi O Kaw 2in1,10 sachets,2,SMP-BAD-001,7,2026-09-12,,,,Syarikat Aminah,3,12
04/05/2026,MM0002,Milo 3in1,15 sticks,2,SMP-BAD-002,8,2026-09-12,,,,Syarikat Aminah,3,12
2025-08-11,MM0001,Kopi O Kaw 2in1,10 sachets,2,SMP-OCW-001,7,2026-09-12,,,,Syarikat Aminah,3,12
2026-09-15,MM0001,Kopi O Kaw 2in1,10 sachets,3,SMP-TODAY-001,7,2026-09-12,,,,Syarikat Aminah,3,12
2026-10-02,MM0002,Milo 3in1,15 sticks,2,SMP-FUT-001,8,2026-09-12,,,,Syarikat Aminah,3,12
2026-08-06,MM0012,Susu Cair Sejat,390 g,minus-three,SMP-QTY-001,5,2026-09-09,,,,Syarikat Aminah,3,12
2026-08-06,MM0012,Susu Cair Sejat,390 g,-4,SMP-QTY-002,5,2026-09-09,,,,Syarikat Aminah,3,12
2026-08-06,MM0010,Keropok Ikan,100 g,0,SMP-ZERO-001,1,2026-09-13,,,,Syarikat Aminah,3,12
2026-08-06,,,,2,SMP-NOPROD-001,,2026-09-12,,,,Syarikat Aminah,3,12
2026-08-06,  MM0031  ,Kicap Manis,700 ml,2,SMP-WS-001,12,2026-09-12,,,,Syarikat Aminah,3,12
2026-08-06,MM0023,,250 g,2,SMP-NODESC-001,9,2026-09-12,,,,Syarikat Aminah,3,12
2026-08-06,MM0027,Mi Segera,5 packs,3,SMP-DUP-001,10,2026-09-12,,,,Syarikat Aminah,3,12
2026-08-06,MM0027,Mi Segera,5 packs,3,SMP-DUP-001,10,2026-09-12,,,,Syarikat Aminah,3,12
2026-08-06,mm0031,Kicap Manis,700 ml,2,SMP-CASE-001,12,2026-09-12,,,,Syarikat Aminah,3,12
2026-08-06,007,Ubat Gigi,150 g,2,SMP-ZERO-PAD-001,8,2026-09-12,,,,Syarikat Aminah,3,12
2026-08-06,7,Ubat Gigi,150 g,2,SMP-NUMCELL-001,8,2026-09-12,,,,Syarikat Aminah,3,12
2026-08-06,MM0001,Kopi O Kaw 2in1,10 sachets,2,,7,2026-09-12,,,,Syarikat Aminah,3,12
2026-08-06,MM0050,Coklat Batang,50 g bar,2,SMP-PACK-001,11,2026-09-12,,,,Syarikat Aminah,3,12
2026-08-06,MM0050,Coklat Batang,100 g bar,2,SMP-PACK-002,11,2026-09-12,,,,Syarikat Aminah,3,12
2026-08-06,MM0031,Kicap Manis,700 ml,2300,SMP-UNIT-001,12,2026-09-12,,,,Syarikat Aminah,3,12
2026-08-06,MM0065,Air Mineral,1.5 l,240,SMP-BULK-001,40,2026-09-12,,,,Syarikat Aminah,3,12
2026-08-06,SVC-BAG,Beg Plastik,each,1,SMP-SVC-001,,2026-09-12,,,,Syarikat Aminah,3,12
2026-08-06,MM0029,Sabun Cuci,1 l,2,SMP-NEGSTK-001,-6,2026-09-12,,,,Syarikat Aminah,3,12
2026-08-06,MM0030,Berus Gigi,each,2,SMP-NODATE-001,6,,,,,Syarikat Aminah,3,12
2026-08-06,MM0022,Tepung Gandum,1 kg,2,SMP-BADSTK-001,many,2026-09-12,,,,Syarikat Aminah,3,12
2026-08-06,MM0023,Gula Merah,250 g,2,SMP-CONF-001,25,2026-09-12,,,,Syarikat Aminah,3,12
2026-08-06,MM0023,Gula Merah,250 g,2,SMP-CONF-002,9,2026-09-12,,,,Syarikat Aminah,3,12
2026-08-06,MM0024,Serbuk Kari,80 g,2,SMP-NOSTK-001,,2026-09-12,,,,Syarikat Aminah,3,12
2026-08-06,MM0025,Cuka Masak,750 ml,2,SMP-FUTSTK-001,14,2026-09-21,,,,Syarikat Aminah,3,12
2026-08-06,MM0026,Garam Halus,1 kg,2,SMP-STALE-001,16,2026-08-16,,,,Syarikat Aminah,3,12
2026-08-06,MM0028,Minyak Masak,1 kg,2,SMP-BADEXP-001,13,2026-09-12,,,not a date,Syarikat Aminah,3,12
